; Diane Spirograph — Outline G-code
; Food Printing assignment
;
; MULTI-INGREDIENT SPIROGRAPH:
;   Outline: solid base (layer 1) + outer spirograph wall (layers 2+)
;   Fill   : scaled interior spirograph rings (second material)
;
; Wall layers: 8
; Layer height: 1.0 mm
; Base Z: 5.50 mm
; Wall top Z: 13.50 mm
; Epitrochoid: R=18.0, r=3.0, d=5.0
; Loops: 6  |  Revolutions: 1
; Outer radius: 26.0 mm
; Center: (100, 100)
; Print speed: 800 mm/min
; Extrusion mult: 0.025
; Layer 1=solid spirograph base  |  Layers 2+= outer spirograph wall

; === INITIALIZATION ===
G21              ; Set units to millimeters
G90              ; Absolute positioning
M82              ; Absolute extrusion mode
G28              ; Home all axes

; === LAYER 1 — SOLID SPIROGRAPH BASE  (Z=5.50 mm) ===
G1 Z25.50 F600   ; Initial safe Z-hop over wall
G1 X101.231 Y100.000 F1200   ; Safe travel → base curve 1 (scale=0.077) rep 1/5
G1 Z5.50 F300   ; Lower to Z
G1 X101.233 Y99.981 E0.0005 F800
G1 X101.241 Y99.963 E0.0010 F800
G1 X101.254 Y99.947 E0.0015 F800
G1 X101.272 Y99.932 E0.0021 F800
G1 X101.294 Y99.920 E0.0027 F800
G1 X101.321 Y99.911 E0.0034 F800
G1 X101.351 Y99.907 E0.0042 F800
G1 X101.385 Y99.906 E0.0050 F800
G1 X101.421 Y99.910 E0.0059 F800
G1 X101.459 Y99.919 E0.0069 F800
G1 X101.499 Y99.933 E0.0080 F800
G1 X101.540 Y99.953 E0.0091 F800
G1 X101.581 Y99.979 E0.0103 F800
G1 X101.621 Y100.010 E0.0116 F800
G1 X101.660 Y100.047 E0.0129 F800
G1 X101.697 Y100.089 E0.0143 F800
G1 X101.731 Y100.136 E0.0158 F800
G1 X101.762 Y100.188 E0.0173 F800
G1 X101.790 Y100.245 E0.0189 F800
G1 X101.813 Y100.305 E0.0205 F800
G1 X101.831 Y100.369 E0.0221 F800
G1 X101.843 Y100.437 E0.0238 F800
G1 X101.851 Y100.506 E0.0256 F800
G1 X101.852 Y100.577 E0.0274 F800
G1 X101.847 Y100.649 E0.0292 F800
G1 X101.836 Y100.722 E0.0310 F800
G1 X101.819 Y100.794 E0.0329 F800
G1 X101.796 Y100.864 E0.0347 F800
G1 X101.767 Y100.933 E0.0366 F800
G1 X101.732 Y101.000 E0.0385 F800
G1 X101.692 Y101.063 E0.0404 F800
G1 X101.647 Y101.123 E0.0422 F800
G1 X101.597 Y101.179 E0.0441 F800
G1 X101.543 Y101.229 E0.0459 F800
G1 X101.486 Y101.275 E0.0478 F800
G1 X101.426 Y101.315 E0.0496 F800
G1 X101.363 Y101.350 E0.0514 F800
G1 X101.300 Y101.378 E0.0531 F800
G1 X101.235 Y101.401 E0.0548 F800
G1 X101.171 Y101.417 E0.0565 F800
G1 X101.107 Y101.428 E0.0581 F800
G1 X101.044 Y101.432 E0.0597 F800
G1 X100.983 Y101.431 E0.0612 F800
G1 X100.925 Y101.425 E0.0626 F800
G1 X100.870 Y101.414 E0.0640 F800
G1 X100.819 Y101.399 E0.0654 F800
G1 X100.772 Y101.380 E0.0667 F800
G1 X100.730 Y101.357 E0.0679 F800
G1 X100.692 Y101.332 E0.0690 F800
G1 X100.660 Y101.304 E0.0700 F800
G1 X100.633 Y101.276 E0.0710 F800
G1 X100.611 Y101.246 E0.0719 F800
G1 X100.595 Y101.217 E0.0728 F800
G1 X100.584 Y101.188 E0.0736 F800
G1 X100.578 Y101.161 E0.0743 F800
G1 X100.577 Y101.135 E0.0749 F800
G1 X100.581 Y101.113 E0.0755 F800
G1 X100.589 Y101.093 E0.0760 F800
G1 X100.601 Y101.077 E0.0765 F800
G1 X100.615 Y101.066 E0.0769 F800
G1 X100.633 Y101.059 E0.0774 F800
G1 X100.652 Y101.057 E0.0779 F800
G1 X100.673 Y101.059 E0.0784 F800
G1 X100.695 Y101.068 E0.0790 F800
G1 X100.716 Y101.081 E0.0796 F800
G1 X100.737 Y101.100 E0.0803 F800
G1 X100.756 Y101.123 E0.0811 F800
G1 X100.774 Y101.152 E0.0819 F800
G1 X100.788 Y101.186 E0.0829 F800
G1 X100.800 Y101.223 E0.0838 F800
G1 X100.807 Y101.265 E0.0849 F800
G1 X100.810 Y101.310 E0.0860 F800
G1 X100.809 Y101.358 E0.0872 F800
G1 X100.802 Y101.409 E0.0885 F800
G1 X100.790 Y101.461 E0.0898 F800
G1 X100.772 Y101.514 E0.0913 F800
G1 X100.748 Y101.567 E0.0927 F800
G1 X100.718 Y101.620 E0.0942 F800
G1 X100.683 Y101.672 E0.0958 F800
G1 X100.642 Y101.722 E0.0974 F800
G1 X100.595 Y101.770 E0.0991 F800
G1 X100.544 Y101.815 E0.1008 F800
G1 X100.487 Y101.856 E0.1025 F800
G1 X100.426 Y101.892 E0.1043 F800
G1 X100.361 Y101.924 E0.1061 F800
G1 X100.293 Y101.951 E0.1080 F800
G1 X100.222 Y101.972 E0.1098 F800
G1 X100.149 Y101.988 E0.1117 F800
G1 X100.075 Y101.997 E0.1135 F800
G1 X100.000 Y102.000 E0.1154 F800
G1 X99.925 Y101.997 E0.1173 F800
G1 X99.851 Y101.988 E0.1192 F800
G1 X99.778 Y101.972 E0.1210 F800
G1 X99.707 Y101.951 E0.1229 F800
G1 X99.639 Y101.924 E0.1247 F800
G1 X99.574 Y101.892 E0.1265 F800
G1 X99.513 Y101.856 E0.1283 F800
G1 X99.456 Y101.815 E0.1300 F800
G1 X99.405 Y101.770 E0.1318 F800
G1 X99.358 Y101.722 E0.1334 F800
G1 X99.317 Y101.672 E0.1350 F800
G1 X99.282 Y101.620 E0.1366 F800
G1 X99.252 Y101.567 E0.1381 F800
G1 X99.228 Y101.514 E0.1396 F800
G1 X99.210 Y101.461 E0.1410 F800
G1 X99.198 Y101.409 E0.1423 F800
G1 X99.191 Y101.358 E0.1436 F800
G1 X99.190 Y101.310 E0.1448 F800
G1 X99.193 Y101.265 E0.1459 F800
G1 X99.200 Y101.223 E0.1470 F800
G1 X99.212 Y101.186 E0.1480 F800
G1 X99.226 Y101.152 E0.1489 F800
G1 X99.244 Y101.123 E0.1497 F800
G1 X99.263 Y101.100 E0.1505 F800
G1 X99.284 Y101.081 E0.1512 F800
G1 X99.305 Y101.068 E0.1518 F800
G1 X99.327 Y101.059 E0.1524 F800
G1 X99.348 Y101.057 E0.1529 F800
G1 X99.367 Y101.059 E0.1534 F800
G1 X99.385 Y101.066 E0.1539 F800
G1 X99.399 Y101.077 E0.1544 F800
G1 X99.411 Y101.093 E0.1549 F800
G1 X99.419 Y101.113 E0.1554 F800
G1 X99.423 Y101.135 E0.1560 F800
G1 X99.422 Y101.161 E0.1566 F800
G1 X99.416 Y101.188 E0.1573 F800
G1 X99.405 Y101.217 E0.1581 F800
G1 X99.389 Y101.246 E0.1589 F800
G1 X99.367 Y101.276 E0.1598 F800
G1 X99.340 Y101.304 E0.1608 F800
G1 X99.308 Y101.332 E0.1619 F800
G1 X99.270 Y101.357 E0.1630 F800
G1 X99.228 Y101.380 E0.1642 F800
G1 X99.181 Y101.399 E0.1655 F800
G1 X99.130 Y101.414 E0.1668 F800
G1 X99.075 Y101.425 E0.1682 F800
G1 X99.017 Y101.431 E0.1697 F800
G1 X98.956 Y101.432 E0.1712 F800
G1 X98.893 Y101.428 E0.1727 F800
G1 X98.829 Y101.417 E0.1744 F800
G1 X98.765 Y101.401 E0.1760 F800
G1 X98.700 Y101.378 E0.1777 F800
G1 X98.637 Y101.350 E0.1795 F800
G1 X98.574 Y101.315 E0.1813 F800
G1 X98.514 Y101.275 E0.1831 F800
G1 X98.457 Y101.229 E0.1849 F800
G1 X98.403 Y101.179 E0.1867 F800
G1 X98.353 Y101.123 E0.1886 F800
G1 X98.308 Y101.063 E0.1905 F800
G1 X98.268 Y101.000 E0.1924 F800
G1 X98.233 Y100.933 E0.1942 F800
G1 X98.204 Y100.864 E0.1961 F800
G1 X98.181 Y100.794 E0.1980 F800
G1 X98.164 Y100.722 E0.1998 F800
G1 X98.153 Y100.649 E0.2017 F800
G1 X98.148 Y100.577 E0.2035 F800
G1 X98.149 Y100.506 E0.2052 F800
G1 X98.157 Y100.437 E0.2070 F800
G1 X98.169 Y100.369 E0.2087 F800
G1 X98.187 Y100.305 E0.2104 F800
G1 X98.210 Y100.245 E0.2120 F800
G1 X98.238 Y100.188 E0.2136 F800
G1 X98.269 Y100.136 E0.2151 F800
G1 X98.303 Y100.089 E0.2165 F800
G1 X98.340 Y100.047 E0.2179 F800
G1 X98.379 Y100.010 E0.2193 F800
G1 X98.419 Y99.979 E0.2205 F800
G1 X98.460 Y99.953 E0.2217 F800
G1 X98.501 Y99.933 E0.2229 F800
G1 X98.541 Y99.919 E0.2239 F800
G1 X98.579 Y99.910 E0.2249 F800
G1 X98.615 Y99.906 E0.2258 F800
G1 X98.649 Y99.907 E0.2267 F800
G1 X98.679 Y99.911 E0.2274 F800
G1 X98.706 Y99.920 E0.2281 F800
G1 X98.728 Y99.932 E0.2288 F800
G1 X98.746 Y99.947 E0.2294 F800
G1 X98.759 Y99.963 E0.2299 F800
G1 X98.767 Y99.981 E0.2304 F800
G1 X98.769 Y100.000 E0.2308 F800
G1 X98.767 Y100.019 E0.2313 F800
G1 X98.759 Y100.037 E0.2318 F800
G1 X98.746 Y100.053 E0.2323 F800
G1 X98.728 Y100.068 E0.2329 F800
G1 X98.706 Y100.080 E0.2335 F800
G1 X98.679 Y100.089 E0.2342 F800
G1 X98.649 Y100.093 E0.2350 F800
G1 X98.615 Y100.094 E0.2358 F800
G1 X98.579 Y100.090 E0.2368 F800
G1 X98.541 Y100.081 E0.2377 F800
G1 X98.501 Y100.067 E0.2388 F800
G1 X98.460 Y100.047 E0.2399 F800
G1 X98.419 Y100.021 E0.2411 F800
G1 X98.379 Y99.990 E0.2424 F800
G1 X98.340 Y99.953 E0.2437 F800
G1 X98.303 Y99.911 E0.2451 F800
G1 X98.269 Y99.864 E0.2466 F800
G1 X98.238 Y99.812 E0.2481 F800
G1 X98.210 Y99.755 E0.2497 F800
G1 X98.187 Y99.695 E0.2513 F800
G1 X98.169 Y99.631 E0.2530 F800
G1 X98.157 Y99.563 E0.2547 F800
G1 X98.149 Y99.494 E0.2564 F800
G1 X98.148 Y99.423 E0.2582 F800
G1 X98.153 Y99.351 E0.2600 F800
G1 X98.164 Y99.278 E0.2618 F800
G1 X98.181 Y99.206 E0.2637 F800
G1 X98.204 Y99.136 E0.2656 F800
G1 X98.233 Y99.067 E0.2674 F800
G1 X98.268 Y99.000 E0.2693 F800
G1 X98.308 Y98.937 E0.2712 F800
G1 X98.353 Y98.877 E0.2731 F800
G1 X98.403 Y98.821 E0.2749 F800
G1 X98.457 Y98.771 E0.2768 F800
G1 X98.514 Y98.725 E0.2786 F800
G1 X98.574 Y98.685 E0.2804 F800
G1 X98.637 Y98.650 E0.2822 F800
G1 X98.700 Y98.622 E0.2839 F800
G1 X98.765 Y98.599 E0.2856 F800
G1 X98.829 Y98.583 E0.2873 F800
G1 X98.893 Y98.572 E0.2889 F800
G1 X98.956 Y98.568 E0.2905 F800
G1 X99.017 Y98.569 E0.2920 F800
G1 X99.075 Y98.575 E0.2935 F800
G1 X99.130 Y98.586 E0.2949 F800
G1 X99.181 Y98.601 E0.2962 F800
G1 X99.228 Y98.620 E0.2975 F800
G1 X99.270 Y98.643 E0.2987 F800
G1 X99.308 Y98.668 E0.2998 F800
G1 X99.340 Y98.696 E0.3009 F800
G1 X99.367 Y98.724 E0.3019 F800
G1 X99.389 Y98.754 E0.3028 F800
G1 X99.405 Y98.783 E0.3036 F800
G1 X99.416 Y98.812 E0.3044 F800
G1 X99.422 Y98.839 E0.3051 F800
G1 X99.423 Y98.865 E0.3057 F800
G1 X99.419 Y98.887 E0.3063 F800
G1 X99.411 Y98.907 E0.3068 F800
G1 X99.399 Y98.923 E0.3073 F800
G1 X99.385 Y98.934 E0.3078 F800
G1 X99.367 Y98.941 E0.3083 F800
G1 X99.348 Y98.943 E0.3087 F800
G1 X99.327 Y98.941 E0.3093 F800
G1 X99.305 Y98.932 E0.3098 F800
G1 X99.284 Y98.919 E0.3105 F800
G1 X99.263 Y98.900 E0.3112 F800
G1 X99.244 Y98.877 E0.3119 F800
G1 X99.226 Y98.848 E0.3128 F800
G1 X99.212 Y98.814 E0.3137 F800
G1 X99.200 Y98.777 E0.3147 F800
G1 X99.193 Y98.735 E0.3157 F800
G1 X99.190 Y98.690 E0.3169 F800
G1 X99.191 Y98.642 E0.3181 F800
G1 X99.198 Y98.591 E0.3194 F800
G1 X99.210 Y98.539 E0.3207 F800
G1 X99.228 Y98.486 E0.3221 F800
G1 X99.252 Y98.433 E0.3235 F800
G1 X99.282 Y98.380 E0.3251 F800
G1 X99.317 Y98.328 E0.3266 F800
G1 X99.358 Y98.278 E0.3283 F800
G1 X99.405 Y98.230 E0.3299 F800
G1 X99.456 Y98.185 E0.3316 F800
G1 X99.513 Y98.144 E0.3334 F800
G1 X99.574 Y98.108 E0.3352 F800
G1 X99.639 Y98.076 E0.3370 F800
G1 X99.707 Y98.049 E0.3388 F800
G1 X99.778 Y98.028 E0.3406 F800
G1 X99.851 Y98.012 E0.3425 F800
G1 X99.925 Y98.003 E0.3444 F800
G1 X100.000 Y98.000 E0.3463 F800
G1 X100.075 Y98.003 E0.3481 F800
G1 X100.149 Y98.012 E0.3500 F800
G1 X100.222 Y98.028 E0.3519 F800
G1 X100.293 Y98.049 E0.3537 F800
G1 X100.361 Y98.076 E0.3556 F800
G1 X100.426 Y98.108 E0.3574 F800
G1 X100.487 Y98.144 E0.3591 F800
G1 X100.544 Y98.185 E0.3609 F800
G1 X100.595 Y98.230 E0.3626 F800
G1 X100.642 Y98.278 E0.3643 F800
G1 X100.683 Y98.328 E0.3659 F800
G1 X100.718 Y98.380 E0.3674 F800
G1 X100.748 Y98.433 E0.3690 F800
G1 X100.772 Y98.486 E0.3704 F800
G1 X100.790 Y98.539 E0.3718 F800
G1 X100.802 Y98.591 E0.3732 F800
G1 X100.809 Y98.642 E0.3744 F800
G1 X100.810 Y98.690 E0.3756 F800
G1 X100.807 Y98.735 E0.3768 F800
G1 X100.800 Y98.777 E0.3778 F800
G1 X100.788 Y98.814 E0.3788 F800
G1 X100.774 Y98.848 E0.3797 F800
G1 X100.756 Y98.877 E0.3806 F800
G1 X100.737 Y98.900 E0.3813 F800
G1 X100.716 Y98.919 E0.3820 F800
G1 X100.695 Y98.932 E0.3827 F800
G1 X100.673 Y98.941 E0.3832 F800
G1 X100.652 Y98.943 E0.3838 F800
G1 X100.633 Y98.941 E0.3843 F800
G1 X100.615 Y98.934 E0.3847 F800
G1 X100.601 Y98.923 E0.3852 F800
G1 X100.589 Y98.907 E0.3857 F800
G1 X100.581 Y98.887 E0.3862 F800
G1 X100.577 Y98.865 E0.3868 F800
G1 X100.578 Y98.839 E0.3874 F800
G1 X100.584 Y98.812 E0.3881 F800
G1 X100.595 Y98.783 E0.3889 F800
G1 X100.611 Y98.754 E0.3897 F800
G1 X100.633 Y98.724 E0.3906 F800
G1 X100.660 Y98.696 E0.3916 F800
G1 X100.692 Y98.668 E0.3927 F800
G1 X100.730 Y98.643 E0.3938 F800
G1 X100.772 Y98.620 E0.3950 F800
G1 X100.819 Y98.601 E0.3963 F800
G1 X100.870 Y98.586 E0.3976 F800
G1 X100.925 Y98.575 E0.3990 F800
G1 X100.983 Y98.569 E0.4005 F800
G1 X101.044 Y98.568 E0.4020 F800
G1 X101.107 Y98.572 E0.4036 F800
G1 X101.171 Y98.583 E0.4052 F800
G1 X101.235 Y98.599 E0.4069 F800
G1 X101.300 Y98.622 E0.4086 F800
G1 X101.363 Y98.650 E0.4103 F800
G1 X101.426 Y98.685 E0.4121 F800
G1 X101.486 Y98.725 E0.4139 F800
G1 X101.543 Y98.771 E0.4157 F800
G1 X101.597 Y98.821 E0.4176 F800
G1 X101.647 Y98.877 E0.4195 F800
G1 X101.692 Y98.937 E0.4213 F800
G1 X101.732 Y99.000 E0.4232 F800
G1 X101.767 Y99.067 E0.4251 F800
G1 X101.796 Y99.136 E0.4270 F800
G1 X101.819 Y99.206 E0.4288 F800
G1 X101.836 Y99.278 E0.4307 F800
G1 X101.847 Y99.351 E0.4325 F800
G1 X101.852 Y99.423 E0.4343 F800
G1 X101.851 Y99.494 E0.4361 F800
G1 X101.843 Y99.563 E0.4378 F800
G1 X101.831 Y99.631 E0.4395 F800
G1 X101.813 Y99.695 E0.4412 F800
G1 X101.790 Y99.755 E0.4428 F800
G1 X101.762 Y99.812 E0.4444 F800
G1 X101.731 Y99.864 E0.4459 F800
G1 X101.697 Y99.911 E0.4474 F800
G1 X101.660 Y99.953 E0.4488 F800
G1 X101.621 Y99.990 E0.4501 F800
G1 X101.581 Y100.021 E0.4514 F800
G1 X101.540 Y100.047 E0.4526 F800
G1 X101.499 Y100.067 E0.4537 F800
G1 X101.459 Y100.081 E0.4548 F800
G1 X101.421 Y100.090 E0.4558 F800
G1 X101.385 Y100.094 E0.4567 F800
G1 X101.351 Y100.093 E0.4575 F800
G1 X101.321 Y100.089 E0.4583 F800
G1 X101.294 Y100.080 E0.4590 F800
G1 X101.272 Y100.068 E0.4596 F800
G1 X101.254 Y100.053 E0.4602 F800
G1 X101.241 Y100.037 E0.4607 F800
G1 X101.233 Y100.019 E0.4612 F800
G1 X101.231 Y100.000 E0.4617 F800
G1 E-1.0383 F1200   ; Retract
G1 Z6.50 F600   ; Z-hop
G1 X101.231 Y100.000 F1200   ; Travel → base curve 1 (scale=0.077) rep 2/5
G1 Z5.50 F300   ; Lower to Z
G1 E0.4617 F1200   ; Prime
G1 X101.233 Y99.981 E0.4621 F800
G1 X101.241 Y99.963 E0.4626 F800
G1 X101.254 Y99.947 E0.4632 F800
G1 X101.272 Y99.932 E0.4637 F800
G1 X101.294 Y99.920 E0.4644 F800
G1 X101.321 Y99.911 E0.4651 F800
G1 X101.351 Y99.907 E0.4658 F800
G1 X101.385 Y99.906 E0.4667 F800
G1 X101.421 Y99.910 E0.4676 F800
G1 X101.459 Y99.919 E0.4686 F800
G1 X101.499 Y99.933 E0.4696 F800
G1 X101.540 Y99.953 E0.4708 F800
G1 X101.581 Y99.979 E0.4720 F800
G1 X101.621 Y100.010 E0.4732 F800
G1 X101.660 Y100.047 E0.4746 F800
G1 X101.697 Y100.089 E0.4760 F800
G1 X101.731 Y100.136 E0.4774 F800
G1 X101.762 Y100.188 E0.4790 F800
G1 X101.790 Y100.245 E0.4805 F800
G1 X101.813 Y100.305 E0.4822 F800
G1 X101.831 Y100.369 E0.4838 F800
G1 X101.843 Y100.437 E0.4855 F800
G1 X101.851 Y100.506 E0.4873 F800
G1 X101.852 Y100.577 E0.4890 F800
G1 X101.847 Y100.649 E0.4909 F800
G1 X101.836 Y100.722 E0.4927 F800
G1 X101.819 Y100.794 E0.4945 F800
G1 X101.796 Y100.864 E0.4964 F800
G1 X101.767 Y100.933 E0.4983 F800
G1 X101.732 Y101.000 E0.5001 F800
G1 X101.692 Y101.063 E0.5020 F800
G1 X101.647 Y101.123 E0.5039 F800
G1 X101.597 Y101.179 E0.5058 F800
G1 X101.543 Y101.229 E0.5076 F800
G1 X101.486 Y101.275 E0.5094 F800
G1 X101.426 Y101.315 E0.5113 F800
G1 X101.363 Y101.350 E0.5130 F800
G1 X101.300 Y101.378 E0.5148 F800
G1 X101.235 Y101.401 E0.5165 F800
G1 X101.171 Y101.417 E0.5181 F800
G1 X101.107 Y101.428 E0.5198 F800
G1 X101.044 Y101.432 E0.5213 F800
G1 X100.983 Y101.431 E0.5229 F800
G1 X100.925 Y101.425 E0.5243 F800
G1 X100.870 Y101.414 E0.5257 F800
G1 X100.819 Y101.399 E0.5271 F800
G1 X100.772 Y101.380 E0.5283 F800
G1 X100.730 Y101.357 E0.5295 F800
G1 X100.692 Y101.332 E0.5307 F800
G1 X100.660 Y101.304 E0.5317 F800
G1 X100.633 Y101.276 E0.5327 F800
G1 X100.611 Y101.246 E0.5336 F800
G1 X100.595 Y101.217 E0.5345 F800
G1 X100.584 Y101.188 E0.5352 F800
G1 X100.578 Y101.161 E0.5359 F800
G1 X100.577 Y101.135 E0.5366 F800
G1 X100.581 Y101.113 E0.5371 F800
G1 X100.589 Y101.093 E0.5377 F800
G1 X100.601 Y101.077 E0.5382 F800
G1 X100.615 Y101.066 E0.5386 F800
G1 X100.633 Y101.059 E0.5391 F800
G1 X100.652 Y101.057 E0.5396 F800
G1 X100.673 Y101.059 E0.5401 F800
G1 X100.695 Y101.068 E0.5407 F800
G1 X100.716 Y101.081 E0.5413 F800
G1 X100.737 Y101.100 E0.5420 F800
G1 X100.756 Y101.123 E0.5428 F800
G1 X100.774 Y101.152 E0.5436 F800
G1 X100.788 Y101.186 E0.5445 F800
G1 X100.800 Y101.223 E0.5455 F800
G1 X100.807 Y101.265 E0.5466 F800
G1 X100.810 Y101.310 E0.5477 F800
G1 X100.809 Y101.358 E0.5489 F800
G1 X100.802 Y101.409 E0.5502 F800
G1 X100.790 Y101.461 E0.5515 F800
G1 X100.772 Y101.514 E0.5529 F800
G1 X100.748 Y101.567 E0.5544 F800
G1 X100.718 Y101.620 E0.5559 F800
G1 X100.683 Y101.672 E0.5575 F800
G1 X100.642 Y101.722 E0.5591 F800
G1 X100.595 Y101.770 E0.5608 F800
G1 X100.544 Y101.815 E0.5625 F800
G1 X100.487 Y101.856 E0.5642 F800
G1 X100.426 Y101.892 E0.5660 F800
G1 X100.361 Y101.924 E0.5678 F800
G1 X100.293 Y101.951 E0.5696 F800
G1 X100.222 Y101.972 E0.5715 F800
G1 X100.149 Y101.988 E0.5733 F800
G1 X100.075 Y101.997 E0.5752 F800
G1 X100.000 Y102.000 E0.5771 F800
G1 X99.925 Y101.997 E0.5790 F800
G1 X99.851 Y101.988 E0.5808 F800
G1 X99.778 Y101.972 E0.5827 F800
G1 X99.707 Y101.951 E0.5846 F800
G1 X99.639 Y101.924 E0.5864 F800
G1 X99.574 Y101.892 E0.5882 F800
G1 X99.513 Y101.856 E0.5900 F800
G1 X99.456 Y101.815 E0.5917 F800
G1 X99.405 Y101.770 E0.5934 F800
G1 X99.358 Y101.722 E0.5951 F800
G1 X99.317 Y101.672 E0.5967 F800
G1 X99.282 Y101.620 E0.5983 F800
G1 X99.252 Y101.567 E0.5998 F800
G1 X99.228 Y101.514 E0.6013 F800
G1 X99.210 Y101.461 E0.6027 F800
G1 X99.198 Y101.409 E0.6040 F800
G1 X99.191 Y101.358 E0.6053 F800
G1 X99.190 Y101.310 E0.6065 F800
G1 X99.193 Y101.265 E0.6076 F800
G1 X99.200 Y101.223 E0.6087 F800
G1 X99.212 Y101.186 E0.6097 F800
G1 X99.226 Y101.152 E0.6106 F800
G1 X99.244 Y101.123 E0.6114 F800
G1 X99.263 Y101.100 E0.6122 F800
G1 X99.284 Y101.081 E0.6129 F800
G1 X99.305 Y101.068 E0.6135 F800
G1 X99.327 Y101.059 E0.6141 F800
G1 X99.348 Y101.057 E0.6146 F800
G1 X99.367 Y101.059 E0.6151 F800
G1 X99.385 Y101.066 E0.6156 F800
G1 X99.399 Y101.077 E0.6160 F800
G1 X99.411 Y101.093 E0.6165 F800
G1 X99.419 Y101.113 E0.6171 F800
G1 X99.423 Y101.135 E0.6176 F800
G1 X99.422 Y101.161 E0.6183 F800
G1 X99.416 Y101.188 E0.6190 F800
G1 X99.405 Y101.217 E0.6197 F800
G1 X99.389 Y101.246 E0.6206 F800
G1 X99.367 Y101.276 E0.6215 F800
G1 X99.340 Y101.304 E0.6225 F800
G1 X99.308 Y101.332 E0.6235 F800
G1 X99.270 Y101.357 E0.6247 F800
G1 X99.228 Y101.380 E0.6259 F800
G1 X99.181 Y101.399 E0.6271 F800
G1 X99.130 Y101.414 E0.6285 F800
G1 X99.075 Y101.425 E0.6299 F800
G1 X99.017 Y101.431 E0.6313 F800
G1 X98.956 Y101.432 E0.6329 F800
G1 X98.893 Y101.428 E0.6344 F800
G1 X98.829 Y101.417 E0.6360 F800
G1 X98.765 Y101.401 E0.6377 F800
G1 X98.700 Y101.378 E0.6394 F800
G1 X98.637 Y101.350 E0.6412 F800
G1 X98.574 Y101.315 E0.6429 F800
G1 X98.514 Y101.275 E0.6447 F800
G1 X98.457 Y101.229 E0.6466 F800
G1 X98.403 Y101.179 E0.6484 F800
G1 X98.353 Y101.123 E0.6503 F800
G1 X98.308 Y101.063 E0.6522 F800
G1 X98.268 Y101.000 E0.6540 F800
G1 X98.233 Y100.933 E0.6559 F800
G1 X98.204 Y100.864 E0.6578 F800
G1 X98.181 Y100.794 E0.6597 F800
G1 X98.164 Y100.722 E0.6615 F800
G1 X98.153 Y100.649 E0.6633 F800
G1 X98.148 Y100.577 E0.6651 F800
G1 X98.149 Y100.506 E0.6669 F800
G1 X98.157 Y100.437 E0.6687 F800
G1 X98.169 Y100.369 E0.6704 F800
G1 X98.187 Y100.305 E0.6720 F800
G1 X98.210 Y100.245 E0.6737 F800
G1 X98.238 Y100.188 E0.6752 F800
G1 X98.269 Y100.136 E0.6767 F800
G1 X98.303 Y100.089 E0.6782 F800
G1 X98.340 Y100.047 E0.6796 F800
G1 X98.379 Y100.010 E0.6809 F800
G1 X98.419 Y99.979 E0.6822 F800
G1 X98.460 Y99.953 E0.6834 F800
G1 X98.501 Y99.933 E0.6846 F800
G1 X98.541 Y99.919 E0.6856 F800
G1 X98.579 Y99.910 E0.6866 F800
G1 X98.615 Y99.906 E0.6875 F800
G1 X98.649 Y99.907 E0.6884 F800
G1 X98.679 Y99.911 E0.6891 F800
G1 X98.706 Y99.920 E0.6898 F800
G1 X98.728 Y99.932 E0.6905 F800
G1 X98.746 Y99.947 E0.6910 F800
G1 X98.759 Y99.963 E0.6916 F800
G1 X98.767 Y99.981 E0.6920 F800
G1 X98.769 Y100.000 E0.6925 F800
G1 X98.767 Y100.019 E0.6930 F800
G1 X98.759 Y100.037 E0.6935 F800
G1 X98.746 Y100.053 E0.6940 F800
G1 X98.728 Y100.068 E0.6946 F800
G1 X98.706 Y100.080 E0.6952 F800
G1 X98.679 Y100.089 E0.6959 F800
G1 X98.649 Y100.093 E0.6967 F800
G1 X98.615 Y100.094 E0.6975 F800
G1 X98.579 Y100.090 E0.6984 F800
G1 X98.541 Y100.081 E0.6994 F800
G1 X98.501 Y100.067 E0.7005 F800
G1 X98.460 Y100.047 E0.7016 F800
G1 X98.419 Y100.021 E0.7028 F800
G1 X98.379 Y99.990 E0.7041 F800
G1 X98.340 Y99.953 E0.7054 F800
G1 X98.303 Y99.911 E0.7068 F800
G1 X98.269 Y99.864 E0.7083 F800
G1 X98.238 Y99.812 E0.7098 F800
G1 X98.210 Y99.755 E0.7114 F800
G1 X98.187 Y99.695 E0.7130 F800
G1 X98.169 Y99.631 E0.7147 F800
G1 X98.157 Y99.563 E0.7164 F800
G1 X98.149 Y99.494 E0.7181 F800
G1 X98.148 Y99.423 E0.7199 F800
G1 X98.153 Y99.351 E0.7217 F800
G1 X98.164 Y99.278 E0.7235 F800
G1 X98.181 Y99.206 E0.7254 F800
G1 X98.204 Y99.136 E0.7272 F800
G1 X98.233 Y99.067 E0.7291 F800
G1 X98.268 Y99.000 E0.7310 F800
G1 X98.308 Y98.937 E0.7329 F800
G1 X98.353 Y98.877 E0.7347 F800
G1 X98.403 Y98.821 E0.7366 F800
G1 X98.457 Y98.771 E0.7385 F800
G1 X98.514 Y98.725 E0.7403 F800
G1 X98.574 Y98.685 E0.7421 F800
G1 X98.637 Y98.650 E0.7439 F800
G1 X98.700 Y98.622 E0.7456 F800
G1 X98.765 Y98.599 E0.7473 F800
G1 X98.829 Y98.583 E0.7490 F800
G1 X98.893 Y98.572 E0.7506 F800
G1 X98.956 Y98.568 E0.7522 F800
G1 X99.017 Y98.569 E0.7537 F800
G1 X99.075 Y98.575 E0.7552 F800
G1 X99.130 Y98.586 E0.7566 F800
G1 X99.181 Y98.601 E0.7579 F800
G1 X99.228 Y98.620 E0.7592 F800
G1 X99.270 Y98.643 E0.7604 F800
G1 X99.308 Y98.668 E0.7615 F800
G1 X99.340 Y98.696 E0.7626 F800
G1 X99.367 Y98.724 E0.7635 F800
G1 X99.389 Y98.754 E0.7645 F800
G1 X99.405 Y98.783 E0.7653 F800
G1 X99.416 Y98.812 E0.7661 F800
G1 X99.422 Y98.839 E0.7668 F800
G1 X99.423 Y98.865 E0.7674 F800
G1 X99.419 Y98.887 E0.7680 F800
G1 X99.411 Y98.907 E0.7685 F800
G1 X99.399 Y98.923 E0.7690 F800
G1 X99.385 Y98.934 E0.7695 F800
G1 X99.367 Y98.941 E0.7699 F800
G1 X99.348 Y98.943 E0.7704 F800
G1 X99.327 Y98.941 E0.7709 F800
G1 X99.305 Y98.932 E0.7715 F800
G1 X99.284 Y98.919 E0.7722 F800
G1 X99.263 Y98.900 E0.7729 F800
G1 X99.244 Y98.877 E0.7736 F800
G1 X99.226 Y98.848 E0.7745 F800
G1 X99.212 Y98.814 E0.7754 F800
G1 X99.200 Y98.777 E0.7764 F800
G1 X99.193 Y98.735 E0.7774 F800
G1 X99.190 Y98.690 E0.7786 F800
G1 X99.191 Y98.642 E0.7798 F800
G1 X99.198 Y98.591 E0.7810 F800
G1 X99.210 Y98.539 E0.7824 F800
G1 X99.228 Y98.486 E0.7838 F800
G1 X99.252 Y98.433 E0.7852 F800
G1 X99.282 Y98.380 E0.7867 F800
G1 X99.317 Y98.328 E0.7883 F800
G1 X99.358 Y98.278 E0.7899 F800
G1 X99.405 Y98.230 E0.7916 F800
G1 X99.456 Y98.185 E0.7933 F800
G1 X99.513 Y98.144 E0.7951 F800
G1 X99.574 Y98.108 E0.7968 F800
G1 X99.639 Y98.076 E0.7986 F800
G1 X99.707 Y98.049 E0.8005 F800
G1 X99.778 Y98.028 E0.8023 F800
G1 X99.851 Y98.012 E0.8042 F800
G1 X99.925 Y98.003 E0.8061 F800
G1 X100.000 Y98.000 E0.8079 F800
G1 X100.075 Y98.003 E0.8098 F800
G1 X100.149 Y98.012 E0.8117 F800
G1 X100.222 Y98.028 E0.8135 F800
G1 X100.293 Y98.049 E0.8154 F800
G1 X100.361 Y98.076 E0.8172 F800
G1 X100.426 Y98.108 E0.8190 F800
G1 X100.487 Y98.144 E0.8208 F800
G1 X100.544 Y98.185 E0.8226 F800
G1 X100.595 Y98.230 E0.8243 F800
G1 X100.642 Y98.278 E0.8259 F800
G1 X100.683 Y98.328 E0.8276 F800
G1 X100.718 Y98.380 E0.8291 F800
G1 X100.748 Y98.433 E0.8306 F800
G1 X100.772 Y98.486 E0.8321 F800
G1 X100.790 Y98.539 E0.8335 F800
G1 X100.802 Y98.591 E0.8348 F800
G1 X100.809 Y98.642 E0.8361 F800
G1 X100.810 Y98.690 E0.8373 F800
G1 X100.807 Y98.735 E0.8384 F800
G1 X100.800 Y98.777 E0.8395 F800
G1 X100.788 Y98.814 E0.8405 F800
G1 X100.774 Y98.848 E0.8414 F800
G1 X100.756 Y98.877 E0.8422 F800
G1 X100.737 Y98.900 E0.8430 F800
G1 X100.716 Y98.919 E0.8437 F800
G1 X100.695 Y98.932 E0.8443 F800
G1 X100.673 Y98.941 E0.8449 F800
G1 X100.652 Y98.943 E0.8454 F800
G1 X100.633 Y98.941 E0.8459 F800
G1 X100.615 Y98.934 E0.8464 F800
G1 X100.601 Y98.923 E0.8469 F800
G1 X100.589 Y98.907 E0.8474 F800
G1 X100.581 Y98.887 E0.8479 F800
G1 X100.577 Y98.865 E0.8485 F800
G1 X100.578 Y98.839 E0.8491 F800
G1 X100.584 Y98.812 E0.8498 F800
G1 X100.595 Y98.783 E0.8506 F800
G1 X100.611 Y98.754 E0.8514 F800
G1 X100.633 Y98.724 E0.8523 F800
G1 X100.660 Y98.696 E0.8533 F800
G1 X100.692 Y98.668 E0.8544 F800
G1 X100.730 Y98.643 E0.8555 F800
G1 X100.772 Y98.620 E0.8567 F800
G1 X100.819 Y98.601 E0.8580 F800
G1 X100.870 Y98.586 E0.8593 F800
G1 X100.925 Y98.575 E0.8607 F800
G1 X100.983 Y98.569 E0.8622 F800
G1 X101.044 Y98.568 E0.8637 F800
G1 X101.107 Y98.572 E0.8653 F800
G1 X101.171 Y98.583 E0.8669 F800
G1 X101.235 Y98.599 E0.8685 F800
G1 X101.300 Y98.622 E0.8703 F800
G1 X101.363 Y98.650 E0.8720 F800
G1 X101.426 Y98.685 E0.8738 F800
G1 X101.486 Y98.725 E0.8756 F800
G1 X101.543 Y98.771 E0.8774 F800
G1 X101.597 Y98.821 E0.8793 F800
G1 X101.647 Y98.877 E0.8811 F800
G1 X101.692 Y98.937 E0.8830 F800
G1 X101.732 Y99.000 E0.8849 F800
G1 X101.767 Y99.067 E0.8868 F800
G1 X101.796 Y99.136 E0.8886 F800
G1 X101.819 Y99.206 E0.8905 F800
G1 X101.836 Y99.278 E0.8923 F800
G1 X101.847 Y99.351 E0.8942 F800
G1 X101.852 Y99.423 E0.8960 F800
G1 X101.851 Y99.494 E0.8978 F800
G1 X101.843 Y99.563 E0.8995 F800
G1 X101.831 Y99.631 E0.9012 F800
G1 X101.813 Y99.695 E0.9029 F800
G1 X101.790 Y99.755 E0.9045 F800
G1 X101.762 Y99.812 E0.9061 F800
G1 X101.731 Y99.864 E0.9076 F800
G1 X101.697 Y99.911 E0.9090 F800
G1 X101.660 Y99.953 E0.9104 F800
G1 X101.621 Y99.990 E0.9118 F800
G1 X101.581 Y100.021 E0.9131 F800
G1 X101.540 Y100.047 E0.9143 F800
G1 X101.499 Y100.067 E0.9154 F800
G1 X101.459 Y100.081 E0.9165 F800
G1 X101.421 Y100.090 E0.9174 F800
G1 X101.385 Y100.094 E0.9184 F800
G1 X101.351 Y100.093 E0.9192 F800
G1 X101.321 Y100.089 E0.9200 F800
G1 X101.294 Y100.080 E0.9207 F800
G1 X101.272 Y100.068 E0.9213 F800
G1 X101.254 Y100.053 E0.9219 F800
G1 X101.241 Y100.037 E0.9224 F800
G1 X101.233 Y100.019 E0.9229 F800
G1 X101.231 Y100.000 E0.9234 F800
G1 E-0.5766 F1200   ; Retract
G1 Z6.50 F600   ; Z-hop
G1 X101.231 Y100.000 F1200   ; Travel → base curve 1 (scale=0.077) rep 3/5
G1 Z5.50 F300   ; Lower to Z
G1 E0.9234 F1200   ; Prime
G1 X101.233 Y99.981 E0.9238 F800
G1 X101.241 Y99.963 E0.9243 F800
G1 X101.254 Y99.947 E0.9248 F800
G1 X101.272 Y99.932 E0.9254 F800
G1 X101.294 Y99.920 E0.9260 F800
G1 X101.321 Y99.911 E0.9267 F800
G1 X101.351 Y99.907 E0.9275 F800
G1 X101.385 Y99.906 E0.9284 F800
G1 X101.421 Y99.910 E0.9293 F800
G1 X101.459 Y99.919 E0.9303 F800
G1 X101.499 Y99.933 E0.9313 F800
G1 X101.540 Y99.953 E0.9324 F800
G1 X101.581 Y99.979 E0.9336 F800
G1 X101.621 Y100.010 E0.9349 F800
G1 X101.660 Y100.047 E0.9363 F800
G1 X101.697 Y100.089 E0.9377 F800
G1 X101.731 Y100.136 E0.9391 F800
G1 X101.762 Y100.188 E0.9406 F800
G1 X101.790 Y100.245 E0.9422 F800
G1 X101.813 Y100.305 E0.9438 F800
G1 X101.831 Y100.369 E0.9455 F800
G1 X101.843 Y100.437 E0.9472 F800
G1 X101.851 Y100.506 E0.9489 F800
G1 X101.852 Y100.577 E0.9507 F800
G1 X101.847 Y100.649 E0.9525 F800
G1 X101.836 Y100.722 E0.9544 F800
G1 X101.819 Y100.794 E0.9562 F800
G1 X101.796 Y100.864 E0.9581 F800
G1 X101.767 Y100.933 E0.9599 F800
G1 X101.732 Y101.000 E0.9618 F800
G1 X101.692 Y101.063 E0.9637 F800
G1 X101.647 Y101.123 E0.9656 F800
G1 X101.597 Y101.179 E0.9674 F800
G1 X101.543 Y101.229 E0.9693 F800
G1 X101.486 Y101.275 E0.9711 F800
G1 X101.426 Y101.315 E0.9729 F800
G1 X101.363 Y101.350 E0.9747 F800
G1 X101.300 Y101.378 E0.9765 F800
G1 X101.235 Y101.401 E0.9782 F800
G1 X101.171 Y101.417 E0.9798 F800
G1 X101.107 Y101.428 E0.9814 F800
G1 X101.044 Y101.432 E0.9830 F800
G1 X100.983 Y101.431 E0.9845 F800
G1 X100.925 Y101.425 E0.9860 F800
G1 X100.870 Y101.414 E0.9874 F800
G1 X100.819 Y101.399 E0.9887 F800
G1 X100.772 Y101.380 E0.9900 F800
G1 X100.730 Y101.357 E0.9912 F800
G1 X100.692 Y101.332 E0.9923 F800
G1 X100.660 Y101.304 E0.9934 F800
G1 X100.633 Y101.276 E0.9944 F800
G1 X100.611 Y101.246 E0.9953 F800
G1 X100.595 Y101.217 E0.9961 F800
G1 X100.584 Y101.188 E0.9969 F800
G1 X100.578 Y101.161 E0.9976 F800
G1 X100.577 Y101.135 E0.9982 F800
G1 X100.581 Y101.113 E0.9988 F800
G1 X100.589 Y101.093 E0.9993 F800
G1 X100.601 Y101.077 E0.9998 F800
G1 X100.615 Y101.066 E1.0003 F800
G1 X100.633 Y101.059 E1.0008 F800
G1 X100.652 Y101.057 E1.0013 F800
G1 X100.673 Y101.059 E1.0018 F800
G1 X100.695 Y101.068 E1.0024 F800
G1 X100.716 Y101.081 E1.0030 F800
G1 X100.737 Y101.100 E1.0037 F800
G1 X100.756 Y101.123 E1.0045 F800
G1 X100.774 Y101.152 E1.0053 F800
G1 X100.788 Y101.186 E1.0062 F800
G1 X100.800 Y101.223 E1.0072 F800
G1 X100.807 Y101.265 E1.0083 F800
G1 X100.810 Y101.310 E1.0094 F800
G1 X100.809 Y101.358 E1.0106 F800
G1 X100.802 Y101.409 E1.0119 F800
G1 X100.790 Y101.461 E1.0132 F800
G1 X100.772 Y101.514 E1.0146 F800
G1 X100.748 Y101.567 E1.0161 F800
G1 X100.718 Y101.620 E1.0176 F800
G1 X100.683 Y101.672 E1.0192 F800
G1 X100.642 Y101.722 E1.0208 F800
G1 X100.595 Y101.770 E1.0224 F800
G1 X100.544 Y101.815 E1.0241 F800
G1 X100.487 Y101.856 E1.0259 F800
G1 X100.426 Y101.892 E1.0277 F800
G1 X100.361 Y101.924 E1.0295 F800
G1 X100.293 Y101.951 E1.0313 F800
G1 X100.222 Y101.972 E1.0332 F800
G1 X100.149 Y101.988 E1.0350 F800
G1 X100.075 Y101.997 E1.0369 F800
G1 X100.000 Y102.000 E1.0388 F800
G1 X99.925 Y101.997 E1.0407 F800
G1 X99.851 Y101.988 E1.0425 F800
G1 X99.778 Y101.972 E1.0444 F800
G1 X99.707 Y101.951 E1.0462 F800
G1 X99.639 Y101.924 E1.0481 F800
G1 X99.574 Y101.892 E1.0499 F800
G1 X99.513 Y101.856 E1.0517 F800
G1 X99.456 Y101.815 E1.0534 F800
G1 X99.405 Y101.770 E1.0551 F800
G1 X99.358 Y101.722 E1.0568 F800
G1 X99.317 Y101.672 E1.0584 F800
G1 X99.282 Y101.620 E1.0600 F800
G1 X99.252 Y101.567 E1.0615 F800
G1 X99.228 Y101.514 E1.0629 F800
G1 X99.210 Y101.461 E1.0643 F800
G1 X99.198 Y101.409 E1.0657 F800
G1 X99.191 Y101.358 E1.0670 F800
G1 X99.190 Y101.310 E1.0682 F800
G1 X99.193 Y101.265 E1.0693 F800
G1 X99.200 Y101.223 E1.0703 F800
G1 X99.212 Y101.186 E1.0713 F800
G1 X99.226 Y101.152 E1.0722 F800
G1 X99.244 Y101.123 E1.0731 F800
G1 X99.263 Y101.100 E1.0739 F800
G1 X99.284 Y101.081 E1.0746 F800
G1 X99.305 Y101.068 E1.0752 F800
G1 X99.327 Y101.059 E1.0758 F800
G1 X99.348 Y101.057 E1.0763 F800
G1 X99.367 Y101.059 E1.0768 F800
G1 X99.385 Y101.066 E1.0772 F800
G1 X99.399 Y101.077 E1.0777 F800
G1 X99.411 Y101.093 E1.0782 F800
G1 X99.419 Y101.113 E1.0787 F800
G1 X99.423 Y101.135 E1.0793 F800
G1 X99.422 Y101.161 E1.0799 F800
G1 X99.416 Y101.188 E1.0806 F800
G1 X99.405 Y101.217 E1.0814 F800
G1 X99.389 Y101.246 E1.0822 F800
G1 X99.367 Y101.276 E1.0832 F800
G1 X99.340 Y101.304 E1.0841 F800
G1 X99.308 Y101.332 E1.0852 F800
G1 X99.270 Y101.357 E1.0863 F800
G1 X99.228 Y101.380 E1.0875 F800
G1 X99.181 Y101.399 E1.0888 F800
G1 X99.130 Y101.414 E1.0901 F800
G1 X99.075 Y101.425 E1.0915 F800
G1 X99.017 Y101.431 E1.0930 F800
G1 X98.956 Y101.432 E1.0945 F800
G1 X98.893 Y101.428 E1.0961 F800
G1 X98.829 Y101.417 E1.0977 F800
G1 X98.765 Y101.401 E1.0994 F800
G1 X98.700 Y101.378 E1.1011 F800
G1 X98.637 Y101.350 E1.1028 F800
G1 X98.574 Y101.315 E1.1046 F800
G1 X98.514 Y101.275 E1.1064 F800
G1 X98.457 Y101.229 E1.1083 F800
G1 X98.403 Y101.179 E1.1101 F800
G1 X98.353 Y101.123 E1.1120 F800
G1 X98.308 Y101.063 E1.1138 F800
G1 X98.268 Y101.000 E1.1157 F800
G1 X98.233 Y100.933 E1.1176 F800
G1 X98.204 Y100.864 E1.1195 F800
G1 X98.181 Y100.794 E1.1213 F800
G1 X98.164 Y100.722 E1.1232 F800
G1 X98.153 Y100.649 E1.1250 F800
G1 X98.148 Y100.577 E1.1268 F800
G1 X98.149 Y100.506 E1.1286 F800
G1 X98.157 Y100.437 E1.1303 F800
G1 X98.169 Y100.369 E1.1321 F800
G1 X98.187 Y100.305 E1.1337 F800
G1 X98.210 Y100.245 E1.1353 F800
G1 X98.238 Y100.188 E1.1369 F800
G1 X98.269 Y100.136 E1.1384 F800
G1 X98.303 Y100.089 E1.1399 F800
G1 X98.340 Y100.047 E1.1413 F800
G1 X98.379 Y100.010 E1.1426 F800
G1 X98.419 Y99.979 E1.1439 F800
G1 X98.460 Y99.953 E1.1451 F800
G1 X98.501 Y99.933 E1.1462 F800
G1 X98.541 Y99.919 E1.1473 F800
G1 X98.579 Y99.910 E1.1483 F800
G1 X98.615 Y99.906 E1.1492 F800
G1 X98.649 Y99.907 E1.1500 F800
G1 X98.679 Y99.911 E1.1508 F800
G1 X98.706 Y99.920 E1.1515 F800
G1 X98.728 Y99.932 E1.1521 F800
G1 X98.746 Y99.947 E1.1527 F800
G1 X98.759 Y99.963 E1.1532 F800
G1 X98.767 Y99.981 E1.1537 F800
G1 X98.769 Y100.000 E1.1542 F800
G1 X98.767 Y100.019 E1.1547 F800
G1 X98.759 Y100.037 E1.1552 F800
G1 X98.746 Y100.053 E1.1557 F800
G1 X98.728 Y100.068 E1.1563 F800
G1 X98.706 Y100.080 E1.1569 F800
G1 X98.679 Y100.089 E1.1576 F800
G1 X98.649 Y100.093 E1.1584 F800
G1 X98.615 Y100.094 E1.1592 F800
G1 X98.579 Y100.090 E1.1601 F800
G1 X98.541 Y100.081 E1.1611 F800
G1 X98.501 Y100.067 E1.1622 F800
G1 X98.460 Y100.047 E1.1633 F800
G1 X98.419 Y100.021 E1.1645 F800
G1 X98.379 Y99.990 E1.1658 F800
G1 X98.340 Y99.953 E1.1671 F800
G1 X98.303 Y99.911 E1.1685 F800
G1 X98.269 Y99.864 E1.1700 F800
G1 X98.238 Y99.812 E1.1715 F800
G1 X98.210 Y99.755 E1.1730 F800
G1 X98.187 Y99.695 E1.1747 F800
G1 X98.169 Y99.631 E1.1763 F800
G1 X98.157 Y99.563 E1.1780 F800
G1 X98.149 Y99.494 E1.1798 F800
G1 X98.148 Y99.423 E1.1816 F800
G1 X98.153 Y99.351 E1.1834 F800
G1 X98.164 Y99.278 E1.1852 F800
G1 X98.181 Y99.206 E1.1870 F800
G1 X98.204 Y99.136 E1.1889 F800
G1 X98.233 Y99.067 E1.1908 F800
G1 X98.268 Y99.000 E1.1927 F800
G1 X98.308 Y98.937 E1.1945 F800
G1 X98.353 Y98.877 E1.1964 F800
G1 X98.403 Y98.821 E1.1983 F800
G1 X98.457 Y98.771 E1.2001 F800
G1 X98.514 Y98.725 E1.2020 F800
G1 X98.574 Y98.685 E1.2038 F800
G1 X98.637 Y98.650 E1.2055 F800
G1 X98.700 Y98.622 E1.2073 F800
G1 X98.765 Y98.599 E1.2090 F800
G1 X98.829 Y98.583 E1.2107 F800
G1 X98.893 Y98.572 E1.2123 F800
G1 X98.956 Y98.568 E1.2139 F800
G1 X99.017 Y98.569 E1.2154 F800
G1 X99.075 Y98.575 E1.2168 F800
G1 X99.130 Y98.586 E1.2182 F800
G1 X99.181 Y98.601 E1.2196 F800
G1 X99.228 Y98.620 E1.2208 F800
G1 X99.270 Y98.643 E1.2220 F800
G1 X99.308 Y98.668 E1.2232 F800
G1 X99.340 Y98.696 E1.2242 F800
G1 X99.367 Y98.724 E1.2252 F800
G1 X99.389 Y98.754 E1.2261 F800
G1 X99.405 Y98.783 E1.2270 F800
G1 X99.416 Y98.812 E1.2277 F800
G1 X99.422 Y98.839 E1.2284 F800
G1 X99.423 Y98.865 E1.2291 F800
G1 X99.419 Y98.887 E1.2296 F800
G1 X99.411 Y98.907 E1.2302 F800
G1 X99.399 Y98.923 E1.2307 F800
G1 X99.385 Y98.934 E1.2311 F800
G1 X99.367 Y98.941 E1.2316 F800
G1 X99.348 Y98.943 E1.2321 F800
G1 X99.327 Y98.941 E1.2326 F800
G1 X99.305 Y98.932 E1.2332 F800
G1 X99.284 Y98.919 E1.2338 F800
G1 X99.263 Y98.900 E1.2345 F800
G1 X99.244 Y98.877 E1.2353 F800
G1 X99.226 Y98.848 E1.2361 F800
G1 X99.212 Y98.814 E1.2371 F800
G1 X99.200 Y98.777 E1.2380 F800
G1 X99.193 Y98.735 E1.2391 F800
G1 X99.190 Y98.690 E1.2402 F800
G1 X99.191 Y98.642 E1.2414 F800
G1 X99.198 Y98.591 E1.2427 F800
G1 X99.210 Y98.539 E1.2440 F800
G1 X99.228 Y98.486 E1.2454 F800
G1 X99.252 Y98.433 E1.2469 F800
G1 X99.282 Y98.380 E1.2484 F800
G1 X99.317 Y98.328 E1.2500 F800
G1 X99.358 Y98.278 E1.2516 F800
G1 X99.405 Y98.230 E1.2533 F800
G1 X99.456 Y98.185 E1.2550 F800
G1 X99.513 Y98.144 E1.2567 F800
G1 X99.574 Y98.108 E1.2585 F800
G1 X99.639 Y98.076 E1.2603 F800
G1 X99.707 Y98.049 E1.2621 F800
G1 X99.778 Y98.028 E1.2640 F800
G1 X99.851 Y98.012 E1.2659 F800
G1 X99.925 Y98.003 E1.2677 F800
G1 X100.000 Y98.000 E1.2696 F800
G1 X100.075 Y98.003 E1.2715 F800
G1 X100.149 Y98.012 E1.2734 F800
G1 X100.222 Y98.028 E1.2752 F800
G1 X100.293 Y98.049 E1.2771 F800
G1 X100.361 Y98.076 E1.2789 F800
G1 X100.426 Y98.108 E1.2807 F800
G1 X100.487 Y98.144 E1.2825 F800
G1 X100.544 Y98.185 E1.2842 F800
G1 X100.595 Y98.230 E1.2859 F800
G1 X100.642 Y98.278 E1.2876 F800
G1 X100.683 Y98.328 E1.2892 F800
G1 X100.718 Y98.380 E1.2908 F800
G1 X100.748 Y98.433 E1.2923 F800
G1 X100.772 Y98.486 E1.2938 F800
G1 X100.790 Y98.539 E1.2952 F800
G1 X100.802 Y98.591 E1.2965 F800
G1 X100.809 Y98.642 E1.2978 F800
G1 X100.810 Y98.690 E1.2990 F800
G1 X100.807 Y98.735 E1.3001 F800
G1 X100.800 Y98.777 E1.3012 F800
G1 X100.788 Y98.814 E1.3022 F800
G1 X100.774 Y98.848 E1.3031 F800
G1 X100.756 Y98.877 E1.3039 F800
G1 X100.737 Y98.900 E1.3047 F800
G1 X100.716 Y98.919 E1.3054 F800
G1 X100.695 Y98.932 E1.3060 F800
G1 X100.673 Y98.941 E1.3066 F800
G1 X100.652 Y98.943 E1.3071 F800
G1 X100.633 Y98.941 E1.3076 F800
G1 X100.615 Y98.934 E1.3081 F800
G1 X100.601 Y98.923 E1.3086 F800
G1 X100.589 Y98.907 E1.3090 F800
G1 X100.581 Y98.887 E1.3096 F800
G1 X100.577 Y98.865 E1.3101 F800
G1 X100.578 Y98.839 E1.3108 F800
G1 X100.584 Y98.812 E1.3115 F800
G1 X100.595 Y98.783 E1.3122 F800
G1 X100.611 Y98.754 E1.3131 F800
G1 X100.633 Y98.724 E1.3140 F800
G1 X100.660 Y98.696 E1.3150 F800
G1 X100.692 Y98.668 E1.3160 F800
G1 X100.730 Y98.643 E1.3172 F800
G1 X100.772 Y98.620 E1.3184 F800
G1 X100.819 Y98.601 E1.3197 F800
G1 X100.870 Y98.586 E1.3210 F800
G1 X100.925 Y98.575 E1.3224 F800
G1 X100.983 Y98.569 E1.3238 F800
G1 X101.044 Y98.568 E1.3254 F800
G1 X101.107 Y98.572 E1.3269 F800
G1 X101.171 Y98.583 E1.3286 F800
G1 X101.235 Y98.599 E1.3302 F800
G1 X101.300 Y98.622 E1.3319 F800
G1 X101.363 Y98.650 E1.3337 F800
G1 X101.426 Y98.685 E1.3355 F800
G1 X101.486 Y98.725 E1.3373 F800
G1 X101.543 Y98.771 E1.3391 F800
G1 X101.597 Y98.821 E1.3409 F800
G1 X101.647 Y98.877 E1.3428 F800
G1 X101.692 Y98.937 E1.3447 F800
G1 X101.732 Y99.000 E1.3466 F800
G1 X101.767 Y99.067 E1.3484 F800
G1 X101.796 Y99.136 E1.3503 F800
G1 X101.819 Y99.206 E1.3522 F800
G1 X101.836 Y99.278 E1.3540 F800
G1 X101.847 Y99.351 E1.3559 F800
G1 X101.852 Y99.423 E1.3577 F800
G1 X101.851 Y99.494 E1.3594 F800
G1 X101.843 Y99.563 E1.3612 F800
G1 X101.831 Y99.631 E1.3629 F800
G1 X101.813 Y99.695 E1.3646 F800
G1 X101.790 Y99.755 E1.3662 F800
G1 X101.762 Y99.812 E1.3677 F800
G1 X101.731 Y99.864 E1.3693 F800
G1 X101.697 Y99.911 E1.3707 F800
G1 X101.660 Y99.953 E1.3721 F800
G1 X101.621 Y99.990 E1.3735 F800
G1 X101.581 Y100.021 E1.3747 F800
G1 X101.540 Y100.047 E1.3759 F800
G1 X101.499 Y100.067 E1.3771 F800
G1 X101.459 Y100.081 E1.3781 F800
G1 X101.421 Y100.090 E1.3791 F800
G1 X101.385 Y100.094 E1.3800 F800
G1 X101.351 Y100.093 E1.3809 F800
G1 X101.321 Y100.089 E1.3816 F800
G1 X101.294 Y100.080 E1.3823 F800
G1 X101.272 Y100.068 E1.3830 F800
G1 X101.254 Y100.053 E1.3835 F800
G1 X101.241 Y100.037 E1.3841 F800
G1 X101.233 Y100.019 E1.3846 F800
G1 X101.231 Y100.000 E1.3850 F800
G1 E-0.1150 F1200   ; Retract
G1 Z6.50 F600   ; Z-hop
G1 X101.231 Y100.000 F1200   ; Travel → base curve 1 (scale=0.077) rep 4/5
G1 Z5.50 F300   ; Lower to Z
G1 E1.3850 F1200   ; Prime
G1 X101.233 Y99.981 E1.3855 F800
G1 X101.241 Y99.963 E1.3860 F800
G1 X101.254 Y99.947 E1.3865 F800
G1 X101.272 Y99.932 E1.3871 F800
G1 X101.294 Y99.920 E1.3877 F800
G1 X101.321 Y99.911 E1.3884 F800
G1 X101.351 Y99.907 E1.3892 F800
G1 X101.385 Y99.906 E1.3900 F800
G1 X101.421 Y99.910 E1.3909 F800
G1 X101.459 Y99.919 E1.3919 F800
G1 X101.499 Y99.933 E1.3930 F800
G1 X101.540 Y99.953 E1.3941 F800
G1 X101.581 Y99.979 E1.3953 F800
G1 X101.621 Y100.010 E1.3966 F800
G1 X101.660 Y100.047 E1.3979 F800
G1 X101.697 Y100.089 E1.3993 F800
G1 X101.731 Y100.136 E1.4008 F800
G1 X101.762 Y100.188 E1.4023 F800
G1 X101.790 Y100.245 E1.4039 F800
G1 X101.813 Y100.305 E1.4055 F800
G1 X101.831 Y100.369 E1.4072 F800
G1 X101.843 Y100.437 E1.4089 F800
G1 X101.851 Y100.506 E1.4106 F800
G1 X101.852 Y100.577 E1.4124 F800
G1 X101.847 Y100.649 E1.4142 F800
G1 X101.836 Y100.722 E1.4160 F800
G1 X101.819 Y100.794 E1.4179 F800
G1 X101.796 Y100.864 E1.4198 F800
G1 X101.767 Y100.933 E1.4216 F800
G1 X101.732 Y101.000 E1.4235 F800
G1 X101.692 Y101.063 E1.4254 F800
G1 X101.647 Y101.123 E1.4273 F800
G1 X101.597 Y101.179 E1.4291 F800
G1 X101.543 Y101.229 E1.4310 F800
G1 X101.486 Y101.275 E1.4328 F800
G1 X101.426 Y101.315 E1.4346 F800
G1 X101.363 Y101.350 E1.4364 F800
G1 X101.300 Y101.378 E1.4381 F800
G1 X101.235 Y101.401 E1.4398 F800
G1 X101.171 Y101.417 E1.4415 F800
G1 X101.107 Y101.428 E1.4431 F800
G1 X101.044 Y101.432 E1.4447 F800
G1 X100.983 Y101.431 E1.4462 F800
G1 X100.925 Y101.425 E1.4477 F800
G1 X100.870 Y101.414 E1.4491 F800
G1 X100.819 Y101.399 E1.4504 F800
G1 X100.772 Y101.380 E1.4517 F800
G1 X100.730 Y101.357 E1.4529 F800
G1 X100.692 Y101.332 E1.4540 F800
G1 X100.660 Y101.304 E1.4551 F800
G1 X100.633 Y101.276 E1.4561 F800
G1 X100.611 Y101.246 E1.4570 F800
G1 X100.595 Y101.217 E1.4578 F800
G1 X100.584 Y101.188 E1.4586 F800
G1 X100.578 Y101.161 E1.4593 F800
G1 X100.577 Y101.135 E1.4599 F800
G1 X100.581 Y101.113 E1.4605 F800
G1 X100.589 Y101.093 E1.4610 F800
G1 X100.601 Y101.077 E1.4615 F800
G1 X100.615 Y101.066 E1.4620 F800
G1 X100.633 Y101.059 E1.4624 F800
G1 X100.652 Y101.057 E1.4629 F800
G1 X100.673 Y101.059 E1.4635 F800
G1 X100.695 Y101.068 E1.4640 F800
G1 X100.716 Y101.081 E1.4647 F800
G1 X100.737 Y101.100 E1.4654 F800
G1 X100.756 Y101.123 E1.4661 F800
G1 X100.774 Y101.152 E1.4670 F800
G1 X100.788 Y101.186 E1.4679 F800
G1 X100.800 Y101.223 E1.4689 F800
G1 X100.807 Y101.265 E1.4699 F800
G1 X100.810 Y101.310 E1.4711 F800
G1 X100.809 Y101.358 E1.4723 F800
G1 X100.802 Y101.409 E1.4735 F800
G1 X100.790 Y101.461 E1.4749 F800
G1 X100.772 Y101.514 E1.4763 F800
G1 X100.748 Y101.567 E1.4777 F800
G1 X100.718 Y101.620 E1.4793 F800
G1 X100.683 Y101.672 E1.4808 F800
G1 X100.642 Y101.722 E1.4825 F800
G1 X100.595 Y101.770 E1.4841 F800
G1 X100.544 Y101.815 E1.4858 F800
G1 X100.487 Y101.856 E1.4876 F800
G1 X100.426 Y101.892 E1.4893 F800
G1 X100.361 Y101.924 E1.4912 F800
G1 X100.293 Y101.951 E1.4930 F800
G1 X100.222 Y101.972 E1.4948 F800
G1 X100.149 Y101.988 E1.4967 F800
G1 X100.075 Y101.997 E1.4986 F800
G1 X100.000 Y102.000 E1.5004 F800
G1 X99.925 Y101.997 E1.5023 F800
G1 X99.851 Y101.988 E1.5042 F800
G1 X99.778 Y101.972 E1.5061 F800
G1 X99.707 Y101.951 E1.5079 F800
G1 X99.639 Y101.924 E1.5097 F800
G1 X99.574 Y101.892 E1.5116 F800
G1 X99.513 Y101.856 E1.5133 F800
G1 X99.456 Y101.815 E1.5151 F800
G1 X99.405 Y101.770 E1.5168 F800
G1 X99.358 Y101.722 E1.5184 F800
G1 X99.317 Y101.672 E1.5201 F800
G1 X99.282 Y101.620 E1.5216 F800
G1 X99.252 Y101.567 E1.5232 F800
G1 X99.228 Y101.514 E1.5246 F800
G1 X99.210 Y101.461 E1.5260 F800
G1 X99.198 Y101.409 E1.5274 F800
G1 X99.191 Y101.358 E1.5286 F800
G1 X99.190 Y101.310 E1.5298 F800
G1 X99.193 Y101.265 E1.5310 F800
G1 X99.200 Y101.223 E1.5320 F800
G1 X99.212 Y101.186 E1.5330 F800
G1 X99.226 Y101.152 E1.5339 F800
G1 X99.244 Y101.123 E1.5348 F800
G1 X99.263 Y101.100 E1.5355 F800
G1 X99.284 Y101.081 E1.5362 F800
G1 X99.305 Y101.068 E1.5369 F800
G1 X99.327 Y101.059 E1.5374 F800
G1 X99.348 Y101.057 E1.5380 F800
G1 X99.367 Y101.059 E1.5385 F800
G1 X99.385 Y101.066 E1.5389 F800
G1 X99.399 Y101.077 E1.5394 F800
G1 X99.411 Y101.093 E1.5399 F800
G1 X99.419 Y101.113 E1.5404 F800
G1 X99.423 Y101.135 E1.5410 F800
G1 X99.422 Y101.161 E1.5416 F800
G1 X99.416 Y101.188 E1.5423 F800
G1 X99.405 Y101.217 E1.5431 F800
G1 X99.389 Y101.246 E1.5439 F800
G1 X99.367 Y101.276 E1.5448 F800
G1 X99.340 Y101.304 E1.5458 F800
G1 X99.308 Y101.332 E1.5469 F800
G1 X99.270 Y101.357 E1.5480 F800
G1 X99.228 Y101.380 E1.5492 F800
G1 X99.181 Y101.399 E1.5505 F800
G1 X99.130 Y101.414 E1.5518 F800
G1 X99.075 Y101.425 E1.5532 F800
G1 X99.017 Y101.431 E1.5547 F800
G1 X98.956 Y101.432 E1.5562 F800
G1 X98.893 Y101.428 E1.5578 F800
G1 X98.829 Y101.417 E1.5594 F800
G1 X98.765 Y101.401 E1.5611 F800
G1 X98.700 Y101.378 E1.5628 F800
G1 X98.637 Y101.350 E1.5645 F800
G1 X98.574 Y101.315 E1.5663 F800
G1 X98.514 Y101.275 E1.5681 F800
G1 X98.457 Y101.229 E1.5699 F800
G1 X98.403 Y101.179 E1.5718 F800
G1 X98.353 Y101.123 E1.5736 F800
G1 X98.308 Y101.063 E1.5755 F800
G1 X98.268 Y101.000 E1.5774 F800
G1 X98.233 Y100.933 E1.5793 F800
G1 X98.204 Y100.864 E1.5811 F800
G1 X98.181 Y100.794 E1.5830 F800
G1 X98.164 Y100.722 E1.5849 F800
G1 X98.153 Y100.649 E1.5867 F800
G1 X98.148 Y100.577 E1.5885 F800
G1 X98.149 Y100.506 E1.5903 F800
G1 X98.157 Y100.437 E1.5920 F800
G1 X98.169 Y100.369 E1.5937 F800
G1 X98.187 Y100.305 E1.5954 F800
G1 X98.210 Y100.245 E1.5970 F800
G1 X98.238 Y100.188 E1.5986 F800
G1 X98.269 Y100.136 E1.6001 F800
G1 X98.303 Y100.089 E1.6016 F800
G1 X98.340 Y100.047 E1.6030 F800
G1 X98.379 Y100.010 E1.6043 F800
G1 X98.419 Y99.979 E1.6056 F800
G1 X98.460 Y99.953 E1.6068 F800
G1 X98.501 Y99.933 E1.6079 F800
G1 X98.541 Y99.919 E1.6090 F800
G1 X98.579 Y99.910 E1.6100 F800
G1 X98.615 Y99.906 E1.6109 F800
G1 X98.649 Y99.907 E1.6117 F800
G1 X98.679 Y99.911 E1.6125 F800
G1 X98.706 Y99.920 E1.6132 F800
G1 X98.728 Y99.932 E1.6138 F800
G1 X98.746 Y99.947 E1.6144 F800
G1 X98.759 Y99.963 E1.6149 F800
G1 X98.767 Y99.981 E1.6154 F800
G1 X98.769 Y100.000 E1.6159 F800
G1 X98.767 Y100.019 E1.6163 F800
G1 X98.759 Y100.037 E1.6168 F800
G1 X98.746 Y100.053 E1.6174 F800
G1 X98.728 Y100.068 E1.6179 F800
G1 X98.706 Y100.080 E1.6186 F800
G1 X98.679 Y100.089 E1.6193 F800
G1 X98.649 Y100.093 E1.6200 F800
G1 X98.615 Y100.094 E1.6209 F800
G1 X98.579 Y100.090 E1.6218 F800
G1 X98.541 Y100.081 E1.6228 F800
G1 X98.501 Y100.067 E1.6238 F800
G1 X98.460 Y100.047 E1.6250 F800
G1 X98.419 Y100.021 E1.6262 F800
G1 X98.379 Y99.990 E1.6274 F800
G1 X98.340 Y99.953 E1.6288 F800
G1 X98.303 Y99.911 E1.6302 F800
G1 X98.269 Y99.864 E1.6316 F800
G1 X98.238 Y99.812 E1.6332 F800
G1 X98.210 Y99.755 E1.6347 F800
G1 X98.187 Y99.695 E1.6363 F800
G1 X98.169 Y99.631 E1.6380 F800
G1 X98.157 Y99.563 E1.6397 F800
G1 X98.149 Y99.494 E1.6415 F800
G1 X98.148 Y99.423 E1.6432 F800
G1 X98.153 Y99.351 E1.6450 F800
G1 X98.164 Y99.278 E1.6469 F800
G1 X98.181 Y99.206 E1.6487 F800
G1 X98.204 Y99.136 E1.6506 F800
G1 X98.233 Y99.067 E1.6525 F800
G1 X98.268 Y99.000 E1.6543 F800
G1 X98.308 Y98.937 E1.6562 F800
G1 X98.353 Y98.877 E1.6581 F800
G1 X98.403 Y98.821 E1.6600 F800
G1 X98.457 Y98.771 E1.6618 F800
G1 X98.514 Y98.725 E1.6636 F800
G1 X98.574 Y98.685 E1.6654 F800
G1 X98.637 Y98.650 E1.6672 F800
G1 X98.700 Y98.622 E1.6690 F800
G1 X98.765 Y98.599 E1.6707 F800
G1 X98.829 Y98.583 E1.6723 F800
G1 X98.893 Y98.572 E1.6740 F800
G1 X98.956 Y98.568 E1.6755 F800
G1 X99.017 Y98.569 E1.6770 F800
G1 X99.075 Y98.575 E1.6785 F800
G1 X99.130 Y98.586 E1.6799 F800
G1 X99.181 Y98.601 E1.6812 F800
G1 X99.228 Y98.620 E1.6825 F800
G1 X99.270 Y98.643 E1.6837 F800
G1 X99.308 Y98.668 E1.6849 F800
G1 X99.340 Y98.696 E1.6859 F800
G1 X99.367 Y98.724 E1.6869 F800
G1 X99.389 Y98.754 E1.6878 F800
G1 X99.405 Y98.783 E1.6887 F800
G1 X99.416 Y98.812 E1.6894 F800
G1 X99.422 Y98.839 E1.6901 F800
G1 X99.423 Y98.865 E1.6908 F800
G1 X99.419 Y98.887 E1.6913 F800
G1 X99.411 Y98.907 E1.6919 F800
G1 X99.399 Y98.923 E1.6923 F800
G1 X99.385 Y98.934 E1.6928 F800
G1 X99.367 Y98.941 E1.6933 F800
G1 X99.348 Y98.943 E1.6938 F800
G1 X99.327 Y98.941 E1.6943 F800
G1 X99.305 Y98.932 E1.6949 F800
G1 X99.284 Y98.919 E1.6955 F800
G1 X99.263 Y98.900 E1.6962 F800
G1 X99.244 Y98.877 E1.6970 F800
G1 X99.226 Y98.848 E1.6978 F800
G1 X99.212 Y98.814 E1.6987 F800
G1 X99.200 Y98.777 E1.6997 F800
G1 X99.193 Y98.735 E1.7008 F800
G1 X99.190 Y98.690 E1.7019 F800
G1 X99.191 Y98.642 E1.7031 F800
G1 X99.198 Y98.591 E1.7044 F800
G1 X99.210 Y98.539 E1.7057 F800
G1 X99.228 Y98.486 E1.7071 F800
G1 X99.252 Y98.433 E1.7086 F800
G1 X99.282 Y98.380 E1.7101 F800
G1 X99.317 Y98.328 E1.7117 F800
G1 X99.358 Y98.278 E1.7133 F800
G1 X99.405 Y98.230 E1.7150 F800
G1 X99.456 Y98.185 E1.7167 F800
G1 X99.513 Y98.144 E1.7184 F800
G1 X99.574 Y98.108 E1.7202 F800
G1 X99.639 Y98.076 E1.7220 F800
G1 X99.707 Y98.049 E1.7238 F800
G1 X99.778 Y98.028 E1.7257 F800
G1 X99.851 Y98.012 E1.7275 F800
G1 X99.925 Y98.003 E1.7294 F800
G1 X100.000 Y98.000 E1.7313 F800
G1 X100.075 Y98.003 E1.7332 F800
G1 X100.149 Y98.012 E1.7350 F800
G1 X100.222 Y98.028 E1.7369 F800
G1 X100.293 Y98.049 E1.7388 F800
G1 X100.361 Y98.076 E1.7406 F800
G1 X100.426 Y98.108 E1.7424 F800
G1 X100.487 Y98.144 E1.7442 F800
G1 X100.544 Y98.185 E1.7459 F800
G1 X100.595 Y98.230 E1.7476 F800
G1 X100.642 Y98.278 E1.7493 F800
G1 X100.683 Y98.328 E1.7509 F800
G1 X100.718 Y98.380 E1.7525 F800
G1 X100.748 Y98.433 E1.7540 F800
G1 X100.772 Y98.486 E1.7555 F800
G1 X100.790 Y98.539 E1.7569 F800
G1 X100.802 Y98.591 E1.7582 F800
G1 X100.809 Y98.642 E1.7595 F800
G1 X100.810 Y98.690 E1.7607 F800
G1 X100.807 Y98.735 E1.7618 F800
G1 X100.800 Y98.777 E1.7629 F800
G1 X100.788 Y98.814 E1.7638 F800
G1 X100.774 Y98.848 E1.7648 F800
G1 X100.756 Y98.877 E1.7656 F800
G1 X100.737 Y98.900 E1.7664 F800
G1 X100.716 Y98.919 E1.7671 F800
G1 X100.695 Y98.932 E1.7677 F800
G1 X100.673 Y98.941 E1.7683 F800
G1 X100.652 Y98.943 E1.7688 F800
G1 X100.633 Y98.941 E1.7693 F800
G1 X100.615 Y98.934 E1.7698 F800
G1 X100.601 Y98.923 E1.7702 F800
G1 X100.589 Y98.907 E1.7707 F800
G1 X100.581 Y98.887 E1.7712 F800
G1 X100.577 Y98.865 E1.7718 F800
G1 X100.578 Y98.839 E1.7725 F800
G1 X100.584 Y98.812 E1.7732 F800
G1 X100.595 Y98.783 E1.7739 F800
G1 X100.611 Y98.754 E1.7748 F800
G1 X100.633 Y98.724 E1.7757 F800
G1 X100.660 Y98.696 E1.7767 F800
G1 X100.692 Y98.668 E1.7777 F800
G1 X100.730 Y98.643 E1.7789 F800
G1 X100.772 Y98.620 E1.7801 F800
G1 X100.819 Y98.601 E1.7813 F800
G1 X100.870 Y98.586 E1.7827 F800
G1 X100.925 Y98.575 E1.7841 F800
G1 X100.983 Y98.569 E1.7855 F800
G1 X101.044 Y98.568 E1.7870 F800
G1 X101.107 Y98.572 E1.7886 F800
G1 X101.171 Y98.583 E1.7902 F800
G1 X101.235 Y98.599 E1.7919 F800
G1 X101.300 Y98.622 E1.7936 F800
G1 X101.363 Y98.650 E1.7954 F800
G1 X101.426 Y98.685 E1.7971 F800
G1 X101.486 Y98.725 E1.7989 F800
G1 X101.543 Y98.771 E1.8008 F800
G1 X101.597 Y98.821 E1.8026 F800
G1 X101.647 Y98.877 E1.8045 F800
G1 X101.692 Y98.937 E1.8064 F800
G1 X101.732 Y99.000 E1.8082 F800
G1 X101.767 Y99.067 E1.8101 F800
G1 X101.796 Y99.136 E1.8120 F800
G1 X101.819 Y99.206 E1.8138 F800
G1 X101.836 Y99.278 E1.8157 F800
G1 X101.847 Y99.351 E1.8175 F800
G1 X101.852 Y99.423 E1.8193 F800
G1 X101.851 Y99.494 E1.8211 F800
G1 X101.843 Y99.563 E1.8229 F800
G1 X101.831 Y99.631 E1.8246 F800
G1 X101.813 Y99.695 E1.8262 F800
G1 X101.790 Y99.755 E1.8279 F800
G1 X101.762 Y99.812 E1.8294 F800
G1 X101.731 Y99.864 E1.8309 F800
G1 X101.697 Y99.911 E1.8324 F800
G1 X101.660 Y99.953 E1.8338 F800
G1 X101.621 Y99.990 E1.8351 F800
G1 X101.581 Y100.021 E1.8364 F800
G1 X101.540 Y100.047 E1.8376 F800
G1 X101.499 Y100.067 E1.8387 F800
G1 X101.459 Y100.081 E1.8398 F800
G1 X101.421 Y100.090 E1.8408 F800
G1 X101.385 Y100.094 E1.8417 F800
G1 X101.351 Y100.093 E1.8425 F800
G1 X101.321 Y100.089 E1.8433 F800
G1 X101.294 Y100.080 E1.8440 F800
G1 X101.272 Y100.068 E1.8446 F800
G1 X101.254 Y100.053 E1.8452 F800
G1 X101.241 Y100.037 E1.8457 F800
G1 X101.233 Y100.019 E1.8462 F800
G1 X101.231 Y100.000 E1.8467 F800
G1 E0.3467 F1200   ; Retract
G1 Z6.50 F600   ; Z-hop
G1 X101.231 Y100.000 F1200   ; Travel → base curve 1 (scale=0.077) rep 5/5
G1 Z5.50 F300   ; Lower to Z
G1 E1.8467 F1200   ; Prime
G1 X101.233 Y99.981 E1.8472 F800
G1 X101.241 Y99.963 E1.8477 F800
G1 X101.254 Y99.947 E1.8482 F800
G1 X101.272 Y99.932 E1.8488 F800
G1 X101.294 Y99.920 E1.8494 F800
G1 X101.321 Y99.911 E1.8501 F800
G1 X101.351 Y99.907 E1.8509 F800
G1 X101.385 Y99.906 E1.8517 F800
G1 X101.421 Y99.910 E1.8526 F800
G1 X101.459 Y99.919 E1.8536 F800
G1 X101.499 Y99.933 E1.8547 F800
G1 X101.540 Y99.953 E1.8558 F800
G1 X101.581 Y99.979 E1.8570 F800
G1 X101.621 Y100.010 E1.8583 F800
G1 X101.660 Y100.047 E1.8596 F800
G1 X101.697 Y100.089 E1.8610 F800
G1 X101.731 Y100.136 E1.8625 F800
G1 X101.762 Y100.188 E1.8640 F800
G1 X101.790 Y100.245 E1.8656 F800
G1 X101.813 Y100.305 E1.8672 F800
G1 X101.831 Y100.369 E1.8688 F800
G1 X101.843 Y100.437 E1.8706 F800
G1 X101.851 Y100.506 E1.8723 F800
G1 X101.852 Y100.577 E1.8741 F800
G1 X101.847 Y100.649 E1.8759 F800
G1 X101.836 Y100.722 E1.8777 F800
G1 X101.819 Y100.794 E1.8796 F800
G1 X101.796 Y100.864 E1.8814 F800
G1 X101.767 Y100.933 E1.8833 F800
G1 X101.732 Y101.000 E1.8852 F800
G1 X101.692 Y101.063 E1.8871 F800
G1 X101.647 Y101.123 E1.8889 F800
G1 X101.597 Y101.179 E1.8908 F800
G1 X101.543 Y101.229 E1.8926 F800
G1 X101.486 Y101.275 E1.8945 F800
G1 X101.426 Y101.315 E1.8963 F800
G1 X101.363 Y101.350 E1.8981 F800
G1 X101.300 Y101.378 E1.8998 F800
G1 X101.235 Y101.401 E1.9015 F800
G1 X101.171 Y101.417 E1.9032 F800
G1 X101.107 Y101.428 E1.9048 F800
G1 X101.044 Y101.432 E1.9064 F800
G1 X100.983 Y101.431 E1.9079 F800
G1 X100.925 Y101.425 E1.9093 F800
G1 X100.870 Y101.414 E1.9107 F800
G1 X100.819 Y101.399 E1.9121 F800
G1 X100.772 Y101.380 E1.9134 F800
G1 X100.730 Y101.357 E1.9146 F800
G1 X100.692 Y101.332 E1.9157 F800
G1 X100.660 Y101.304 E1.9168 F800
G1 X100.633 Y101.276 E1.9177 F800
G1 X100.611 Y101.246 E1.9187 F800
G1 X100.595 Y101.217 E1.9195 F800
G1 X100.584 Y101.188 E1.9203 F800
G1 X100.578 Y101.161 E1.9210 F800
G1 X100.577 Y101.135 E1.9216 F800
G1 X100.581 Y101.113 E1.9222 F800
G1 X100.589 Y101.093 E1.9227 F800
G1 X100.601 Y101.077 E1.9232 F800
G1 X100.615 Y101.066 E1.9237 F800
G1 X100.633 Y101.059 E1.9241 F800
G1 X100.652 Y101.057 E1.9246 F800
G1 X100.673 Y101.059 E1.9251 F800
G1 X100.695 Y101.068 E1.9257 F800
G1 X100.716 Y101.081 E1.9263 F800
G1 X100.737 Y101.100 E1.9270 F800
G1 X100.756 Y101.123 E1.9278 F800
G1 X100.774 Y101.152 E1.9287 F800
G1 X100.788 Y101.186 E1.9296 F800
G1 X100.800 Y101.223 E1.9306 F800
G1 X100.807 Y101.265 E1.9316 F800
G1 X100.810 Y101.310 E1.9327 F800
G1 X100.809 Y101.358 E1.9339 F800
G1 X100.802 Y101.409 E1.9352 F800
G1 X100.790 Y101.461 E1.9366 F800
G1 X100.772 Y101.514 E1.9380 F800
G1 X100.748 Y101.567 E1.9394 F800
G1 X100.718 Y101.620 E1.9409 F800
G1 X100.683 Y101.672 E1.9425 F800
G1 X100.642 Y101.722 E1.9441 F800
G1 X100.595 Y101.770 E1.9458 F800
G1 X100.544 Y101.815 E1.9475 F800
G1 X100.487 Y101.856 E1.9492 F800
G1 X100.426 Y101.892 E1.9510 F800
G1 X100.361 Y101.924 E1.9528 F800
G1 X100.293 Y101.951 E1.9547 F800
G1 X100.222 Y101.972 E1.9565 F800
G1 X100.149 Y101.988 E1.9584 F800
G1 X100.075 Y101.997 E1.9602 F800
G1 X100.000 Y102.000 E1.9621 F800
G1 X99.925 Y101.997 E1.9640 F800
G1 X99.851 Y101.988 E1.9659 F800
G1 X99.778 Y101.972 E1.9677 F800
G1 X99.707 Y101.951 E1.9696 F800
G1 X99.639 Y101.924 E1.9714 F800
G1 X99.574 Y101.892 E1.9732 F800
G1 X99.513 Y101.856 E1.9750 F800
G1 X99.456 Y101.815 E1.9768 F800
G1 X99.405 Y101.770 E1.9785 F800
G1 X99.358 Y101.722 E1.9801 F800
G1 X99.317 Y101.672 E1.9817 F800
G1 X99.282 Y101.620 E1.9833 F800
G1 X99.252 Y101.567 E1.9848 F800
G1 X99.228 Y101.514 E1.9863 F800
G1 X99.210 Y101.461 E1.9877 F800
G1 X99.198 Y101.409 E1.9890 F800
G1 X99.191 Y101.358 E1.9903 F800
G1 X99.190 Y101.310 E1.9915 F800
G1 X99.193 Y101.265 E1.9926 F800
G1 X99.200 Y101.223 E1.9937 F800
G1 X99.212 Y101.186 E1.9947 F800
G1 X99.226 Y101.152 E1.9956 F800
G1 X99.244 Y101.123 E1.9964 F800
G1 X99.263 Y101.100 E1.9972 F800
G1 X99.284 Y101.081 E1.9979 F800
G1 X99.305 Y101.068 E1.9985 F800
G1 X99.327 Y101.059 E1.9991 F800
G1 X99.348 Y101.057 E1.9996 F800
G1 X99.367 Y101.059 E2.0001 F800
G1 X99.385 Y101.066 E2.0006 F800
G1 X99.399 Y101.077 E2.0011 F800
G1 X99.411 Y101.093 E2.0016 F800
G1 X99.419 Y101.113 E2.0021 F800
G1 X99.423 Y101.135 E2.0027 F800
G1 X99.422 Y101.161 E2.0033 F800
G1 X99.416 Y101.188 E2.0040 F800
G1 X99.405 Y101.217 E2.0048 F800
G1 X99.389 Y101.246 E2.0056 F800
G1 X99.367 Y101.276 E2.0065 F800
G1 X99.340 Y101.304 E2.0075 F800
G1 X99.308 Y101.332 E2.0086 F800
G1 X99.270 Y101.357 E2.0097 F800
G1 X99.228 Y101.380 E2.0109 F800
G1 X99.181 Y101.399 E2.0122 F800
G1 X99.130 Y101.414 E2.0135 F800
G1 X99.075 Y101.425 E2.0149 F800
G1 X99.017 Y101.431 E2.0164 F800
G1 X98.956 Y101.432 E2.0179 F800
G1 X98.893 Y101.428 E2.0195 F800
G1 X98.829 Y101.417 E2.0211 F800
G1 X98.765 Y101.401 E2.0227 F800
G1 X98.700 Y101.378 E2.0244 F800
G1 X98.637 Y101.350 E2.0262 F800
G1 X98.574 Y101.315 E2.0280 F800
G1 X98.514 Y101.275 E2.0298 F800
G1 X98.457 Y101.229 E2.0316 F800
G1 X98.403 Y101.179 E2.0335 F800
G1 X98.353 Y101.123 E2.0353 F800
G1 X98.308 Y101.063 E2.0372 F800
G1 X98.268 Y101.000 E2.0391 F800
G1 X98.233 Y100.933 E2.0409 F800
G1 X98.204 Y100.864 E2.0428 F800
G1 X98.181 Y100.794 E2.0447 F800
G1 X98.164 Y100.722 E2.0465 F800
G1 X98.153 Y100.649 E2.0484 F800
G1 X98.148 Y100.577 E2.0502 F800
G1 X98.149 Y100.506 E2.0520 F800
G1 X98.157 Y100.437 E2.0537 F800
G1 X98.169 Y100.369 E2.0554 F800
G1 X98.187 Y100.305 E2.0571 F800
G1 X98.210 Y100.245 E2.0587 F800
G1 X98.238 Y100.188 E2.0603 F800
G1 X98.269 Y100.136 E2.0618 F800
G1 X98.303 Y100.089 E2.0632 F800
G1 X98.340 Y100.047 E2.0646 F800
G1 X98.379 Y100.010 E2.0660 F800
G1 X98.419 Y99.979 E2.0672 F800
G1 X98.460 Y99.953 E2.0685 F800
G1 X98.501 Y99.933 E2.0696 F800
G1 X98.541 Y99.919 E2.0706 F800
G1 X98.579 Y99.910 E2.0716 F800
G1 X98.615 Y99.906 E2.0725 F800
G1 X98.649 Y99.907 E2.0734 F800
G1 X98.679 Y99.911 E2.0742 F800
G1 X98.706 Y99.920 E2.0748 F800
G1 X98.728 Y99.932 E2.0755 F800
G1 X98.746 Y99.947 E2.0761 F800
G1 X98.759 Y99.963 E2.0766 F800
G1 X98.767 Y99.981 E2.0771 F800
G1 X98.769 Y100.000 E2.0775 F800
G1 X98.767 Y100.019 E2.0780 F800
G1 X98.759 Y100.037 E2.0785 F800
G1 X98.746 Y100.053 E2.0790 F800
G1 X98.728 Y100.068 E2.0796 F800
G1 X98.706 Y100.080 E2.0802 F800
G1 X98.679 Y100.089 E2.0809 F800
G1 X98.649 Y100.093 E2.0817 F800
G1 X98.615 Y100.094 E2.0825 F800
G1 X98.579 Y100.090 E2.0835 F800
G1 X98.541 Y100.081 E2.0844 F800
G1 X98.501 Y100.067 E2.0855 F800
G1 X98.460 Y100.047 E2.0866 F800
G1 X98.419 Y100.021 E2.0878 F800
G1 X98.379 Y99.990 E2.0891 F800
G1 X98.340 Y99.953 E2.0904 F800
G1 X98.303 Y99.911 E2.0918 F800
G1 X98.269 Y99.864 E2.0933 F800
G1 X98.238 Y99.812 E2.0948 F800
G1 X98.210 Y99.755 E2.0964 F800
G1 X98.187 Y99.695 E2.0980 F800
G1 X98.169 Y99.631 E2.0997 F800
G1 X98.157 Y99.563 E2.1014 F800
G1 X98.149 Y99.494 E2.1031 F800
G1 X98.148 Y99.423 E2.1049 F800
G1 X98.153 Y99.351 E2.1067 F800
G1 X98.164 Y99.278 E2.1086 F800
G1 X98.181 Y99.206 E2.1104 F800
G1 X98.204 Y99.136 E2.1123 F800
G1 X98.233 Y99.067 E2.1141 F800
G1 X98.268 Y99.000 E2.1160 F800
G1 X98.308 Y98.937 E2.1179 F800
G1 X98.353 Y98.877 E2.1198 F800
G1 X98.403 Y98.821 E2.1216 F800
G1 X98.457 Y98.771 E2.1235 F800
G1 X98.514 Y98.725 E2.1253 F800
G1 X98.574 Y98.685 E2.1271 F800
G1 X98.637 Y98.650 E2.1289 F800
G1 X98.700 Y98.622 E2.1306 F800
G1 X98.765 Y98.599 E2.1324 F800
G1 X98.829 Y98.583 E2.1340 F800
G1 X98.893 Y98.572 E2.1356 F800
G1 X98.956 Y98.568 E2.1372 F800
G1 X99.017 Y98.569 E2.1387 F800
G1 X99.075 Y98.575 E2.1402 F800
G1 X99.130 Y98.586 E2.1416 F800
G1 X99.181 Y98.601 E2.1429 F800
G1 X99.228 Y98.620 E2.1442 F800
G1 X99.270 Y98.643 E2.1454 F800
G1 X99.308 Y98.668 E2.1465 F800
G1 X99.340 Y98.696 E2.1476 F800
G1 X99.367 Y98.724 E2.1486 F800
G1 X99.389 Y98.754 E2.1495 F800
G1 X99.405 Y98.783 E2.1503 F800
G1 X99.416 Y98.812 E2.1511 F800
G1 X99.422 Y98.839 E2.1518 F800
G1 X99.423 Y98.865 E2.1524 F800
G1 X99.419 Y98.887 E2.1530 F800
G1 X99.411 Y98.907 E2.1535 F800
G1 X99.399 Y98.923 E2.1540 F800
G1 X99.385 Y98.934 E2.1545 F800
G1 X99.367 Y98.941 E2.1550 F800
G1 X99.348 Y98.943 E2.1555 F800
G1 X99.327 Y98.941 E2.1560 F800
G1 X99.305 Y98.932 E2.1566 F800
G1 X99.284 Y98.919 E2.1572 F800
G1 X99.263 Y98.900 E2.1579 F800
G1 X99.244 Y98.877 E2.1587 F800
G1 X99.226 Y98.848 E2.1595 F800
G1 X99.212 Y98.814 E2.1604 F800
G1 X99.200 Y98.777 E2.1614 F800
G1 X99.193 Y98.735 E2.1625 F800
G1 X99.190 Y98.690 E2.1636 F800
G1 X99.191 Y98.642 E2.1648 F800
G1 X99.198 Y98.591 E2.1661 F800
G1 X99.210 Y98.539 E2.1674 F800
G1 X99.228 Y98.486 E2.1688 F800
G1 X99.252 Y98.433 E2.1703 F800
G1 X99.282 Y98.380 E2.1718 F800
G1 X99.317 Y98.328 E2.1733 F800
G1 X99.358 Y98.278 E2.1750 F800
G1 X99.405 Y98.230 E2.1766 F800
G1 X99.456 Y98.185 E2.1783 F800
G1 X99.513 Y98.144 E2.1801 F800
G1 X99.574 Y98.108 E2.1819 F800
G1 X99.639 Y98.076 E2.1837 F800
G1 X99.707 Y98.049 E2.1855 F800
G1 X99.778 Y98.028 E2.1873 F800
G1 X99.851 Y98.012 E2.1892 F800
G1 X99.925 Y98.003 E2.1911 F800
G1 X100.000 Y98.000 E2.1930 F800
G1 X100.075 Y98.003 E2.1948 F800
G1 X100.149 Y98.012 E2.1967 F800
G1 X100.222 Y98.028 E2.1986 F800
G1 X100.293 Y98.049 E2.2004 F800
G1 X100.361 Y98.076 E2.2023 F800
G1 X100.426 Y98.108 E2.2041 F800
G1 X100.487 Y98.144 E2.2058 F800
G1 X100.544 Y98.185 E2.2076 F800
G1 X100.595 Y98.230 E2.2093 F800
G1 X100.642 Y98.278 E2.2110 F800
G1 X100.683 Y98.328 E2.2126 F800
G1 X100.718 Y98.380 E2.2142 F800
G1 X100.748 Y98.433 E2.2157 F800
G1 X100.772 Y98.486 E2.2171 F800
G1 X100.790 Y98.539 E2.2185 F800
G1 X100.802 Y98.591 E2.2199 F800
G1 X100.809 Y98.642 E2.2211 F800
G1 X100.810 Y98.690 E2.2223 F800
G1 X100.807 Y98.735 E2.2235 F800
G1 X100.800 Y98.777 E2.2245 F800
G1 X100.788 Y98.814 E2.2255 F800
G1 X100.774 Y98.848 E2.2264 F800
G1 X100.756 Y98.877 E2.2273 F800
G1 X100.737 Y98.900 E2.2280 F800
G1 X100.716 Y98.919 E2.2287 F800
G1 X100.695 Y98.932 E2.2294 F800
G1 X100.673 Y98.941 E2.2299 F800
G1 X100.652 Y98.943 E2.2305 F800
G1 X100.633 Y98.941 E2.2310 F800
G1 X100.615 Y98.934 E2.2314 F800
G1 X100.601 Y98.923 E2.2319 F800
G1 X100.589 Y98.907 E2.2324 F800
G1 X100.581 Y98.887 E2.2329 F800
G1 X100.577 Y98.865 E2.2335 F800
G1 X100.578 Y98.839 E2.2341 F800
G1 X100.584 Y98.812 E2.2348 F800
G1 X100.595 Y98.783 E2.2356 F800
G1 X100.611 Y98.754 E2.2364 F800
G1 X100.633 Y98.724 E2.2374 F800
G1 X100.660 Y98.696 E2.2383 F800
G1 X100.692 Y98.668 E2.2394 F800
G1 X100.730 Y98.643 E2.2405 F800
G1 X100.772 Y98.620 E2.2417 F800
G1 X100.819 Y98.601 E2.2430 F800
G1 X100.870 Y98.586 E2.2443 F800
G1 X100.925 Y98.575 E2.2457 F800
G1 X100.983 Y98.569 E2.2472 F800
G1 X101.044 Y98.568 E2.2487 F800
G1 X101.107 Y98.572 E2.2503 F800
G1 X101.171 Y98.583 E2.2519 F800
G1 X101.235 Y98.599 E2.2536 F800
G1 X101.300 Y98.622 E2.2553 F800
G1 X101.363 Y98.650 E2.2570 F800
G1 X101.426 Y98.685 E2.2588 F800
G1 X101.486 Y98.725 E2.2606 F800
G1 X101.543 Y98.771 E2.2624 F800
G1 X101.597 Y98.821 E2.2643 F800
G1 X101.647 Y98.877 E2.2662 F800
G1 X101.692 Y98.937 E2.2680 F800
G1 X101.732 Y99.000 E2.2699 F800
G1 X101.767 Y99.067 E2.2718 F800
G1 X101.796 Y99.136 E2.2737 F800
G1 X101.819 Y99.206 E2.2755 F800
G1 X101.836 Y99.278 E2.2774 F800
G1 X101.847 Y99.351 E2.2792 F800
G1 X101.852 Y99.423 E2.2810 F800
G1 X101.851 Y99.494 E2.2828 F800
G1 X101.843 Y99.563 E2.2845 F800
G1 X101.831 Y99.631 E2.2862 F800
G1 X101.813 Y99.695 E2.2879 F800
G1 X101.790 Y99.755 E2.2895 F800
G1 X101.762 Y99.812 E2.2911 F800
G1 X101.731 Y99.864 E2.2926 F800
G1 X101.697 Y99.911 E2.2941 F800
G1 X101.660 Y99.953 E2.2955 F800
G1 X101.621 Y99.990 E2.2968 F800
G1 X101.581 Y100.021 E2.2981 F800
G1 X101.540 Y100.047 E2.2993 F800
G1 X101.499 Y100.067 E2.3004 F800
G1 X101.459 Y100.081 E2.3015 F800
G1 X101.421 Y100.090 E2.3025 F800
G1 X101.385 Y100.094 E2.3034 F800
G1 X101.351 Y100.093 E2.3042 F800
G1 X101.321 Y100.089 E2.3050 F800
G1 X101.294 Y100.080 E2.3057 F800
G1 X101.272 Y100.068 E2.3063 F800
G1 X101.254 Y100.053 E2.3069 F800
G1 X101.241 Y100.037 E2.3074 F800
G1 X101.233 Y100.019 E2.3079 F800
G1 X101.231 Y100.000 E2.3084 F800
G1 E0.8084 F1200   ; Retract
G1 Z6.50 F600   ; Z-hop
G1 X102.462 Y100.000 F1200   ; Travel → base curve 2 (scale=0.154)
G1 Z5.50 F300   ; Lower to Z
G1 E2.3084 F1200   ; Prime
G1 X102.467 Y100.037 E2.3093 F800
G1 X102.482 Y100.073 E2.3103 F800
G1 X102.508 Y100.107 E2.3114 F800
G1 X102.544 Y100.136 E2.3125 F800
G1 X102.588 Y100.160 E2.3138 F800
G1 X102.641 Y100.177 E2.3152 F800
G1 X102.702 Y100.187 E2.3167 F800
G1 X102.769 Y100.188 E2.3184 F800
G1 X102.842 Y100.180 E2.3202 F800
G1 X102.919 Y100.162 E2.3222 F800
G1 X102.998 Y100.133 E2.3243 F800
G1 X103.080 Y100.093 E2.3266 F800
G1 X103.161 Y100.042 E2.3290 F800
G1 X103.242 Y99.980 E2.3315 F800
G1 X103.320 Y99.907 E2.3342 F800
G1 X103.394 Y99.823 E2.3370 F800
G1 X103.463 Y99.728 E2.3399 F800
G1 X103.525 Y99.624 E2.3429 F800
G1 X103.579 Y99.511 E2.3461 F800
G1 X103.625 Y99.389 E2.3493 F800
G1 X103.661 Y99.261 E2.3527 F800
G1 X103.687 Y99.127 E2.3561 F800
G1 X103.701 Y98.988 E2.3596 F800
G1 X103.704 Y98.846 E2.3631 F800
G1 X103.694 Y98.702 E2.3667 F800
G1 X103.673 Y98.557 E2.3704 F800
G1 X103.638 Y98.413 E2.3741 F800
G1 X103.592 Y98.271 E2.3778 F800
G1 X103.534 Y98.133 E2.3816 F800
G1 X103.464 Y98.000 E2.3853 F800
G1 X103.384 Y97.873 E2.3891 F800
G1 X103.293 Y97.754 E2.3928 F800
G1 X103.194 Y97.643 E2.3966 F800
G1 X103.086 Y97.541 E2.4003 F800
G1 X102.972 Y97.450 E2.4039 F800
G1 X102.851 Y97.369 E2.4075 F800
G1 X102.727 Y97.301 E2.4111 F800
G1 X102.600 Y97.244 E2.4146 F800
G1 X102.471 Y97.199 E2.4180 F800
G1 X102.341 Y97.166 E2.4213 F800
G1 X102.213 Y97.145 E2.4246 F800
G1 X102.088 Y97.135 E2.4277 F800
G1 X101.967 Y97.137 E2.4307 F800
G1 X101.850 Y97.150 E2.4337 F800
G1 X101.741 Y97.172 E2.4365 F800
G1 X101.638 Y97.202 E2.4391 F800
G1 X101.544 Y97.241 E2.4417 F800
G1 X101.459 Y97.286 E2.4441 F800
G1 X101.384 Y97.337 E2.4464 F800
G1 X101.319 Y97.392 E2.4485 F800
G1 X101.265 Y97.449 E2.4504 F800
G1 X101.222 Y97.508 E2.4523 F800
G1 X101.189 Y97.567 E2.4540 F800
G1 X101.167 Y97.624 E2.4555 F800
G1 X101.156 Y97.679 E2.4569 F800
G1 X101.154 Y97.729 E2.4582 F800
G1 X101.162 Y97.775 E2.4593 F800
G1 X101.178 Y97.813 E2.4604 F800
G1 X101.201 Y97.845 E2.4613 F800
G1 X101.231 Y97.868 E2.4623 F800
G1 X101.266 Y97.882 E2.4632 F800
G1 X101.305 Y97.887 E2.4642 F800
G1 X101.346 Y97.881 E2.4653 F800
G1 X101.389 Y97.865 E2.4664 F800
G1 X101.432 Y97.838 E2.4677 F800
G1 X101.474 Y97.801 E2.4691 F800
G1 X101.513 Y97.753 E2.4706 F800
G1 X101.547 Y97.696 E2.4723 F800
G1 X101.577 Y97.629 E2.4741 F800
G1 X101.599 Y97.553 E2.4761 F800
G1 X101.614 Y97.470 E2.4782 F800
G1 X101.621 Y97.379 E2.4805 F800
G1 X101.617 Y97.283 E2.4829 F800
G1 X101.604 Y97.183 E2.4854 F800
G1 X101.579 Y97.078 E2.4881 F800
G1 X101.543 Y96.972 E2.4909 F800
G1 X101.496 Y96.865 E2.4938 F800
G1 X101.437 Y96.759 E2.4968 F800
G1 X101.366 Y96.656 E2.5000 F800
G1 X101.284 Y96.555 E2.5032 F800
G1 X101.191 Y96.460 E2.5066 F800
G1 X101.087 Y96.371 E2.5100 F800
G1 X100.974 Y96.289 E2.5135 F800
G1 X100.852 Y96.215 E2.5170 F800
G1 X100.723 Y96.151 E2.5206 F800
G1 X100.586 Y96.098 E2.5243 F800
G1 X100.445 Y96.056 E2.5280 F800
G1 X100.299 Y96.025 E2.5317 F800
G1 X100.150 Y96.006 E2.5355 F800
G1 X100.000 Y96.000 E2.5392 F800
G1 X99.850 Y96.006 E2.5430 F800
G1 X99.701 Y96.025 E2.5467 F800
G1 X99.555 Y96.056 E2.5505 F800
G1 X99.414 Y96.098 E2.5542 F800
G1 X99.277 Y96.151 E2.5578 F800
G1 X99.148 Y96.215 E2.5614 F800
G1 X99.026 Y96.289 E2.5650 F800
G1 X98.913 Y96.371 E2.5685 F800
G1 X98.809 Y96.460 E2.5719 F800
G1 X98.716 Y96.555 E2.5752 F800
G1 X98.634 Y96.656 E2.5785 F800
G1 X98.563 Y96.759 E2.5816 F800
G1 X98.504 Y96.865 E2.5846 F800
G1 X98.457 Y96.972 E2.5876 F800
G1 X98.421 Y97.078 E2.5904 F800
G1 X98.396 Y97.183 E2.5930 F800
G1 X98.383 Y97.283 E2.5956 F800
G1 X98.379 Y97.379 E2.5980 F800
G1 X98.386 Y97.470 E2.6002 F800
G1 X98.401 Y97.553 E2.6024 F800
G1 X98.423 Y97.629 E2.6043 F800
G1 X98.453 Y97.696 E2.6062 F800
G1 X98.487 Y97.753 E2.6078 F800
G1 X98.526 Y97.801 E2.6094 F800
G1 X98.568 Y97.838 E2.6108 F800
G1 X98.611 Y97.865 E2.6120 F800
G1 X98.654 Y97.881 E2.6132 F800
G1 X98.695 Y97.887 E2.6142 F800
G1 X98.734 Y97.882 E2.6152 F800
G1 X98.769 Y97.868 E2.6162 F800
G1 X98.799 Y97.845 E2.6171 F800
G1 X98.822 Y97.813 E2.6181 F800
G1 X98.838 Y97.775 E2.6191 F800
G1 X98.846 Y97.729 E2.6203 F800
G1 X98.844 Y97.679 E2.6216 F800
G1 X98.833 Y97.624 E2.6230 F800
G1 X98.811 Y97.567 E2.6245 F800
G1 X98.778 Y97.508 E2.6262 F800
G1 X98.735 Y97.449 E2.6280 F800
G1 X98.681 Y97.392 E2.6300 F800
G1 X98.616 Y97.337 E2.6321 F800
G1 X98.541 Y97.286 E2.6344 F800
G1 X98.456 Y97.241 E2.6368 F800
G1 X98.362 Y97.202 E2.6393 F800
G1 X98.259 Y97.172 E2.6420 F800
G1 X98.150 Y97.150 E2.6448 F800
G1 X98.033 Y97.137 E2.6477 F800
G1 X97.912 Y97.135 E2.6507 F800
G1 X97.787 Y97.145 E2.6539 F800
G1 X97.659 Y97.166 E2.6571 F800
G1 X97.529 Y97.199 E2.6604 F800
G1 X97.400 Y97.244 E2.6639 F800
G1 X97.273 Y97.301 E2.6674 F800
G1 X97.149 Y97.369 E2.6709 F800
G1 X97.028 Y97.450 E2.6745 F800
G1 X96.914 Y97.541 E2.6782 F800
G1 X96.806 Y97.643 E2.6819 F800
G1 X96.707 Y97.754 E2.6856 F800
G1 X96.616 Y97.873 E2.6894 F800
G1 X96.536 Y98.000 E2.6931 F800
G1 X96.466 Y98.133 E2.6969 F800
G1 X96.408 Y98.271 E2.7006 F800
G1 X96.362 Y98.413 E2.7043 F800
G1 X96.327 Y98.557 E2.7080 F800
G1 X96.306 Y98.702 E2.7117 F800
G1 X96.296 Y98.846 E2.7153 F800
G1 X96.299 Y98.988 E2.7189 F800
G1 X96.313 Y99.127 E2.7224 F800
G1 X96.339 Y99.261 E2.7258 F800
G1 X96.375 Y99.389 E2.7291 F800
G1 X96.421 Y99.511 E2.7324 F800
G1 X96.475 Y99.624 E2.7355 F800
G1 X96.537 Y99.728 E2.7385 F800
G1 X96.606 Y99.823 E2.7415 F800
G1 X96.680 Y99.907 E2.7443 F800
G1 X96.758 Y99.980 E2.7469 F800
G1 X96.839 Y100.042 E2.7495 F800
G1 X96.920 Y100.093 E2.7519 F800
G1 X97.002 Y100.133 E2.7541 F800
G1 X97.081 Y100.162 E2.7563 F800
G1 X97.158 Y100.180 E2.7582 F800
G1 X97.231 Y100.188 E2.7601 F800
G1 X97.298 Y100.187 E2.7617 F800
G1 X97.359 Y100.177 E2.7633 F800
G1 X97.412 Y100.160 E2.7647 F800
G1 X97.456 Y100.136 E2.7659 F800
G1 X97.492 Y100.107 E2.7671 F800
G1 X97.518 Y100.073 E2.7681 F800
G1 X97.533 Y100.037 E2.7691 F800
G1 X97.538 Y100.000 E2.7701 F800
G1 X97.533 Y99.963 E2.7710 F800
G1 X97.518 Y99.927 E2.7720 F800
G1 X97.492 Y99.893 E2.7730 F800
G1 X97.456 Y99.864 E2.7742 F800
G1 X97.412 Y99.840 E2.7755 F800
G1 X97.359 Y99.823 E2.7768 F800
G1 X97.298 Y99.813 E2.7784 F800
G1 X97.231 Y99.812 E2.7801 F800
G1 X97.158 Y99.820 E2.7819 F800
G1 X97.081 Y99.838 E2.7839 F800
G1 X97.002 Y99.867 E2.7860 F800
G1 X96.920 Y99.907 E2.7882 F800
G1 X96.839 Y99.958 E2.7906 F800
G1 X96.758 Y100.020 E2.7932 F800
G1 X96.680 Y100.093 E2.7959 F800
G1 X96.606 Y100.177 E2.7987 F800
G1 X96.537 Y100.272 E2.8016 F800
G1 X96.475 Y100.376 E2.8046 F800
G1 X96.421 Y100.489 E2.8078 F800
G1 X96.375 Y100.611 E2.8110 F800
G1 X96.339 Y100.739 E2.8143 F800
G1 X96.313 Y100.873 E2.8178 F800
G1 X96.299 Y101.012 E2.8212 F800
G1 X96.296 Y101.154 E2.8248 F800
G1 X96.306 Y101.298 E2.8284 F800
G1 X96.327 Y101.443 E2.8321 F800
G1 X96.362 Y101.587 E2.8358 F800
G1 X96.408 Y101.729 E2.8395 F800
G1 X96.466 Y101.867 E2.8432 F800
G1 X96.536 Y102.000 E2.8470 F800
G1 X96.616 Y102.127 E2.8508 F800
G1 X96.707 Y102.246 E2.8545 F800
G1 X96.806 Y102.357 E2.8582 F800
G1 X96.914 Y102.459 E2.8619 F800
G1 X97.028 Y102.550 E2.8656 F800
G1 X97.149 Y102.631 E2.8692 F800
G1 X97.273 Y102.699 E2.8728 F800
G1 X97.400 Y102.756 E2.8763 F800
G1 X97.529 Y102.801 E2.8797 F800
G1 X97.659 Y102.834 E2.8830 F800
G1 X97.787 Y102.855 E2.8862 F800
G1 X97.912 Y102.865 E2.8894 F800
G1 X98.033 Y102.863 E2.8924 F800
G1 X98.150 Y102.850 E2.8953 F800
G1 X98.259 Y102.828 E2.8981 F800
G1 X98.362 Y102.798 E2.9008 F800
G1 X98.456 Y102.759 E2.9034 F800
G1 X98.541 Y102.714 E2.9058 F800
G1 X98.616 Y102.663 E2.9080 F800
G1 X98.681 Y102.608 E2.9102 F800
G1 X98.735 Y102.551 E2.9121 F800
G1 X98.778 Y102.492 E2.9140 F800
G1 X98.811 Y102.433 E2.9156 F800
G1 X98.833 Y102.376 E2.9172 F800
G1 X98.844 Y102.321 E2.9186 F800
G1 X98.846 Y102.271 E2.9198 F800
G1 X98.838 Y102.225 E2.9210 F800
G1 X98.822 Y102.187 E2.9220 F800
G1 X98.799 Y102.155 E2.9230 F800
G1 X98.769 Y102.132 E2.9240 F800
G1 X98.734 Y102.118 E2.9249 F800
G1 X98.695 Y102.113 E2.9259 F800
G1 X98.654 Y102.119 E2.9269 F800
G1 X98.611 Y102.135 E2.9281 F800
G1 X98.568 Y102.162 E2.9293 F800
G1 X98.526 Y102.199 E2.9307 F800
G1 X98.487 Y102.247 E2.9323 F800
G1 X98.453 Y102.304 E2.9340 F800
G1 X98.423 Y102.371 E2.9358 F800
G1 X98.401 Y102.447 E2.9378 F800
G1 X98.386 Y102.530 E2.9399 F800
G1 X98.379 Y102.621 E2.9421 F800
G1 X98.383 Y102.717 E2.9445 F800
G1 X98.396 Y102.817 E2.9471 F800
G1 X98.421 Y102.922 E2.9498 F800
G1 X98.457 Y103.028 E2.9526 F800
G1 X98.504 Y103.135 E2.9555 F800
G1 X98.563 Y103.241 E2.9585 F800
G1 X98.634 Y103.344 E2.9617 F800
G1 X98.716 Y103.445 E2.9649 F800
G1 X98.809 Y103.540 E2.9682 F800
G1 X98.913 Y103.629 E2.9716 F800
G1 X99.026 Y103.711 E2.9751 F800
G1 X99.148 Y103.785 E2.9787 F800
G1 X99.277 Y103.849 E2.9823 F800
G1 X99.414 Y103.902 E2.9860 F800
G1 X99.555 Y103.944 E2.9897 F800
G1 X99.701 Y103.975 E2.9934 F800
G1 X99.850 Y103.994 E2.9971 F800
G1 X100.000 Y104.000 E3.0009 F800
G1 X100.150 Y103.994 E3.0047 F800
G1 X100.299 Y103.975 E3.0084 F800
G1 X100.445 Y103.944 E3.0121 F800
G1 X100.586 Y103.902 E3.0158 F800
G1 X100.723 Y103.849 E3.0195 F800
G1 X100.852 Y103.785 E3.0231 F800
G1 X100.974 Y103.711 E3.0267 F800
G1 X101.087 Y103.629 E3.0301 F800
G1 X101.191 Y103.540 E3.0336 F800
G1 X101.284 Y103.445 E3.0369 F800
G1 X101.366 Y103.344 E3.0401 F800
G1 X101.437 Y103.241 E3.0433 F800
G1 X101.496 Y103.135 E3.0463 F800
G1 X101.543 Y103.028 E3.0492 F800
G1 X101.579 Y102.922 E3.0520 F800
G1 X101.604 Y102.817 E3.0547 F800
G1 X101.617 Y102.717 E3.0573 F800
G1 X101.621 Y102.621 E3.0597 F800
G1 X101.614 Y102.530 E3.0619 F800
G1 X101.599 Y102.447 E3.0640 F800
G1 X101.577 Y102.371 E3.0660 F800
G1 X101.547 Y102.304 E3.0678 F800
G1 X101.513 Y102.247 E3.0695 F800
G1 X101.474 Y102.199 E3.0711 F800
G1 X101.432 Y102.162 E3.0725 F800
G1 X101.389 Y102.135 E3.0737 F800
G1 X101.346 Y102.119 E3.0749 F800
G1 X101.305 Y102.113 E3.0759 F800
G1 X101.266 Y102.118 E3.0769 F800
G1 X101.231 Y102.132 E3.0778 F800
G1 X101.201 Y102.155 E3.0788 F800
G1 X101.178 Y102.187 E3.0798 F800
G1 X101.162 Y102.225 E3.0808 F800
G1 X101.154 Y102.271 E3.0820 F800
G1 X101.156 Y102.321 E3.0832 F800
G1 X101.167 Y102.376 E3.0846 F800
G1 X101.189 Y102.433 E3.0862 F800
G1 X101.222 Y102.492 E3.0878 F800
G1 X101.265 Y102.551 E3.0897 F800
G1 X101.319 Y102.608 E3.0916 F800
G1 X101.384 Y102.663 E3.0938 F800
G1 X101.459 Y102.714 E3.0960 F800
G1 X101.544 Y102.759 E3.0984 F800
G1 X101.638 Y102.798 E3.1010 F800
G1 X101.741 Y102.828 E3.1037 F800
G1 X101.850 Y102.850 E3.1065 F800
G1 X101.967 Y102.863 E3.1094 F800
G1 X102.088 Y102.865 E3.1124 F800
G1 X102.213 Y102.855 E3.1156 F800
G1 X102.341 Y102.834 E3.1188 F800
G1 X102.471 Y102.801 E3.1221 F800
G1 X102.600 Y102.756 E3.1255 F800
G1 X102.727 Y102.699 E3.1290 F800
G1 X102.851 Y102.631 E3.1326 F800
G1 X102.972 Y102.550 E3.1362 F800
G1 X103.086 Y102.459 E3.1399 F800
G1 X103.194 Y102.357 E3.1436 F800
G1 X103.293 Y102.246 E3.1473 F800
G1 X103.384 Y102.127 E3.1510 F800
G1 X103.464 Y102.000 E3.1548 F800
G1 X103.534 Y101.867 E3.1585 F800
G1 X103.592 Y101.729 E3.1623 F800
G1 X103.638 Y101.587 E3.1660 F800
G1 X103.673 Y101.443 E3.1697 F800
G1 X103.694 Y101.298 E3.1734 F800
G1 X103.704 Y101.154 E3.1770 F800
G1 X103.701 Y101.012 E3.1805 F800
G1 X103.687 Y100.873 E3.1840 F800
G1 X103.661 Y100.739 E3.1875 F800
G1 X103.625 Y100.611 E3.1908 F800
G1 X103.579 Y100.489 E3.1940 F800
G1 X103.525 Y100.376 E3.1972 F800
G1 X103.463 Y100.272 E3.2002 F800
G1 X103.394 Y100.177 E3.2031 F800
G1 X103.320 Y100.093 E3.2059 F800
G1 X103.242 Y100.020 E3.2086 F800
G1 X103.161 Y99.958 E3.2111 F800
G1 X103.080 Y99.907 E3.2136 F800
G1 X102.998 Y99.867 E3.2158 F800
G1 X102.919 Y99.838 E3.2179 F800
G1 X102.842 Y99.820 E3.2199 F800
G1 X102.769 Y99.812 E3.2217 F800
G1 X102.702 Y99.813 E3.2234 F800
G1 X102.641 Y99.823 E3.2250 F800
G1 X102.588 Y99.840 E3.2263 F800
G1 X102.544 Y99.864 E3.2276 F800
G1 X102.508 Y99.893 E3.2288 F800
G1 X102.482 Y99.927 E3.2298 F800
G1 X102.467 Y99.963 E3.2308 F800
G1 X102.462 Y100.000 E3.2317 F800
G1 E1.7317 F1200   ; Retract
G1 Z6.50 F600   ; Z-hop
G1 X103.692 Y100.000 F1200   ; Travel → base curve 3 (scale=0.231)
G1 Z5.50 F300   ; Lower to Z
G1 E3.2317 F1200   ; Prime
G1 X103.700 Y99.944 E3.2332 F800
G1 X103.724 Y99.890 E3.2346 F800
G1 X103.762 Y99.840 E3.2362 F800
G1 X103.816 Y99.796 E3.2379 F800
G1 X103.883 Y99.761 E3.2398 F800
G1 X103.962 Y99.734 E3.2419 F800
G1 X104.053 Y99.720 E3.2442 F800
G1 X104.154 Y99.718 E3.2467 F800
G1 X104.263 Y99.730 E3.2495 F800
G1 X104.378 Y99.757 E3.2524 F800
G1 X104.498 Y99.800 E3.2556 F800
G1 X104.620 Y99.860 E3.2590 F800
G1 X104.742 Y99.936 E3.2626 F800
G1 X104.863 Y100.030 E3.2664 F800
G1 X104.980 Y100.140 E3.2704 F800
G1 X105.091 Y100.266 E3.2746 F800
G1 X105.194 Y100.408 E3.2790 F800
G1 X105.287 Y100.564 E3.2836 F800
G1 X105.369 Y100.734 E3.2883 F800
G1 X105.438 Y100.916 E3.2932 F800
G1 X105.492 Y101.108 E3.2982 F800
G1 X105.530 Y101.310 E3.3033 F800
G1 X105.552 Y101.518 E3.3085 F800
G1 X105.556 Y101.731 E3.3139 F800
G1 X105.542 Y101.948 E3.3193 F800
G1 X105.509 Y102.165 E3.3248 F800
G1 X105.458 Y102.381 E3.3303 F800
G1 X105.388 Y102.593 E3.3359 F800
G1 X105.301 Y102.800 E3.3415 F800
G1 X105.196 Y103.000 E3.3472 F800
G1 X105.075 Y103.190 E3.3528 F800
G1 X104.940 Y103.370 E3.3584 F800
G1 X104.790 Y103.536 E3.3640 F800
G1 X104.629 Y103.688 E3.3695 F800
G1 X104.457 Y103.825 E3.3750 F800
G1 X104.277 Y103.946 E3.3805 F800
G1 X104.090 Y104.049 E3.3858 F800
G1 X103.899 Y104.135 E3.3910 F800
G1 X103.706 Y104.202 E3.3962 F800
G1 X103.512 Y104.251 E3.4012 F800
G1 X103.320 Y104.283 E3.4060 F800
G1 X103.132 Y104.297 E3.4107 F800
G1 X102.950 Y104.294 E3.4153 F800
G1 X102.776 Y104.276 E3.4197 F800
G1 X102.611 Y104.243 E3.4239 F800
G1 X102.457 Y104.196 E3.4279 F800
G1 X102.316 Y104.139 E3.4317 F800
G1 X102.189 Y104.071 E3.4353 F800
G1 X102.076 Y103.995 E3.4387 F800
G1 X101.979 Y103.913 E3.4419 F800
G1 X101.898 Y103.827 E3.4448 F800
G1 X101.833 Y103.738 E3.4476 F800
G1 X101.784 Y103.650 E3.4501 F800
G1 X101.751 Y103.564 E3.4524 F800
G1 X101.734 Y103.482 E3.4545 F800
G1 X101.731 Y103.406 E3.4564 F800
G1 X101.743 Y103.338 E3.4581 F800
G1 X101.767 Y103.280 E3.4597 F800
G1 X101.802 Y103.232 E3.4612 F800
G1 X101.846 Y103.198 E3.4626 F800
G1 X101.899 Y103.176 E3.4640 F800
G1 X101.957 Y103.170 E3.4655 F800
G1 X102.020 Y103.178 E3.4670 F800
G1 X102.084 Y103.203 E3.4688 F800
G1 X102.149 Y103.243 E3.4707 F800
G1 X102.211 Y103.299 E3.4728 F800
G1 X102.269 Y103.370 E3.4751 F800
G1 X102.321 Y103.456 E3.4776 F800
G1 X102.365 Y103.557 E3.4803 F800
G1 X102.399 Y103.670 E3.4833 F800
G1 X102.422 Y103.795 E3.4865 F800
G1 X102.431 Y103.931 E3.4899 F800
G1 X102.426 Y104.075 E3.4935 F800
G1 X102.406 Y104.226 E3.4973 F800
G1 X102.369 Y104.382 E3.5013 F800
G1 X102.315 Y104.542 E3.5055 F800
G1 X102.244 Y104.702 E3.5099 F800
G1 X102.155 Y104.861 E3.5144 F800
G1 X102.049 Y105.017 E3.5191 F800
G1 X101.926 Y105.167 E3.5240 F800
G1 X101.786 Y105.310 E3.5290 F800
G1 X101.631 Y105.444 E3.5341 F800
G1 X101.461 Y105.567 E3.5394 F800
G1 X101.279 Y105.677 E3.5447 F800
G1 X101.084 Y105.773 E3.5501 F800
G1 X100.880 Y105.853 E3.5556 F800
G1 X100.667 Y105.917 E3.5611 F800
G1 X100.448 Y105.963 E3.5667 F800
G1 X100.225 Y105.991 E3.5724 F800
G1 X100.000 Y106.000 E3.5780 F800
G1 X99.775 Y105.991 E3.5836 F800
G1 X99.552 Y105.963 E3.5892 F800
G1 X99.333 Y105.917 E3.5948 F800
G1 X99.120 Y105.853 E3.6004 F800
G1 X98.916 Y105.773 E3.6059 F800
G1 X98.721 Y105.677 E3.6113 F800
G1 X98.539 Y105.567 E3.6166 F800
G1 X98.369 Y105.444 E3.6219 F800
G1 X98.214 Y105.310 E3.6270 F800
G1 X98.074 Y105.167 E3.6320 F800
G1 X97.951 Y105.017 E3.6369 F800
G1 X97.845 Y104.861 E3.6416 F800
G1 X97.756 Y104.702 E3.6461 F800
G1 X97.685 Y104.542 E3.6505 F800
G1 X97.631 Y104.382 E3.6547 F800
G1 X97.594 Y104.226 E3.6587 F800
G1 X97.574 Y104.075 E3.6625 F800
G1 X97.569 Y103.931 E3.6661 F800
G1 X97.578 Y103.795 E3.6695 F800
G1 X97.601 Y103.670 E3.6727 F800
G1 X97.635 Y103.557 E3.6757 F800
G1 X97.679 Y103.456 E3.6784 F800
G1 X97.731 Y103.370 E3.6809 F800
G1 X97.789 Y103.299 E3.6832 F800
G1 X97.851 Y103.243 E3.6853 F800
G1 X97.916 Y103.203 E3.6872 F800
G1 X97.980 Y103.178 E3.6889 F800
G1 X98.043 Y103.170 E3.6905 F800
G1 X98.101 Y103.176 E3.6920 F800
G1 X98.154 Y103.198 E3.6934 F800
G1 X98.198 Y103.232 E3.6948 F800
G1 X98.233 Y103.280 E3.6963 F800
G1 X98.257 Y103.338 E3.6979 F800
G1 X98.269 Y103.406 E3.6996 F800
G1 X98.266 Y103.482 E3.7015 F800
G1 X98.249 Y103.564 E3.7036 F800
G1 X98.216 Y103.650 E3.7059 F800
G1 X98.167 Y103.738 E3.7084 F800
G1 X98.102 Y103.827 E3.7112 F800
G1 X98.021 Y103.913 E3.7141 F800
G1 X97.924 Y103.995 E3.7173 F800
G1 X97.811 Y104.071 E3.7207 F800
G1 X97.684 Y104.139 E3.7243 F800
G1 X97.543 Y104.196 E3.7281 F800
G1 X97.389 Y104.243 E3.7321 F800
G1 X97.224 Y104.276 E3.7363 F800
G1 X97.050 Y104.294 E3.7407 F800
G1 X96.868 Y104.297 E3.7453 F800
G1 X96.680 Y104.283 E3.7500 F800
G1 X96.488 Y104.251 E3.7548 F800
G1 X96.294 Y104.202 E3.7598 F800
G1 X96.101 Y104.135 E3.7650 F800
G1 X95.910 Y104.049 E3.7702 F800
G1 X95.723 Y103.946 E3.7755 F800
G1 X95.543 Y103.825 E3.7809 F800
G1 X95.371 Y103.688 E3.7864 F800
G1 X95.210 Y103.536 E3.7920 F800
G1 X95.060 Y103.370 E3.7976 F800
G1 X94.925 Y103.190 E3.8032 F800
G1 X94.804 Y103.000 E3.8088 F800
G1 X94.699 Y102.800 E3.8145 F800
G1 X94.612 Y102.593 E3.8201 F800
G1 X94.542 Y102.381 E3.8257 F800
G1 X94.491 Y102.165 E3.8312 F800
G1 X94.458 Y101.948 E3.8367 F800
G1 X94.444 Y101.731 E3.8421 F800
G1 X94.448 Y101.518 E3.8475 F800
G1 X94.470 Y101.310 E3.8527 F800
G1 X94.508 Y101.108 E3.8578 F800
G1 X94.562 Y100.916 E3.8628 F800
G1 X94.631 Y100.734 E3.8677 F800
G1 X94.713 Y100.564 E3.8724 F800
G1 X94.806 Y100.408 E3.8770 F800
G1 X94.909 Y100.266 E3.8813 F800
G1 X95.020 Y100.140 E3.8855 F800
G1 X95.137 Y100.030 E3.8896 F800
G1 X95.258 Y99.936 E3.8934 F800
G1 X95.380 Y99.860 E3.8970 F800
G1 X95.502 Y99.800 E3.9004 F800
G1 X95.622 Y99.757 E3.9036 F800
G1 X95.737 Y99.730 E3.9065 F800
G1 X95.846 Y99.718 E3.9093 F800
G1 X95.947 Y99.720 E3.9118 F800
G1 X96.038 Y99.734 E3.9141 F800
G1 X96.117 Y99.761 E3.9162 F800
G1 X96.184 Y99.796 E3.9181 F800
G1 X96.238 Y99.840 E3.9198 F800
G1 X96.276 Y99.890 E3.9214 F800
G1 X96.300 Y99.944 E3.9228 F800
G1 X96.308 Y100.000 E3.9243 F800
G1 X96.300 Y100.056 E3.9257 F800
G1 X96.276 Y100.110 E3.9271 F800
G1 X96.238 Y100.160 E3.9287 F800
G1 X96.184 Y100.204 E3.9304 F800
G1 X96.117 Y100.239 E3.9323 F800
G1 X96.038 Y100.266 E3.9344 F800
G1 X95.947 Y100.280 E3.9367 F800
G1 X95.846 Y100.282 E3.9393 F800
G1 X95.737 Y100.270 E3.9420 F800
G1 X95.622 Y100.243 E3.9450 F800
G1 X95.502 Y100.200 E3.9481 F800
G1 X95.380 Y100.140 E3.9515 F800
G1 X95.258 Y100.064 E3.9551 F800
G1 X95.137 Y99.970 E3.9590 F800
G1 X95.020 Y99.860 E3.9630 F800
G1 X94.909 Y99.734 E3.9672 F800
G1 X94.806 Y99.592 E3.9715 F800
G1 X94.713 Y99.436 E3.9761 F800
G1 X94.631 Y99.266 E3.9808 F800
G1 X94.562 Y99.084 E3.9857 F800
G1 X94.508 Y98.892 E3.9907 F800
G1 X94.470 Y98.690 E3.9958 F800
G1 X94.448 Y98.482 E4.0010 F800
G1 X94.444 Y98.269 E4.0064 F800
G1 X94.458 Y98.052 E4.0118 F800
G1 X94.491 Y97.835 E4.0173 F800
G1 X94.542 Y97.619 E4.0228 F800
G1 X94.612 Y97.407 E4.0284 F800
G1 X94.699 Y97.200 E4.0340 F800
G1 X94.804 Y97.000 E4.0397 F800
G1 X94.925 Y96.810 E4.0453 F800
G1 X95.060 Y96.630 E4.0509 F800
G1 X95.210 Y96.464 E4.0565 F800
G1 X95.371 Y96.312 E4.0621 F800
G1 X95.543 Y96.175 E4.0676 F800
G1 X95.723 Y96.054 E4.0730 F800
G1 X95.910 Y95.951 E4.0783 F800
G1 X96.101 Y95.865 E4.0835 F800
G1 X96.294 Y95.798 E4.0887 F800
G1 X96.488 Y95.749 E4.0937 F800
G1 X96.680 Y95.717 E4.0985 F800
G1 X96.868 Y95.703 E4.1032 F800
G1 X97.050 Y95.706 E4.1078 F800
G1 X97.224 Y95.724 E4.1122 F800
G1 X97.389 Y95.757 E4.1164 F800
G1 X97.543 Y95.804 E4.1204 F800
G1 X97.684 Y95.861 E4.1242 F800
G1 X97.811 Y95.929 E4.1278 F800
G1 X97.924 Y96.005 E4.1312 F800
G1 X98.021 Y96.087 E4.1344 F800
G1 X98.102 Y96.173 E4.1374 F800
G1 X98.167 Y96.262 E4.1401 F800
G1 X98.216 Y96.350 E4.1426 F800
G1 X98.249 Y96.436 E4.1449 F800
G1 X98.266 Y96.518 E4.1470 F800
G1 X98.269 Y96.594 E4.1489 F800
G1 X98.257 Y96.662 E4.1506 F800
G1 X98.233 Y96.720 E4.1522 F800
G1 X98.198 Y96.768 E4.1537 F800
G1 X98.154 Y96.802 E4.1551 F800
G1 X98.101 Y96.824 E4.1565 F800
G1 X98.043 Y96.830 E4.1580 F800
G1 X97.980 Y96.822 E4.1596 F800
G1 X97.916 Y96.797 E4.1613 F800
G1 X97.851 Y96.757 E4.1632 F800
G1 X97.789 Y96.701 E4.1653 F800
G1 X97.731 Y96.630 E4.1676 F800
G1 X97.679 Y96.544 E4.1701 F800
G1 X97.635 Y96.443 E4.1728 F800
G1 X97.601 Y96.330 E4.1758 F800
G1 X97.578 Y96.205 E4.1790 F800
G1 X97.569 Y96.069 E4.1824 F800
G1 X97.574 Y95.925 E4.1860 F800
G1 X97.594 Y95.774 E4.1898 F800
G1 X97.631 Y95.618 E4.1938 F800
G1 X97.685 Y95.458 E4.1980 F800
G1 X97.756 Y95.298 E4.2024 F800
G1 X97.845 Y95.139 E4.2069 F800
G1 X97.951 Y94.983 E4.2117 F800
G1 X98.074 Y94.833 E4.2165 F800
G1 X98.214 Y94.690 E4.2215 F800
G1 X98.369 Y94.556 E4.2266 F800
G1 X98.539 Y94.433 E4.2319 F800
G1 X98.721 Y94.323 E4.2372 F800
G1 X98.916 Y94.227 E4.2426 F800
G1 X99.120 Y94.147 E4.2481 F800
G1 X99.333 Y94.083 E4.2537 F800
G1 X99.552 Y94.037 E4.2593 F800
G1 X99.775 Y94.009 E4.2649 F800
G1 X100.000 Y94.000 E4.2705 F800
G1 X100.225 Y94.009 E4.2761 F800
G1 X100.448 Y94.037 E4.2818 F800
G1 X100.667 Y94.083 E4.2874 F800
G1 X100.880 Y94.147 E4.2929 F800
G1 X101.084 Y94.227 E4.2984 F800
G1 X101.279 Y94.323 E4.3038 F800
G1 X101.461 Y94.433 E4.3091 F800
G1 X101.631 Y94.556 E4.3144 F800
G1 X101.786 Y94.690 E4.3195 F800
G1 X101.926 Y94.833 E4.3245 F800
G1 X102.049 Y94.983 E4.3294 F800
G1 X102.155 Y95.139 E4.3341 F800
G1 X102.244 Y95.298 E4.3386 F800
G1 X102.315 Y95.458 E4.3430 F800
G1 X102.369 Y95.618 E4.3472 F800
G1 X102.406 Y95.774 E4.3512 F800
G1 X102.426 Y95.925 E4.3550 F800
G1 X102.431 Y96.069 E4.3587 F800
G1 X102.422 Y96.205 E4.3620 F800
G1 X102.399 Y96.330 E4.3652 F800
G1 X102.365 Y96.443 E4.3682 F800
G1 X102.321 Y96.544 E4.3709 F800
G1 X102.269 Y96.630 E4.3734 F800
G1 X102.211 Y96.701 E4.3757 F800
G1 X102.149 Y96.757 E4.3778 F800
G1 X102.084 Y96.797 E4.3797 F800
G1 X102.020 Y96.822 E4.3815 F800
G1 X101.957 Y96.830 E4.3830 F800
G1 X101.899 Y96.824 E4.3845 F800
G1 X101.846 Y96.802 E4.3859 F800
G1 X101.802 Y96.768 E4.3873 F800
G1 X101.767 Y96.720 E4.3888 F800
G1 X101.743 Y96.662 E4.3904 F800
G1 X101.731 Y96.594 E4.3921 F800
G1 X101.734 Y96.518 E4.3940 F800
G1 X101.751 Y96.436 E4.3961 F800
G1 X101.784 Y96.350 E4.3984 F800
G1 X101.833 Y96.262 E4.4009 F800
G1 X101.898 Y96.173 E4.4037 F800
G1 X101.979 Y96.087 E4.4066 F800
G1 X102.076 Y96.005 E4.4098 F800
G1 X102.189 Y95.929 E4.4132 F800
G1 X102.316 Y95.861 E4.4168 F800
G1 X102.457 Y95.804 E4.4206 F800
G1 X102.611 Y95.757 E4.4246 F800
G1 X102.776 Y95.724 E4.4288 F800
G1 X102.950 Y95.706 E4.4332 F800
G1 X103.132 Y95.703 E4.4378 F800
G1 X103.320 Y95.717 E4.4425 F800
G1 X103.512 Y95.749 E4.4474 F800
G1 X103.706 Y95.798 E4.4524 F800
G1 X103.899 Y95.865 E4.4575 F800
G1 X104.090 Y95.951 E4.4627 F800
G1 X104.277 Y96.054 E4.4680 F800
G1 X104.457 Y96.175 E4.4735 F800
G1 X104.629 Y96.312 E4.4790 F800
G1 X104.790 Y96.464 E4.4845 F800
G1 X104.940 Y96.630 E4.4901 F800
G1 X105.075 Y96.810 E4.4957 F800
G1 X105.196 Y97.000 E4.5013 F800
G1 X105.301 Y97.200 E4.5070 F800
G1 X105.388 Y97.407 E4.5126 F800
G1 X105.458 Y97.619 E4.5182 F800
G1 X105.509 Y97.835 E4.5237 F800
G1 X105.542 Y98.052 E4.5292 F800
G1 X105.556 Y98.269 E4.5347 F800
G1 X105.552 Y98.482 E4.5400 F800
G1 X105.530 Y98.690 E4.5452 F800
G1 X105.492 Y98.892 E4.5503 F800
G1 X105.438 Y99.084 E4.5553 F800
G1 X105.369 Y99.266 E4.5602 F800
G1 X105.287 Y99.436 E4.5649 F800
G1 X105.194 Y99.592 E4.5695 F800
G1 X105.091 Y99.734 E4.5739 F800
G1 X104.980 Y99.860 E4.5781 F800
G1 X104.863 Y99.970 E4.5821 F800
G1 X104.742 Y100.064 E4.5859 F800
G1 X104.620 Y100.140 E4.5895 F800
G1 X104.498 Y100.200 E4.5929 F800
G1 X104.378 Y100.243 E4.5961 F800
G1 X104.263 Y100.270 E4.5990 F800
G1 X104.154 Y100.282 E4.6018 F800
G1 X104.053 Y100.280 E4.6043 F800
G1 X103.962 Y100.266 E4.6066 F800
G1 X103.883 Y100.239 E4.6087 F800
G1 X103.816 Y100.204 E4.6106 F800
G1 X103.762 Y100.160 E4.6123 F800
G1 X103.724 Y100.110 E4.6139 F800
G1 X103.700 Y100.056 E4.6154 F800
G1 X103.692 Y100.000 E4.6168 F800
G1 E3.1168 F1200   ; Retract
G1 Z6.50 F600   ; Z-hop
G1 X104.923 Y100.000 F1200   ; Travel → base curve 4 (scale=0.308)
G1 Z5.50 F300   ; Lower to Z
G1 E4.6168 F1200   ; Prime
G1 X104.934 Y100.075 E4.6187 F800
G1 X104.965 Y100.147 E4.6206 F800
G1 X105.016 Y100.213 E4.6227 F800
G1 X105.087 Y100.272 E4.6250 F800
G1 X105.177 Y100.319 E4.6275 F800
G1 X105.283 Y100.354 E4.6303 F800
G1 X105.404 Y100.374 E4.6334 F800
G1 X105.538 Y100.376 E4.6368 F800
G1 X105.684 Y100.360 E4.6404 F800
G1 X105.837 Y100.324 E4.6444 F800
G1 X105.997 Y100.266 E4.6486 F800
G1 X106.160 Y100.187 E4.6531 F800
G1 X106.323 Y100.085 E4.6579 F800
G1 X106.484 Y99.960 E4.6630 F800
G1 X106.640 Y99.814 E4.6684 F800
G1 X106.788 Y99.645 E4.6740 F800
G1 X106.925 Y99.456 E4.6798 F800
G1 X107.050 Y99.248 E4.6859 F800
G1 X107.159 Y99.021 E4.6922 F800
G1 X107.250 Y98.779 E4.6987 F800
G1 X107.323 Y98.522 E4.7053 F800
G1 X107.374 Y98.254 E4.7122 F800
G1 X107.403 Y97.976 E4.7191 F800
G1 X107.408 Y97.692 E4.7263 F800
G1 X107.389 Y97.403 E4.7335 F800
G1 X107.345 Y97.114 E4.7408 F800
G1 X107.277 Y96.826 E4.7482 F800
G1 X107.184 Y96.542 E4.7557 F800
G1 X107.068 Y96.266 E4.7631 F800
G1 X106.928 Y96.000 E4.7707 F800
G1 X106.767 Y95.746 E4.7782 F800
G1 X106.586 Y95.507 E4.7857 F800
G1 X106.387 Y95.285 E4.7931 F800
G1 X106.172 Y95.082 E4.8005 F800
G1 X105.943 Y94.899 E4.8078 F800
G1 X105.703 Y94.739 E4.8151 F800
G1 X105.454 Y94.601 E4.8222 F800
G1 X105.199 Y94.487 E4.8292 F800
G1 X104.941 Y94.397 E4.8360 F800
G1 X104.683 Y94.332 E4.8427 F800
G1 X104.427 Y94.290 E4.8491 F800
G1 X104.176 Y94.271 E4.8554 F800
G1 X103.933 Y94.275 E4.8615 F800
G1 X103.701 Y94.299 E4.8673 F800
G1 X103.481 Y94.343 E4.8729 F800
G1 X103.276 Y94.405 E4.8783 F800
G1 X103.088 Y94.482 E4.8834 F800
G1 X102.918 Y94.572 E4.8882 F800
G1 X102.768 Y94.674 E4.8927 F800
G1 X102.638 Y94.783 E4.8970 F800
G1 X102.530 Y94.898 E4.9009 F800
G1 X102.443 Y95.016 E4.9046 F800
G1 X102.378 Y95.133 E4.9079 F800
G1 X102.335 Y95.248 E4.9110 F800
G1 X102.312 Y95.357 E4.9138 F800
G1 X102.309 Y95.458 E4.9163 F800
G1 X102.324 Y95.549 E4.9186 F800
G1 X102.355 Y95.627 E4.9207 F800
G1 X102.402 Y95.690 E4.9227 F800
G1 X102.462 Y95.736 E4.9246 F800
G1 X102.531 Y95.765 E4.9264 F800
G1 X102.609 Y95.774 E4.9284 F800
G1 X102.693 Y95.762 E4.9305 F800
G1 X102.779 Y95.730 E4.9328 F800
G1 X102.865 Y95.676 E4.9353 F800
G1 X102.948 Y95.602 E4.9381 F800
G1 X103.026 Y95.507 E4.9412 F800
G1 X103.095 Y95.392 E4.9446 F800
G1 X103.154 Y95.258 E4.9482 F800
G1 X103.199 Y95.107 E4.9522 F800
G1 X103.229 Y94.940 E4.9564 F800
G1 X103.241 Y94.759 E4.9609 F800
G1 X103.235 Y94.567 E4.9657 F800
G1 X103.207 Y94.365 E4.9708 F800
G1 X103.158 Y94.157 E4.9762 F800
G1 X103.087 Y93.945 E4.9818 F800
G1 X102.992 Y93.731 E4.9876 F800
G1 X102.873 Y93.519 E4.9937 F800
G1 X102.732 Y93.311 E5.0000 F800
G1 X102.568 Y93.110 E5.0064 F800
G1 X102.382 Y92.920 E5.0131 F800
G1 X102.175 Y92.741 E5.0199 F800
G1 X101.949 Y92.577 E5.0269 F800
G1 X101.705 Y92.431 E5.0340 F800
G1 X101.446 Y92.303 E5.0413 F800
G1 X101.173 Y92.196 E5.0486 F800
G1 X100.890 Y92.111 E5.0560 F800
G1 X100.598 Y92.050 E5.0634 F800
G1 X100.300 Y92.012 E5.0709 F800
G1 X100.000 Y92.000 E5.0784 F800
G1 X99.700 Y92.012 E5.0860 F800
G1 X99.402 Y92.050 E5.0934 F800
G1 X99.110 Y92.111 E5.1009 F800
G1 X98.827 Y92.196 E5.1083 F800
G1 X98.554 Y92.303 E5.1156 F800
G1 X98.295 Y92.431 E5.1228 F800
G1 X98.051 Y92.577 E5.1300 F800
G1 X97.825 Y92.741 E5.1369 F800
G1 X97.618 Y92.920 E5.1438 F800
G1 X97.432 Y93.110 E5.1504 F800
G1 X97.268 Y93.311 E5.1569 F800
G1 X97.127 Y93.519 E5.1632 F800
G1 X97.008 Y93.731 E5.1693 F800
G1 X96.913 Y93.945 E5.1751 F800
G1 X96.842 Y94.157 E5.1807 F800
G1 X96.793 Y94.365 E5.1861 F800
G1 X96.765 Y94.567 E5.1912 F800
G1 X96.759 Y94.759 E5.1960 F800
G1 X96.771 Y94.940 E5.2005 F800
G1 X96.801 Y95.107 E5.2047 F800
G1 X96.846 Y95.258 E5.2087 F800
G1 X96.905 Y95.392 E5.2123 F800
G1 X96.974 Y95.507 E5.2157 F800
G1 X97.052 Y95.602 E5.2188 F800
G1 X97.135 Y95.676 E5.2216 F800
G1 X97.221 Y95.730 E5.2241 F800
G1 X97.307 Y95.762 E5.2264 F800
G1 X97.391 Y95.774 E5.2285 F800
G1 X97.469 Y95.765 E5.2304 F800
G1 X97.538 Y95.736 E5.2323 F800
G1 X97.598 Y95.690 E5.2342 F800
G1 X97.645 Y95.627 E5.2362 F800
G1 X97.676 Y95.549 E5.2383 F800
G1 X97.691 Y95.458 E5.2406 F800
G1 X97.688 Y95.357 E5.2431 F800
G1 X97.665 Y95.248 E5.2459 F800
G1 X97.622 Y95.133 E5.2490 F800
G1 X97.557 Y95.016 E5.2523 F800
G1 X97.470 Y94.898 E5.2560 F800
G1 X97.362 Y94.783 E5.2599 F800
G1 X97.232 Y94.674 E5.2642 F800
G1 X97.082 Y94.572 E5.2687 F800
G1 X96.912 Y94.482 E5.2735 F800
G1 X96.724 Y94.405 E5.2786 F800
G1 X96.519 Y94.343 E5.2839 F800
G1 X96.299 Y94.299 E5.2896 F800
G1 X96.067 Y94.275 E5.2954 F800
G1 X95.824 Y94.271 E5.3015 F800
G1 X95.573 Y94.290 E5.3078 F800
G1 X95.317 Y94.332 E5.3142 F800
G1 X95.059 Y94.397 E5.3209 F800
G1 X94.801 Y94.487 E5.3277 F800
G1 X94.546 Y94.601 E5.3347 F800
G1 X94.297 Y94.739 E5.3418 F800
G1 X94.057 Y94.899 E5.3490 F800
G1 X93.828 Y95.082 E5.3564 F800
G1 X93.613 Y95.285 E5.3638 F800
G1 X93.414 Y95.507 E5.3712 F800
G1 X93.233 Y95.746 E5.3787 F800
G1 X93.072 Y96.000 E5.3862 F800
G1 X92.932 Y96.266 E5.3937 F800
G1 X92.816 Y96.542 E5.4012 F800
G1 X92.723 Y96.826 E5.4087 F800
G1 X92.655 Y97.114 E5.4161 F800
G1 X92.611 Y97.403 E5.4234 F800
G1 X92.592 Y97.692 E5.4306 F800
G1 X92.597 Y97.976 E5.4377 F800
G1 X92.626 Y98.254 E5.4447 F800
G1 X92.677 Y98.522 E5.4516 F800
G1 X92.750 Y98.779 E5.4582 F800
G1 X92.841 Y99.021 E5.4647 F800
G1 X92.950 Y99.248 E5.4710 F800
G1 X93.075 Y99.456 E5.4771 F800
G1 X93.212 Y99.645 E5.4829 F800
G1 X93.360 Y99.814 E5.4885 F800
G1 X93.516 Y99.960 E5.4939 F800
G1 X93.677 Y100.085 E5.4989 F800
G1 X93.840 Y100.187 E5.5038 F800
G1 X94.003 Y100.266 E5.5083 F800
G1 X94.163 Y100.324 E5.5125 F800
G1 X94.316 Y100.360 E5.5165 F800
G1 X94.462 Y100.376 E5.5201 F800
G1 X94.596 Y100.374 E5.5235 F800
G1 X94.717 Y100.354 E5.5265 F800
G1 X94.823 Y100.319 E5.5293 F800
G1 X94.913 Y100.272 E5.5319 F800
G1 X94.984 Y100.213 E5.5342 F800
G1 X95.035 Y100.147 E5.5363 F800
G1 X95.066 Y100.075 E5.5382 F800
G1 X95.077 Y100.000 E5.5401 F800
G1 X95.066 Y99.925 E5.5420 F800
G1 X95.035 Y99.853 E5.5440 F800
G1 X94.984 Y99.787 E5.5461 F800
G1 X94.913 Y99.728 E5.5484 F800
G1 X94.823 Y99.681 E5.5509 F800
G1 X94.717 Y99.646 E5.5537 F800
G1 X94.596 Y99.626 E5.5568 F800
G1 X94.462 Y99.624 E5.5601 F800
G1 X94.316 Y99.640 E5.5638 F800
G1 X94.163 Y99.676 E5.5677 F800
G1 X94.003 Y99.734 E5.5720 F800
G1 X93.840 Y99.813 E5.5765 F800
G1 X93.677 Y99.915 E5.5813 F800
G1 X93.516 Y100.040 E5.5864 F800
G1 X93.360 Y100.186 E5.5917 F800
G1 X93.212 Y100.355 E5.5973 F800
G1 X93.075 Y100.544 E5.6032 F800
G1 X92.950 Y100.752 E5.6093 F800
G1 X92.841 Y100.979 E5.6155 F800
G1 X92.750 Y101.221 E5.6220 F800
G1 X92.677 Y101.478 E5.6287 F800
G1 X92.626 Y101.746 E5.6355 F800
G1 X92.597 Y102.024 E5.6425 F800
G1 X92.592 Y102.308 E5.6496 F800
G1 X92.611 Y102.597 E5.6568 F800
G1 X92.655 Y102.886 E5.6642 F800
G1 X92.723 Y103.174 E5.6715 F800
G1 X92.816 Y103.458 E5.6790 F800
G1 X92.932 Y103.734 E5.6865 F800
G1 X93.072 Y104.000 E5.6940 F800
G1 X93.233 Y104.254 E5.7015 F800
G1 X93.414 Y104.493 E5.7090 F800
G1 X93.613 Y104.715 E5.7165 F800
G1 X93.828 Y104.918 E5.7239 F800
G1 X94.057 Y105.101 E5.7312 F800
G1 X94.297 Y105.261 E5.7384 F800
G1 X94.546 Y105.399 E5.7455 F800
G1 X94.801 Y105.513 E5.7525 F800
G1 X95.059 Y105.603 E5.7593 F800
G1 X95.317 Y105.668 E5.7660 F800
G1 X95.573 Y105.710 E5.7725 F800
G1 X95.824 Y105.729 E5.7788 F800
G1 X96.067 Y105.725 E5.7848 F800
G1 X96.299 Y105.701 E5.7907 F800
G1 X96.519 Y105.657 E5.7963 F800
G1 X96.724 Y105.595 E5.8016 F800
G1 X96.912 Y105.518 E5.8067 F800
G1 X97.082 Y105.428 E5.8115 F800
G1 X97.232 Y105.326 E5.8161 F800
G1 X97.362 Y105.217 E5.8203 F800
G1 X97.470 Y105.102 E5.8243 F800
G1 X97.557 Y104.984 E5.8279 F800
G1 X97.622 Y104.867 E5.8313 F800
G1 X97.665 Y104.752 E5.8343 F800
G1 X97.688 Y104.643 E5.8371 F800
G1 X97.691 Y104.542 E5.8397 F800
G1 X97.676 Y104.451 E5.8420 F800
G1 X97.645 Y104.373 E5.8441 F800
G1 X97.598 Y104.310 E5.8460 F800
G1 X97.538 Y104.264 E5.8479 F800
G1 X97.469 Y104.235 E5.8498 F800
G1 X97.391 Y104.226 E5.8518 F800
G1 X97.307 Y104.238 E5.8539 F800
G1 X97.221 Y104.270 E5.8562 F800
G1 X97.135 Y104.324 E5.8587 F800
G1 X97.052 Y104.398 E5.8615 F800
G1 X96.974 Y104.493 E5.8645 F800
G1 X96.905 Y104.608 E5.8679 F800
G1 X96.846 Y104.742 E5.8716 F800
G1 X96.801 Y104.893 E5.8755 F800
G1 X96.771 Y105.060 E5.8797 F800
G1 X96.759 Y105.241 E5.8843 F800
G1 X96.765 Y105.433 E5.8891 F800
G1 X96.793 Y105.635 E5.8942 F800
G1 X96.842 Y105.843 E5.8995 F800
G1 X96.913 Y106.055 E5.9051 F800
G1 X97.008 Y106.269 E5.9110 F800
G1 X97.127 Y106.481 E5.9170 F800
G1 X97.268 Y106.689 E5.9233 F800
G1 X97.432 Y106.890 E5.9298 F800
G1 X97.618 Y107.080 E5.9365 F800
G1 X97.825 Y107.259 E5.9433 F800
G1 X98.051 Y107.423 E5.9503 F800
G1 X98.295 Y107.569 E5.9574 F800
G1 X98.554 Y107.697 E5.9646 F800
G1 X98.827 Y107.804 E5.9719 F800
G1 X99.110 Y107.889 E5.9793 F800
G1 X99.402 Y107.950 E5.9868 F800
G1 X99.700 Y107.988 E5.9943 F800
G1 X100.000 Y108.000 E6.0018 F800
G1 X100.300 Y107.988 E6.0093 F800
G1 X100.598 Y107.950 E6.0168 F800
G1 X100.890 Y107.889 E6.0243 F800
G1 X101.173 Y107.804 E6.0317 F800
G1 X101.446 Y107.697 E6.0390 F800
G1 X101.705 Y107.569 E6.0462 F800
G1 X101.949 Y107.423 E6.0533 F800
G1 X102.175 Y107.259 E6.0603 F800
G1 X102.382 Y107.080 E6.0671 F800
G1 X102.568 Y106.890 E6.0738 F800
G1 X102.732 Y106.689 E6.0803 F800
G1 X102.873 Y106.481 E6.0866 F800
G1 X102.992 Y106.269 E6.0926 F800
G1 X103.087 Y106.055 E6.0985 F800
G1 X103.158 Y105.843 E6.1041 F800
G1 X103.207 Y105.635 E6.1094 F800
G1 X103.235 Y105.433 E6.1145 F800
G1 X103.241 Y105.241 E6.1193 F800
G1 X103.229 Y105.060 E6.1238 F800
G1 X103.199 Y104.893 E6.1281 F800
G1 X103.154 Y104.742 E6.1320 F800
G1 X103.095 Y104.608 E6.1357 F800
G1 X103.026 Y104.493 E6.1390 F800
G1 X102.948 Y104.398 E6.1421 F800
G1 X102.865 Y104.324 E6.1449 F800
G1 X102.779 Y104.270 E6.1474 F800
G1 X102.693 Y104.238 E6.1497 F800
G1 X102.609 Y104.226 E6.1518 F800
G1 X102.531 Y104.235 E6.1538 F800
G1 X102.462 Y104.264 E6.1557 F800
G1 X102.402 Y104.310 E6.1576 F800
G1 X102.355 Y104.373 E6.1595 F800
G1 X102.324 Y104.451 E6.1616 F800
G1 X102.309 Y104.542 E6.1639 F800
G1 X102.312 Y104.643 E6.1665 F800
G1 X102.335 Y104.752 E6.1693 F800
G1 X102.378 Y104.867 E6.1723 F800
G1 X102.443 Y104.984 E6.1757 F800
G1 X102.530 Y105.102 E6.1793 F800
G1 X102.638 Y105.217 E6.1833 F800
G1 X102.768 Y105.326 E6.1875 F800
G1 X102.918 Y105.428 E6.1921 F800
G1 X103.088 Y105.518 E6.1969 F800
G1 X103.276 Y105.595 E6.2020 F800
G1 X103.481 Y105.657 E6.2073 F800
G1 X103.701 Y105.701 E6.2129 F800
G1 X103.933 Y105.725 E6.2187 F800
G1 X104.176 Y105.729 E6.2248 F800
G1 X104.427 Y105.710 E6.2311 F800
G1 X104.683 Y105.668 E6.2376 F800
G1 X104.941 Y105.603 E6.2443 F800
G1 X105.199 Y105.513 E6.2511 F800
G1 X105.454 Y105.399 E6.2581 F800
G1 X105.703 Y105.261 E6.2652 F800
G1 X105.943 Y105.101 E6.2724 F800
G1 X106.172 Y104.918 E6.2797 F800
G1 X106.387 Y104.715 E6.2871 F800
G1 X106.586 Y104.493 E6.2946 F800
G1 X106.767 Y104.254 E6.3021 F800
G1 X106.928 Y104.000 E6.3096 F800
G1 X107.068 Y103.734 E6.3171 F800
G1 X107.184 Y103.458 E6.3246 F800
G1 X107.277 Y103.174 E6.3320 F800
G1 X107.345 Y102.886 E6.3394 F800
G1 X107.389 Y102.597 E6.3468 F800
G1 X107.408 Y102.308 E6.3540 F800
G1 X107.403 Y102.024 E6.3611 F800
G1 X107.374 Y101.746 E6.3681 F800
G1 X107.323 Y101.478 E6.3749 F800
G1 X107.250 Y101.221 E6.3816 F800
G1 X107.159 Y100.979 E6.3881 F800
G1 X107.050 Y100.752 E6.3943 F800
G1 X106.925 Y100.544 E6.4004 F800
G1 X106.788 Y100.355 E6.4063 F800
G1 X106.640 Y100.186 E6.4119 F800
G1 X106.484 Y100.040 E6.4172 F800
G1 X106.323 Y99.915 E6.4223 F800
G1 X106.160 Y99.813 E6.4271 F800
G1 X105.997 Y99.734 E6.4316 F800
G1 X105.837 Y99.676 E6.4359 F800
G1 X105.684 Y99.640 E6.4398 F800
G1 X105.538 Y99.624 E6.4435 F800
G1 X105.404 Y99.626 E6.4468 F800
G1 X105.283 Y99.646 E6.4499 F800
G1 X105.177 Y99.681 E6.4527 F800
G1 X105.087 Y99.728 E6.4552 F800
G1 X105.016 Y99.787 E6.4575 F800
G1 X104.965 Y99.853 E6.4596 F800
G1 X104.934 Y99.925 E6.4616 F800
G1 X104.923 Y100.000 E6.4635 F800
G1 E4.9635 F1200   ; Retract
G1 Z6.50 F600   ; Z-hop
G1 X106.154 Y100.000 F1200   ; Travel → base curve 5 (scale=0.385)
G1 Z5.50 F300   ; Lower to Z
G1 E6.4635 F1200   ; Prime
G1 X106.167 Y99.907 E6.4658 F800
G1 X106.206 Y99.817 E6.4683 F800
G1 X106.271 Y99.734 E6.4709 F800
G1 X106.359 Y99.661 E6.4738 F800
G1 X106.471 Y99.601 E6.4769 F800
G1 X106.604 Y99.557 E6.4804 F800
G1 X106.755 Y99.533 E6.4843 F800
G1 X106.923 Y99.530 E6.4885 F800
G1 X107.104 Y99.550 E6.4930 F800
G1 X107.296 Y99.595 E6.4980 F800
G1 X107.496 Y99.667 E6.5033 F800
G1 X107.699 Y99.767 E6.5089 F800
G1 X107.903 Y99.894 E6.5149 F800
G1 X108.105 Y100.050 E6.5213 F800
G1 X108.299 Y100.233 E6.5280 F800
G1 X108.484 Y100.443 E6.5350 F800
G1 X108.656 Y100.680 E6.5423 F800
G1 X108.812 Y100.940 E6.5499 F800
G1 X108.948 Y101.223 E6.5577 F800
G1 X109.063 Y101.526 E6.5658 F800
G1 X109.153 Y101.847 E6.5742 F800
G1 X109.217 Y102.183 E6.5827 F800
G1 X109.253 Y102.530 E6.5914 F800
G1 X109.260 Y102.885 E6.6003 F800
G1 X109.236 Y103.246 E6.6094 F800
G1 X109.181 Y103.608 E6.6185 F800
G1 X109.096 Y103.968 E6.6278 F800
G1 X108.980 Y104.322 E6.6371 F800
G1 X108.834 Y104.667 E6.6464 F800
G1 X108.660 Y105.000 E6.6558 F800
G1 X108.459 Y105.317 E6.6652 F800
G1 X108.233 Y105.616 E6.6746 F800
G1 X107.984 Y105.894 E6.6839 F800
G1 X107.715 Y106.147 E6.6932 F800
G1 X107.429 Y106.376 E6.7023 F800
G1 X107.129 Y106.576 E6.7113 F800
G1 X106.817 Y106.749 E6.7202 F800
G1 X106.499 Y106.891 E6.7290 F800
G1 X106.176 Y107.003 E6.7375 F800
G1 X105.853 Y107.086 E6.7458 F800
G1 X105.533 Y107.138 E6.7539 F800
G1 X105.220 Y107.161 E6.7618 F800
G1 X104.917 Y107.157 E6.7694 F800
G1 X104.626 Y107.126 E6.7767 F800
G1 X104.351 Y107.071 E6.7837 F800
G1 X104.095 Y106.994 E6.7904 F800
G1 X103.860 Y106.898 E6.7967 F800
G1 X103.648 Y106.785 E6.8027 F800
G1 X103.460 Y106.658 E6.8084 F800
G1 X103.298 Y106.521 E6.8137 F800
G1 X103.163 Y106.378 E6.8186 F800
G1 X103.054 Y106.231 E6.8232 F800
G1 X102.973 Y106.084 E6.8274 F800
G1 X102.919 Y105.940 E6.8312 F800
G1 X102.890 Y105.804 E6.8347 F800
G1 X102.886 Y105.677 E6.8379 F800
G1 X102.904 Y105.564 E6.8408 F800
G1 X102.944 Y105.466 E6.8434 F800
G1 X103.003 Y105.387 E6.8458 F800
G1 X103.077 Y105.329 E6.8482 F800
G1 X103.164 Y105.294 E6.8506 F800
G1 X103.262 Y105.283 E6.8530 F800
G1 X103.366 Y105.297 E6.8556 F800
G1 X103.474 Y105.338 E6.8585 F800
G1 X103.581 Y105.404 E6.8617 F800
G1 X103.685 Y105.498 E6.8652 F800
G1 X103.782 Y105.617 E6.8690 F800
G1 X103.869 Y105.760 E6.8732 F800
G1 X103.942 Y105.928 E6.8778 F800
G1 X103.999 Y106.117 E6.8827 F800
G1 X104.036 Y106.325 E6.8880 F800
G1 X104.052 Y106.551 E6.8937 F800
G1 X104.043 Y106.792 E6.8997 F800
G1 X104.009 Y107.044 E6.9060 F800
G1 X103.948 Y107.304 E6.9127 F800
G1 X103.858 Y107.569 E6.9197 F800
G1 X103.740 Y107.836 E6.9270 F800
G1 X103.592 Y108.101 E6.9346 F800
G1 X103.415 Y108.361 E6.9425 F800
G1 X103.210 Y108.612 E6.9506 F800
G1 X102.977 Y108.851 E6.9589 F800
G1 X102.718 Y109.074 E6.9674 F800
G1 X102.436 Y109.278 E6.9762 F800
G1 X102.131 Y109.462 E6.9851 F800
G1 X101.807 Y109.621 E6.9941 F800
G1 X101.466 Y109.755 E7.0032 F800
G1 X101.112 Y109.861 E7.0125 F800
G1 X100.747 Y109.938 E7.0218 F800
G1 X100.375 Y109.984 E7.0312 F800
G1 X100.000 Y110.000 E7.0406 F800
G1 X99.625 Y109.984 E7.0500 F800
G1 X99.253 Y109.938 E7.0593 F800
G1 X98.888 Y109.861 E7.0686 F800
G1 X98.534 Y109.755 E7.0779 F800
G1 X98.193 Y109.621 E7.0870 F800
G1 X97.869 Y109.462 E7.0961 F800
G1 X97.564 Y109.278 E7.1050 F800
G1 X97.282 Y109.074 E7.1137 F800
G1 X97.023 Y108.851 E7.1222 F800
G1 X96.790 Y108.612 E7.1306 F800
G1 X96.585 Y108.361 E7.1387 F800
G1 X96.408 Y108.101 E7.1465 F800
G1 X96.260 Y107.836 E7.1541 F800
G1 X96.142 Y107.569 E7.1614 F800
G1 X96.052 Y107.304 E7.1684 F800
G1 X95.991 Y107.044 E7.1751 F800
G1 X95.957 Y106.792 E7.1815 F800
G1 X95.948 Y106.551 E7.1875 F800
G1 X95.964 Y106.325 E7.1931 F800
G1 X96.001 Y106.117 E7.1984 F800
G1 X96.058 Y105.928 E7.2034 F800
G1 X96.131 Y105.760 E7.2079 F800
G1 X96.218 Y105.617 E7.2121 F800
G1 X96.315 Y105.498 E7.2160 F800
G1 X96.419 Y105.404 E7.2195 F800
G1 X96.526 Y105.338 E7.2226 F800
G1 X96.634 Y105.297 E7.2255 F800
G1 X96.738 Y105.283 E7.2281 F800
G1 X96.836 Y105.294 E7.2306 F800
G1 X96.923 Y105.329 E7.2329 F800
G1 X96.997 Y105.387 E7.2353 F800
G1 X97.056 Y105.466 E7.2377 F800
G1 X97.096 Y105.564 E7.2404 F800
G1 X97.114 Y105.677 E7.2432 F800
G1 X97.110 Y105.804 E7.2464 F800
G1 X97.081 Y105.940 E7.2499 F800
G1 X97.027 Y106.084 E7.2537 F800
G1 X96.946 Y106.231 E7.2579 F800
G1 X96.837 Y106.378 E7.2625 F800
G1 X96.702 Y106.521 E7.2674 F800
G1 X96.540 Y106.658 E7.2727 F800
G1 X96.352 Y106.785 E7.2784 F800
G1 X96.140 Y106.898 E7.2844 F800
G1 X95.905 Y106.994 E7.2908 F800
G1 X95.649 Y107.071 E7.2975 F800
G1 X95.374 Y107.126 E7.3045 F800
G1 X95.083 Y107.157 E7.3118 F800
G1 X94.780 Y107.161 E7.3193 F800
G1 X94.467 Y107.138 E7.3272 F800
G1 X94.147 Y107.086 E7.3353 F800
G1 X93.824 Y107.003 E7.3436 F800
G1 X93.501 Y106.891 E7.3522 F800
G1 X93.183 Y106.749 E7.3609 F800
G1 X92.871 Y106.576 E7.3698 F800
G1 X92.571 Y106.376 E7.3788 F800
G1 X92.285 Y106.147 E7.3880 F800
G1 X92.016 Y105.894 E7.3972 F800
G1 X91.767 Y105.616 E7.4065 F800
G1 X91.541 Y105.317 E7.4159 F800
G1 X91.340 Y105.000 E7.4253 F800
G1 X91.166 Y104.667 E7.4347 F800
G1 X91.020 Y104.322 E7.4441 F800
G1 X90.904 Y103.968 E7.4534 F800
G1 X90.819 Y103.608 E7.4626 F800
G1 X90.764 Y103.246 E7.4718 F800
G1 X90.740 Y102.885 E7.4808 F800
G1 X90.747 Y102.530 E7.4897 F800
G1 X90.783 Y102.183 E7.4984 F800
G1 X90.847 Y101.847 E7.5070 F800
G1 X90.937 Y101.526 E7.5153 F800
G1 X91.052 Y101.223 E7.5234 F800
G1 X91.188 Y100.940 E7.5313 F800
G1 X91.344 Y100.680 E7.5388 F800
G1 X91.516 Y100.443 E7.5461 F800
G1 X91.701 Y100.233 E7.5531 F800
G1 X91.895 Y100.050 E7.5598 F800
G1 X92.097 Y99.894 E7.5662 F800
G1 X92.301 Y99.767 E7.5722 F800
G1 X92.504 Y99.667 E7.5779 F800
G1 X92.704 Y99.595 E7.5832 F800
G1 X92.896 Y99.550 E7.5881 F800
G1 X93.077 Y99.530 E7.5927 F800
G1 X93.245 Y99.533 E7.5969 F800
G1 X93.396 Y99.557 E7.6007 F800
G1 X93.529 Y99.601 E7.6042 F800
G1 X93.641 Y99.661 E7.6074 F800
G1 X93.729 Y99.734 E7.6102 F800
G1 X93.794 Y99.817 E7.6129 F800
G1 X93.833 Y99.907 E7.6153 F800
G1 X93.846 Y100.000 E7.6177 F800
G1 X93.833 Y100.093 E7.6200 F800
G1 X93.794 Y100.183 E7.6225 F800
G1 X93.729 Y100.266 E7.6251 F800
G1 X93.641 Y100.339 E7.6280 F800
G1 X93.529 Y100.399 E7.6311 F800
G1 X93.396 Y100.443 E7.6346 F800
G1 X93.245 Y100.467 E7.6385 F800
G1 X93.077 Y100.470 E7.6427 F800
G1 X92.896 Y100.450 E7.6472 F800
G1 X92.704 Y100.405 E7.6522 F800
G1 X92.504 Y100.333 E7.6575 F800
G1 X92.301 Y100.233 E7.6631 F800
G1 X92.097 Y100.106 E7.6691 F800
G1 X91.895 Y99.950 E7.6755 F800
G1 X91.701 Y99.767 E7.6822 F800
G1 X91.516 Y99.557 E7.6892 F800
G1 X91.344 Y99.320 E7.6965 F800
G1 X91.188 Y99.060 E7.7041 F800
G1 X91.052 Y98.777 E7.7119 F800
G1 X90.937 Y98.474 E7.7200 F800
G1 X90.847 Y98.153 E7.7284 F800
G1 X90.783 Y97.817 E7.7369 F800
G1 X90.747 Y97.470 E7.7456 F800
G1 X90.740 Y97.115 E7.7545 F800
G1 X90.764 Y96.754 E7.7636 F800
G1 X90.819 Y96.392 E7.7727 F800
G1 X90.904 Y96.032 E7.7820 F800
G1 X91.020 Y95.678 E7.7913 F800
G1 X91.166 Y95.333 E7.8006 F800
G1 X91.340 Y95.000 E7.8100 F800
G1 X91.541 Y94.683 E7.8194 F800
G1 X91.767 Y94.384 E7.8288 F800
G1 X92.016 Y94.106 E7.8381 F800
G1 X92.285 Y93.853 E7.8474 F800
G1 X92.571 Y93.624 E7.8565 F800
G1 X92.871 Y93.424 E7.8655 F800
G1 X93.183 Y93.251 E7.8744 F800
G1 X93.501 Y93.109 E7.8832 F800
G1 X93.824 Y92.997 E7.8917 F800
G1 X94.147 Y92.914 E7.9000 F800
G1 X94.467 Y92.862 E7.9081 F800
G1 X94.780 Y92.839 E7.9160 F800
G1 X95.083 Y92.843 E7.9236 F800
G1 X95.374 Y92.874 E7.9309 F800
G1 X95.649 Y92.929 E7.9379 F800
G1 X95.905 Y93.006 E7.9446 F800
G1 X96.140 Y93.102 E7.9509 F800
G1 X96.352 Y93.215 E7.9569 F800
G1 X96.540 Y93.342 E7.9626 F800
G1 X96.702 Y93.479 E7.9679 F800
G1 X96.837 Y93.622 E7.9728 F800
G1 X96.946 Y93.769 E7.9774 F800
G1 X97.027 Y93.916 E7.9816 F800
G1 X97.081 Y94.060 E7.9854 F800
G1 X97.110 Y94.196 E7.9889 F800
G1 X97.114 Y94.323 E7.9921 F800
G1 X97.096 Y94.436 E7.9950 F800
G1 X97.056 Y94.534 E7.9976 F800
G1 X96.997 Y94.613 E8.0000 F800
G1 X96.923 Y94.671 E8.0024 F800
G1 X96.836 Y94.706 E8.0048 F800
G1 X96.738 Y94.717 E8.0072 F800
G1 X96.634 Y94.703 E8.0098 F800
G1 X96.526 Y94.662 E8.0127 F800
G1 X96.419 Y94.596 E8.0159 F800
G1 X96.315 Y94.502 E8.0194 F800
G1 X96.218 Y94.383 E8.0232 F800
G1 X96.131 Y94.240 E8.0274 F800
G1 X96.058 Y94.072 E8.0320 F800
G1 X96.001 Y93.883 E8.0369 F800
G1 X95.964 Y93.675 E8.0422 F800
G1 X95.948 Y93.449 E8.0479 F800
G1 X95.957 Y93.208 E8.0539 F800
G1 X95.991 Y92.956 E8.0602 F800
G1 X96.052 Y92.696 E8.0669 F800
G1 X96.142 Y92.431 E8.0739 F800
G1 X96.260 Y92.164 E8.0812 F800
G1 X96.408 Y91.899 E8.0888 F800
G1 X96.585 Y91.639 E8.0967 F800
G1 X96.790 Y91.388 E8.1048 F800
G1 X97.023 Y91.149 E8.1131 F800
G1 X97.282 Y90.926 E8.1216 F800
G1 X97.564 Y90.722 E8.1304 F800
G1 X97.869 Y90.538 E8.1393 F800
G1 X98.193 Y90.379 E8.1483 F800
G1 X98.534 Y90.245 E8.1574 F800
G1 X98.888 Y90.139 E8.1667 F800
G1 X99.253 Y90.062 E8.1760 F800
G1 X99.625 Y90.016 E8.1854 F800
G1 X100.000 Y90.000 E8.1948 F800
G1 X100.375 Y90.016 E8.2042 F800
G1 X100.747 Y90.062 E8.2135 F800
G1 X101.112 Y90.139 E8.2228 F800
G1 X101.466 Y90.245 E8.2321 F800
G1 X101.807 Y90.379 E8.2412 F800
G1 X102.131 Y90.538 E8.2503 F800
G1 X102.436 Y90.722 E8.2592 F800
G1 X102.718 Y90.926 E8.2679 F800
G1 X102.977 Y91.149 E8.2764 F800
G1 X103.210 Y91.388 E8.2848 F800
G1 X103.415 Y91.639 E8.2929 F800
G1 X103.592 Y91.899 E8.3007 F800
G1 X103.740 Y92.164 E8.3083 F800
G1 X103.858 Y92.431 E8.3156 F800
G1 X103.948 Y92.696 E8.3226 F800
G1 X104.009 Y92.956 E8.3293 F800
G1 X104.043 Y93.208 E8.3356 F800
G1 X104.052 Y93.449 E8.3417 F800
G1 X104.036 Y93.675 E8.3473 F800
G1 X103.999 Y93.883 E8.3526 F800
G1 X103.942 Y94.072 E8.3576 F800
G1 X103.869 Y94.240 E8.3621 F800
G1 X103.782 Y94.383 E8.3663 F800
G1 X103.685 Y94.502 E8.3702 F800
G1 X103.581 Y94.596 E8.3736 F800
G1 X103.474 Y94.662 E8.3768 F800
G1 X103.366 Y94.703 E8.3797 F800
G1 X103.262 Y94.717 E8.3823 F800
G1 X103.164 Y94.706 E8.3848 F800
G1 X103.077 Y94.671 E8.3871 F800
G1 X103.003 Y94.613 E8.3895 F800
G1 X102.944 Y94.534 E8.3919 F800
G1 X102.904 Y94.436 E8.3946 F800
G1 X102.886 Y94.323 E8.3974 F800
G1 X102.890 Y94.196 E8.4006 F800
G1 X102.919 Y94.060 E8.4041 F800
G1 X102.973 Y93.916 E8.4079 F800
G1 X103.054 Y93.769 E8.4121 F800
G1 X103.163 Y93.622 E8.4167 F800
G1 X103.298 Y93.479 E8.4216 F800
G1 X103.460 Y93.342 E8.4269 F800
G1 X103.648 Y93.215 E8.4326 F800
G1 X103.860 Y93.102 E8.4386 F800
G1 X104.095 Y93.006 E8.4450 F800
G1 X104.351 Y92.929 E8.4516 F800
G1 X104.626 Y92.874 E8.4586 F800
G1 X104.917 Y92.843 E8.4660 F800
G1 X105.220 Y92.839 E8.4735 F800
G1 X105.533 Y92.862 E8.4814 F800
G1 X105.853 Y92.914 E8.4895 F800
G1 X106.176 Y92.997 E8.4978 F800
G1 X106.499 Y93.109 E8.5064 F800
G1 X106.817 Y93.251 E8.5151 F800
G1 X107.129 Y93.424 E8.5240 F800
G1 X107.429 Y93.624 E8.5330 F800
G1 X107.715 Y93.853 E8.5422 F800
G1 X107.984 Y94.106 E8.5514 F800
G1 X108.233 Y94.384 E8.5607 F800
G1 X108.459 Y94.683 E8.5701 F800
G1 X108.660 Y95.000 E8.5795 F800
G1 X108.834 Y95.333 E8.5889 F800
G1 X108.980 Y95.678 E8.5982 F800
G1 X109.096 Y96.032 E8.6076 F800
G1 X109.181 Y96.392 E8.6168 F800
G1 X109.236 Y96.754 E8.6260 F800
G1 X109.260 Y97.115 E8.6350 F800
G1 X109.253 Y97.470 E8.6439 F800
G1 X109.217 Y97.817 E8.6526 F800
G1 X109.153 Y98.153 E8.6612 F800
G1 X109.063 Y98.474 E8.6695 F800
G1 X108.948 Y98.777 E8.6776 F800
G1 X108.812 Y99.060 E8.6854 F800
G1 X108.656 Y99.320 E8.6930 F800
G1 X108.484 Y99.557 E8.7003 F800
G1 X108.299 Y99.767 E8.7073 F800
G1 X108.105 Y99.950 E8.7140 F800
G1 X107.903 Y100.106 E8.7204 F800
G1 X107.699 Y100.233 E8.7264 F800
G1 X107.496 Y100.333 E8.7321 F800
G1 X107.296 Y100.405 E8.7374 F800
G1 X107.104 Y100.450 E8.7423 F800
G1 X106.923 Y100.470 E8.7469 F800
G1 X106.755 Y100.467 E8.7511 F800
G1 X106.604 Y100.443 E8.7549 F800
G1 X106.471 Y100.399 E8.7584 F800
G1 X106.359 Y100.339 E8.7615 F800
G1 X106.271 Y100.266 E8.7644 F800
G1 X106.206 Y100.183 E8.7670 F800
G1 X106.167 Y100.093 E8.7695 F800
G1 X106.154 Y100.000 E8.7719 F800
G1 E7.2719 F1200   ; Retract
G1 Z6.50 F600   ; Z-hop
G1 X107.385 Y100.000 F1200   ; Travel → base curve 6 (scale=0.462)
G1 Z5.50 F300   ; Lower to Z
G1 E8.7719 F1200   ; Prime
G1 X107.400 Y100.112 E8.7747 F800
G1 X107.447 Y100.220 E8.7776 F800
G1 X107.525 Y100.320 E8.7808 F800
G1 X107.631 Y100.407 E8.7842 F800
G1 X107.765 Y100.479 E8.7880 F800
G1 X107.924 Y100.531 E8.7922 F800
G1 X108.106 Y100.560 E8.7968 F800
G1 X108.308 Y100.564 E8.8019 F800
G1 X108.525 Y100.540 E8.8073 F800
G1 X108.756 Y100.485 E8.8133 F800
G1 X108.995 Y100.399 E8.8196 F800
G1 X109.239 Y100.280 E8.8264 F800
G1 X109.484 Y100.127 E8.8336 F800
G1 X109.726 Y99.940 E8.8413 F800
G1 X109.959 Y99.721 E8.8493 F800
G1 X110.181 Y99.468 E8.8577 F800
G1 X110.388 Y99.185 E8.8664 F800
G1 X110.574 Y98.872 E8.8756 F800
G1 X110.738 Y98.532 E8.8850 F800
G1 X110.876 Y98.168 E8.8947 F800
G1 X110.984 Y97.783 E8.9047 F800
G1 X111.061 Y97.381 E8.9149 F800
G1 X111.104 Y96.964 E8.9254 F800
G1 X111.112 Y96.538 E8.9361 F800
G1 X111.083 Y96.105 E8.9469 F800
G1 X111.018 Y95.671 E8.9579 F800
G1 X110.915 Y95.239 E8.9690 F800
G1 X110.776 Y94.814 E8.9802 F800
G1 X110.601 Y94.399 E8.9914 F800
G1 X110.392 Y94.000 E9.0027 F800
G1 X110.151 Y93.619 E9.0140 F800
G1 X109.880 Y93.261 E9.0252 F800
G1 X109.581 Y92.928 E9.0364 F800
G1 X109.258 Y92.623 E9.0475 F800
G1 X108.915 Y92.349 E9.0585 F800
G1 X108.554 Y92.108 E9.0693 F800
G1 X108.181 Y91.902 E9.0800 F800
G1 X107.799 Y91.731 E9.0904 F800
G1 X107.412 Y91.596 E9.1007 F800
G1 X107.024 Y91.497 E9.1107 F800
G1 X106.640 Y91.434 E9.1204 F800
G1 X106.264 Y91.406 E9.1298 F800
G1 X105.900 Y91.412 E9.1389 F800
G1 X105.551 Y91.449 E9.1477 F800
G1 X105.222 Y91.515 E9.1561 F800
G1 X104.914 Y91.607 E9.1641 F800
G1 X104.632 Y91.723 E9.1718 F800
G1 X104.377 Y91.859 E9.1790 F800
G1 X104.152 Y92.010 E9.1858 F800
G1 X103.957 Y92.175 E9.1921 F800
G1 X103.795 Y92.347 E9.1981 F800
G1 X103.665 Y92.523 E9.2035 F800
G1 X103.568 Y92.700 E9.2086 F800
G1 X103.502 Y92.872 E9.2132 F800
G1 X103.468 Y93.036 E9.2174 F800
G1 X103.463 Y93.188 E9.2212 F800
G1 X103.485 Y93.324 E9.2246 F800
G1 X103.533 Y93.440 E9.2278 F800
G1 X103.603 Y93.535 E9.2307 F800
G1 X103.692 Y93.605 E9.2335 F800
G1 X103.797 Y93.647 E9.2364 F800
G1 X103.914 Y93.660 E9.2393 F800
G1 X104.039 Y93.643 E9.2425 F800
G1 X104.168 Y93.595 E9.2459 F800
G1 X104.297 Y93.515 E9.2497 F800
G1 X104.422 Y93.403 E9.2539 F800
G1 X104.538 Y93.260 E9.2585 F800
G1 X104.642 Y93.088 E9.2635 F800
G1 X104.730 Y92.887 E9.2690 F800
G1 X104.798 Y92.660 E9.2749 F800
G1 X104.843 Y92.410 E9.2813 F800
G1 X104.862 Y92.138 E9.2881 F800
G1 X104.852 Y91.850 E9.2953 F800
G1 X104.811 Y91.548 E9.3029 F800
G1 X104.738 Y91.235 E9.3110 F800
G1 X104.630 Y90.917 E9.3194 F800
G1 X104.488 Y90.596 E9.3281 F800
G1 X104.310 Y90.278 E9.3372 F800
G1 X104.098 Y89.967 E9.3467 F800
G1 X103.852 Y89.666 E9.3564 F800
G1 X103.572 Y89.379 E9.3664 F800
G1 X103.262 Y89.112 E9.3766 F800
G1 X102.923 Y88.866 E9.3871 F800
G1 X102.557 Y88.646 E9.3978 F800
G1 X102.168 Y88.454 E9.4086 F800
G1 X101.759 Y88.294 E9.4196 F800
G1 X101.334 Y88.167 E9.4307 F800
G1 X100.897 Y88.074 E9.4419 F800
G1 X100.450 Y88.019 E9.4531 F800
G1 X100.000 Y88.000 E9.4644 F800
G1 X99.550 Y88.019 E9.4756 F800
G1 X99.103 Y88.074 E9.4869 F800
G1 X98.666 Y88.167 E9.4981 F800
G1 X98.241 Y88.294 E9.5092 F800
G1 X97.832 Y88.454 E9.5201 F800
G1 X97.443 Y88.646 E9.5310 F800
G1 X97.077 Y88.866 E9.5416 F800
G1 X96.738 Y89.112 E9.5521 F800
G1 X96.428 Y89.379 E9.5624 F800
G1 X96.148 Y89.666 E9.5724 F800
G1 X95.902 Y89.967 E9.5821 F800
G1 X95.690 Y90.278 E9.5915 F800
G1 X95.512 Y90.596 E9.6006 F800
G1 X95.370 Y90.917 E9.6094 F800
G1 X95.262 Y91.235 E9.6178 F800
G1 X95.189 Y91.548 E9.6258 F800
G1 X95.148 Y91.850 E9.6334 F800
G1 X95.138 Y92.138 E9.6407 F800
G1 X95.157 Y92.410 E9.6474 F800
G1 X95.202 Y92.660 E9.6538 F800
G1 X95.270 Y92.887 E9.6597 F800
G1 X95.358 Y93.088 E9.6652 F800
G1 X95.462 Y93.260 E9.6702 F800
G1 X95.578 Y93.403 E9.6749 F800
G1 X95.703 Y93.515 E9.6790 F800
G1 X95.832 Y93.595 E9.6828 F800
G1 X95.961 Y93.643 E9.6863 F800
G1 X96.086 Y93.660 E9.6894 F800
G1 X96.203 Y93.647 E9.6924 F800
G1 X96.308 Y93.605 E9.6952 F800
G1 X96.397 Y93.535 E9.6980 F800
G1 X96.467 Y93.440 E9.7010 F800
G1 X96.515 Y93.324 E9.7041 F800
G1 X96.537 Y93.188 E9.7076 F800
G1 X96.532 Y93.036 E9.7114 F800
G1 X96.498 Y92.872 E9.7156 F800
G1 X96.432 Y92.700 E9.7202 F800
G1 X96.335 Y92.523 E9.7252 F800
G1 X96.205 Y92.347 E9.7307 F800
G1 X96.043 Y92.175 E9.7366 F800
G1 X95.848 Y92.010 E9.7430 F800
G1 X95.623 Y91.859 E9.7498 F800
G1 X95.368 Y91.723 E9.7570 F800
G1 X95.086 Y91.607 E9.7646 F800
G1 X94.778 Y91.515 E9.7726 F800
G1 X94.449 Y91.449 E9.7810 F800
G1 X94.100 Y91.412 E9.7898 F800
G1 X93.736 Y91.406 E9.7989 F800
G1 X93.360 Y91.434 E9.8083 F800
G1 X92.976 Y91.497 E9.8181 F800
G1 X92.588 Y91.596 E9.8281 F800
G1 X92.201 Y91.731 E9.8383 F800
G1 X91.819 Y91.902 E9.8488 F800
G1 X91.446 Y92.108 E9.8594 F800
G1 X91.085 Y92.349 E9.8703 F800
G1 X90.742 Y92.623 E9.8813 F800
G1 X90.419 Y92.928 E9.8924 F800
G1 X90.120 Y93.261 E9.9035 F800
G1 X89.849 Y93.619 E9.9148 F800
G1 X89.608 Y94.000 E9.9260 F800
G1 X89.399 Y94.399 E9.9373 F800
G1 X89.224 Y94.814 E9.9486 F800
G1 X89.085 Y95.239 E9.9597 F800
G1 X88.982 Y95.671 E9.9708 F800
G1 X88.917 Y96.105 E9.9818 F800
G1 X88.888 Y96.538 E9.9927 F800
G1 X88.896 Y96.964 E10.0033 F800
G1 X88.939 Y97.381 E10.0138 F800
G1 X89.016 Y97.783 E10.0240 F800
G1 X89.124 Y98.168 E10.0340 F800
G1 X89.262 Y98.532 E10.0438 F800
G1 X89.426 Y98.872 E10.0532 F800
G1 X89.612 Y99.185 E10.0623 F800
G1 X89.819 Y99.468 E10.0711 F800
G1 X90.041 Y99.721 E10.0795 F800
G1 X90.274 Y99.940 E10.0875 F800
G1 X90.516 Y100.127 E10.0951 F800
G1 X90.761 Y100.280 E10.1023 F800
G1 X91.005 Y100.399 E10.1091 F800
G1 X91.244 Y100.485 E10.1155 F800
G1 X91.475 Y100.540 E10.1214 F800
G1 X91.692 Y100.564 E10.1269 F800
G1 X91.894 Y100.560 E10.1319 F800
G1 X92.076 Y100.531 E10.1365 F800
G1 X92.235 Y100.479 E10.1407 F800
G1 X92.369 Y100.407 E10.1445 F800
G1 X92.475 Y100.320 E10.1480 F800
G1 X92.553 Y100.220 E10.1511 F800
G1 X92.600 Y100.112 E10.1541 F800
G1 X92.615 Y100.000 E10.1569 F800
G1 X92.600 Y99.888 E10.1597 F800
G1 X92.553 Y99.780 E10.1627 F800
G1 X92.475 Y99.680 E10.1658 F800
G1 X92.369 Y99.593 E10.1693 F800
G1 X92.235 Y99.521 E10.1731 F800
G1 X92.076 Y99.469 E10.1772 F800
G1 X91.894 Y99.440 E10.1818 F800
G1 X91.692 Y99.436 E10.1869 F800
G1 X91.475 Y99.460 E10.1924 F800
G1 X91.244 Y99.515 E10.1983 F800
G1 X91.005 Y99.601 E10.2046 F800
G1 X90.761 Y99.720 E10.2114 F800
G1 X90.516 Y99.873 E10.2187 F800
G1 X90.274 Y100.060 E10.2263 F800
G1 X90.041 Y100.279 E10.2343 F800
G1 X89.819 Y100.532 E10.2427 F800
G1 X89.612 Y100.815 E10.2515 F800
G1 X89.426 Y101.128 E10.2606 F800
G1 X89.262 Y101.468 E10.2700 F800
G1 X89.124 Y101.832 E10.2797 F800
G1 X89.016 Y102.217 E10.2897 F800
G1 X88.939 Y102.619 E10.3000 F800
G1 X88.896 Y103.036 E10.3104 F800
G1 X88.888 Y103.462 E10.3211 F800
G1 X88.917 Y103.895 E10.3320 F800
G1 X88.982 Y104.329 E10.3429 F800
G1 X89.085 Y104.761 E10.3540 F800
G1 X89.224 Y105.186 E10.3652 F800
G1 X89.399 Y105.601 E10.3765 F800
G1 X89.608 Y106.000 E10.3877 F800
G1 X89.849 Y106.381 E10.3990 F800
G1 X90.120 Y106.739 E10.4102 F800
G1 X90.419 Y107.072 E10.4214 F800
G1 X90.742 Y107.377 E10.4325 F800
G1 X91.085 Y107.651 E10.4435 F800
G1 X91.446 Y107.892 E10.4543 F800
G1 X91.819 Y108.098 E10.4650 F800
G1 X92.201 Y108.269 E10.4755 F800
G1 X92.588 Y108.404 E10.4857 F800
G1 X92.976 Y108.503 E10.4957 F800
G1 X93.360 Y108.566 E10.5054 F800
G1 X93.736 Y108.594 E10.5149 F800
G1 X94.100 Y108.588 E10.5240 F800
G1 X94.449 Y108.551 E10.5327 F800
G1 X94.778 Y108.485 E10.5411 F800
G1 X95.086 Y108.393 E10.5492 F800
G1 X95.368 Y108.277 E10.5568 F800
G1 X95.623 Y108.141 E10.5640 F800
G1 X95.848 Y107.990 E10.5708 F800
G1 X96.043 Y107.825 E10.5772 F800
G1 X96.205 Y107.653 E10.5831 F800
G1 X96.335 Y107.477 E10.5886 F800
G1 X96.432 Y107.300 E10.5936 F800
G1 X96.498 Y107.128 E10.5982 F800
G1 X96.532 Y106.964 E10.6024 F800
G1 X96.537 Y106.812 E10.6062 F800
G1 X96.515 Y106.676 E10.6096 F800
G1 X96.467 Y106.560 E10.6128 F800
G1 X96.397 Y106.465 E10.6157 F800
G1 X96.308 Y106.395 E10.6186 F800
G1 X96.203 Y106.353 E10.6214 F800
G1 X96.086 Y106.340 E10.6243 F800
G1 X95.961 Y106.357 E10.6275 F800
G1 X95.832 Y106.405 E10.6309 F800
G1 X95.703 Y106.485 E10.6347 F800
G1 X95.578 Y106.597 E10.6389 F800
G1 X95.462 Y106.740 E10.6435 F800
G1 X95.358 Y106.912 E10.6486 F800
G1 X95.270 Y107.113 E10.6540 F800
G1 X95.202 Y107.340 E10.6600 F800
G1 X95.157 Y107.590 E10.6663 F800
G1 X95.138 Y107.862 E10.6731 F800
G1 X95.148 Y108.150 E10.6803 F800
G1 X95.189 Y108.452 E10.6880 F800
G1 X95.262 Y108.765 E10.6960 F800
G1 X95.370 Y109.083 E10.7044 F800
G1 X95.512 Y109.404 E10.7132 F800
G1 X95.690 Y109.722 E10.7223 F800
G1 X95.902 Y110.033 E10.7317 F800
G1 X96.148 Y110.334 E10.7414 F800
G1 X96.428 Y110.621 E10.7514 F800
G1 X96.738 Y110.888 E10.7617 F800
G1 X97.077 Y111.134 E10.7721 F800
G1 X97.443 Y111.354 E10.7828 F800
G1 X97.832 Y111.546 E10.7936 F800
G1 X98.241 Y111.706 E10.8046 F800
G1 X98.666 Y111.833 E10.8157 F800
G1 X99.103 Y111.926 E10.8269 F800
G1 X99.550 Y111.981 E10.8381 F800
G1 X100.000 Y112.000 E10.8494 F800
G1 X100.450 Y111.981 E10.8607 F800
G1 X100.897 Y111.926 E10.8719 F800
G1 X101.334 Y111.833 E10.8831 F800
G1 X101.759 Y111.706 E10.8942 F800
G1 X102.168 Y111.546 E10.9052 F800
G1 X102.557 Y111.354 E10.9160 F800
G1 X102.923 Y111.134 E10.9267 F800
G1 X103.262 Y110.888 E10.9371 F800
G1 X103.572 Y110.621 E10.9474 F800
G1 X103.852 Y110.334 E10.9574 F800
G1 X104.098 Y110.033 E10.9671 F800
G1 X104.310 Y109.722 E10.9765 F800
G1 X104.488 Y109.404 E10.9856 F800
G1 X104.630 Y109.083 E10.9944 F800
G1 X104.738 Y108.765 E11.0028 F800
G1 X104.811 Y108.452 E11.0108 F800
G1 X104.852 Y108.150 E11.0185 F800
G1 X104.862 Y107.862 E11.0257 F800
G1 X104.843 Y107.590 E11.0325 F800
G1 X104.798 Y107.340 E11.0388 F800
G1 X104.730 Y107.113 E11.0448 F800
G1 X104.642 Y106.912 E11.0502 F800
G1 X104.538 Y106.740 E11.0553 F800
G1 X104.422 Y106.597 E11.0599 F800
G1 X104.297 Y106.485 E11.0641 F800
G1 X104.168 Y106.405 E11.0679 F800
G1 X104.039 Y106.357 E11.0713 F800
G1 X103.914 Y106.340 E11.0745 F800
G1 X103.797 Y106.353 E11.0774 F800
G1 X103.692 Y106.395 E11.0802 F800
G1 X103.603 Y106.465 E11.0831 F800
G1 X103.533 Y106.560 E11.0860 F800
G1 X103.485 Y106.676 E11.0892 F800
G1 X103.463 Y106.812 E11.0926 F800
G1 X103.468 Y106.964 E11.0964 F800
G1 X103.502 Y107.128 E11.1006 F800
G1 X103.568 Y107.300 E11.1052 F800
G1 X103.665 Y107.477 E11.1102 F800
G1 X103.795 Y107.653 E11.1157 F800
G1 X103.957 Y107.825 E11.1216 F800
G1 X104.152 Y107.990 E11.1280 F800
G1 X104.377 Y108.141 E11.1348 F800
G1 X104.632 Y108.277 E11.1420 F800
G1 X104.914 Y108.393 E11.1496 F800
G1 X105.222 Y108.485 E11.1577 F800
G1 X105.551 Y108.551 E11.1661 F800
G1 X105.900 Y108.588 E11.1748 F800
G1 X106.264 Y108.594 E11.1839 F800
G1 X106.640 Y108.566 E11.1934 F800
G1 X107.024 Y108.503 E11.2031 F800
G1 X107.412 Y108.404 E11.2131 F800
G1 X107.799 Y108.269 E11.2233 F800
G1 X108.181 Y108.098 E11.2338 F800
G1 X108.554 Y107.892 E11.2445 F800
G1 X108.915 Y107.651 E11.2553 F800
G1 X109.258 Y107.377 E11.2663 F800
G1 X109.581 Y107.072 E11.2774 F800
G1 X109.880 Y106.739 E11.2886 F800
G1 X110.151 Y106.381 E11.2998 F800
G1 X110.392 Y106.000 E11.3111 F800
G1 X110.601 Y105.601 E11.3223 F800
G1 X110.776 Y105.186 E11.3336 F800
G1 X110.915 Y104.761 E11.3448 F800
G1 X111.018 Y104.329 E11.3559 F800
G1 X111.083 Y103.895 E11.3668 F800
G1 X111.112 Y103.462 E11.3777 F800
G1 X111.104 Y103.036 E11.3884 F800
G1 X111.061 Y102.619 E11.3988 F800
G1 X110.984 Y102.217 E11.4091 F800
G1 X110.876 Y101.832 E11.4191 F800
G1 X110.738 Y101.468 E11.4288 F800
G1 X110.574 Y101.128 E11.4382 F800
G1 X110.388 Y100.815 E11.4473 F800
G1 X110.181 Y100.532 E11.4561 F800
G1 X109.959 Y100.279 E11.4645 F800
G1 X109.726 Y100.060 E11.4725 F800
G1 X109.484 Y99.873 E11.4801 F800
G1 X109.239 Y99.720 E11.4874 F800
G1 X108.995 Y99.601 E11.4942 F800
G1 X108.756 Y99.515 E11.5005 F800
G1 X108.525 Y99.460 E11.5064 F800
G1 X108.308 Y99.436 E11.5119 F800
G1 X108.106 Y99.440 E11.5170 F800
G1 X107.924 Y99.469 E11.5216 F800
G1 X107.765 Y99.521 E11.5257 F800
G1 X107.631 Y99.593 E11.5295 F800
G1 X107.525 Y99.680 E11.5330 F800
G1 X107.447 Y99.780 E11.5361 F800
G1 X107.400 Y99.888 E11.5391 F800
G1 X107.385 Y100.000 E11.5419 F800
G1 E10.0419 F1200   ; Retract
G1 Z6.50 F600   ; Z-hop
G1 X108.615 Y100.000 F1200   ; Travel → base curve 7 (scale=0.538)
G1 Z5.50 F300   ; Lower to Z
G1 E11.5419 F1200   ; Prime
G1 X108.634 Y99.869 E11.5452 F800
G1 X108.688 Y99.743 E11.5486 F800
G1 X108.779 Y99.627 E11.5523 F800
G1 X108.903 Y99.525 E11.5564 F800
G1 X109.059 Y99.441 E11.5608 F800
G1 X109.245 Y99.380 E11.5657 F800
G1 X109.457 Y99.346 E11.5710 F800
G1 X109.692 Y99.342 E11.5769 F800
G1 X109.946 Y99.370 E11.5833 F800
G1 X110.215 Y99.434 E11.5902 F800
G1 X110.494 Y99.534 E11.5976 F800
G1 X110.779 Y99.673 E11.6056 F800
G1 X111.065 Y99.852 E11.6140 F800
G1 X111.347 Y100.069 E11.6229 F800
G1 X111.619 Y100.326 E11.6322 F800
G1 X111.878 Y100.621 E11.6420 F800
G1 X112.119 Y100.951 E11.6523 F800
G1 X112.337 Y101.316 E11.6629 F800
G1 X112.528 Y101.712 E11.6739 F800
G1 X112.688 Y102.137 E11.6852 F800
G1 X112.815 Y102.586 E11.6969 F800
G1 X112.904 Y103.056 E11.7089 F800
G1 X112.954 Y103.542 E11.7211 F800
G1 X112.964 Y104.039 E11.7335 F800
G1 X112.930 Y104.544 E11.7462 F800
G1 X112.854 Y105.051 E11.7590 F800
G1 X112.734 Y105.555 E11.7719 F800
G1 X112.572 Y106.051 E11.7850 F800
G1 X112.368 Y106.534 E11.7981 F800
G1 X112.124 Y107.000 E11.8112 F800
G1 X111.843 Y107.444 E11.8244 F800
G1 X111.526 Y107.862 E11.8375 F800
G1 X111.178 Y108.251 E11.8505 F800
G1 X110.801 Y108.606 E11.8635 F800
G1 X110.401 Y108.926 E11.8763 F800
G1 X109.980 Y109.207 E11.8889 F800
G1 X109.544 Y109.448 E11.9014 F800
G1 X109.098 Y109.647 E11.9136 F800
G1 X108.647 Y109.805 E11.9256 F800
G1 X108.195 Y109.920 E11.9372 F800
G1 X107.747 Y109.993 E11.9486 F800
G1 X107.308 Y110.026 E11.9596 F800
G1 X106.883 Y110.020 E11.9702 F800
G1 X106.477 Y109.977 E11.9804 F800
G1 X106.092 Y109.899 E11.9902 F800
G1 X105.733 Y109.792 E11.9996 F800
G1 X105.404 Y109.657 E12.0085 F800
G1 X105.107 Y109.498 E12.0169 F800
G1 X104.844 Y109.321 E12.0248 F800
G1 X104.617 Y109.130 E12.0322 F800
G1 X104.428 Y108.929 E12.0391 F800
G1 X104.276 Y108.723 E12.0455 F800
G1 X104.162 Y108.517 E12.0514 F800
G1 X104.086 Y108.316 E12.0568 F800
G1 X104.046 Y108.125 E12.0617 F800
G1 X104.040 Y107.948 E12.0661 F800
G1 X104.066 Y107.789 E12.0701 F800
G1 X104.122 Y107.653 E12.0738 F800
G1 X104.204 Y107.542 E12.0772 F800
G1 X104.308 Y107.461 E12.0805 F800
G1 X104.430 Y107.412 E12.0838 F800
G1 X104.567 Y107.396 E12.0873 F800
G1 X104.712 Y107.416 E12.0910 F800
G1 X104.863 Y107.473 E12.0950 F800
G1 X105.013 Y107.566 E12.0994 F800
G1 X105.159 Y107.697 E12.1043 F800
G1 X105.295 Y107.863 E12.1097 F800
G1 X105.416 Y108.064 E12.1155 F800
G1 X105.519 Y108.299 E12.1219 F800
G1 X105.598 Y108.563 E12.1288 F800
G1 X105.650 Y108.855 E12.1363 F800
G1 X105.672 Y109.172 E12.1442 F800
G1 X105.661 Y109.508 E12.1526 F800
G1 X105.613 Y109.861 E12.1615 F800
G1 X105.527 Y110.226 E12.1709 F800
G1 X105.402 Y110.597 E12.1807 F800
G1 X105.236 Y110.971 E12.1909 F800
G1 X105.029 Y111.342 E12.2015 F800
G1 X104.781 Y111.706 E12.2125 F800
G1 X104.494 Y112.057 E12.2239 F800
G1 X104.168 Y112.391 E12.2355 F800
G1 X103.806 Y112.703 E12.2475 F800
G1 X103.410 Y112.990 E12.2597 F800
G1 X102.983 Y113.247 E12.2721 F800
G1 X102.530 Y113.470 E12.2848 F800
G1 X102.053 Y113.657 E12.2976 F800
G1 X101.557 Y113.806 E12.3105 F800
G1 X101.046 Y113.913 E12.3236 F800
G1 X100.525 Y113.978 E12.3367 F800
G1 X100.000 Y114.000 E12.3498 F800
G1 X99.475 Y113.978 E12.3630 F800
G1 X98.954 Y113.913 E12.3761 F800
G1 X98.443 Y113.806 E12.3892 F800
G1 X97.947 Y113.657 E12.4021 F800
G1 X97.470 Y113.470 E12.4149 F800
G1 X97.017 Y113.247 E12.4276 F800
G1 X96.590 Y112.990 E12.4400 F800
G1 X96.194 Y112.703 E12.4522 F800
G1 X95.832 Y112.391 E12.4642 F800
G1 X95.506 Y112.057 E12.4758 F800
G1 X95.219 Y111.706 E12.4872 F800
G1 X94.971 Y111.342 E12.4982 F800
G1 X94.764 Y110.971 E12.5088 F800
G1 X94.598 Y110.597 E12.5190 F800
G1 X94.473 Y110.226 E12.5288 F800
G1 X94.387 Y109.861 E12.5382 F800
G1 X94.339 Y109.508 E12.5471 F800
G1 X94.328 Y109.172 E12.5555 F800
G1 X94.350 Y108.855 E12.5634 F800
G1 X94.402 Y108.563 E12.5709 F800
G1 X94.481 Y108.299 E12.5778 F800
G1 X94.584 Y108.064 E12.5842 F800
G1 X94.705 Y107.863 E12.5900 F800
G1 X94.841 Y107.697 E12.5954 F800
G1 X94.987 Y107.566 E12.6003 F800
G1 X95.137 Y107.473 E12.6047 F800
G1 X95.288 Y107.416 E12.6087 F800
G1 X95.433 Y107.396 E12.6124 F800
G1 X95.570 Y107.412 E12.6159 F800
G1 X95.692 Y107.461 E12.6192 F800
G1 X95.796 Y107.542 E12.6225 F800
G1 X95.878 Y107.653 E12.6259 F800
G1 X95.934 Y107.789 E12.6296 F800
G1 X95.960 Y107.948 E12.6336 F800
G1 X95.954 Y108.125 E12.6380 F800
G1 X95.914 Y108.316 E12.6429 F800
G1 X95.838 Y108.517 E12.6483 F800
G1 X95.724 Y108.723 E12.6542 F800
G1 X95.572 Y108.929 E12.6606 F800
G1 X95.383 Y109.130 E12.6675 F800
G1 X95.156 Y109.321 E12.6749 F800
G1 X94.893 Y109.498 E12.6828 F800
G1 X94.596 Y109.657 E12.6912 F800
G1 X94.267 Y109.792 E12.7001 F800
G1 X93.908 Y109.899 E12.7095 F800
G1 X93.523 Y109.977 E12.7193 F800
G1 X93.117 Y110.020 E12.7295 F800
G1 X92.692 Y110.026 E12.7401 F800
G1 X92.253 Y109.993 E12.7511 F800
G1 X91.805 Y109.920 E12.7625 F800
G1 X91.353 Y109.805 E12.7741 F800
G1 X90.902 Y109.647 E12.7861 F800
G1 X90.456 Y109.448 E12.7983 F800
G1 X90.020 Y109.207 E12.8108 F800
G1 X89.599 Y108.926 E12.8234 F800
G1 X89.199 Y108.606 E12.8362 F800
G1 X88.822 Y108.251 E12.8492 F800
G1 X88.474 Y107.862 E12.8622 F800
G1 X88.157 Y107.444 E12.8753 F800
G1 X87.876 Y107.000 E12.8885 F800
G1 X87.632 Y106.534 E12.9016 F800
G1 X87.428 Y106.051 E12.9147 F800
G1 X87.266 Y105.555 E12.9278 F800
G1 X87.146 Y105.051 E12.9407 F800
G1 X87.070 Y104.544 E12.9535 F800
G1 X87.036 Y104.039 E12.9662 F800
G1 X87.046 Y103.542 E12.9786 F800
G1 X87.096 Y103.056 E12.9908 F800
G1 X87.185 Y102.586 E13.0028 F800
G1 X87.312 Y102.137 E13.0145 F800
G1 X87.472 Y101.712 E13.0258 F800
G1 X87.663 Y101.316 E13.0368 F800
G1 X87.881 Y100.951 E13.0474 F800
G1 X88.122 Y100.621 E13.0577 F800
G1 X88.381 Y100.326 E13.0675 F800
G1 X88.653 Y100.069 E13.0768 F800
G1 X88.935 Y99.852 E13.0857 F800
G1 X89.221 Y99.673 E13.0941 F800
G1 X89.506 Y99.534 E13.1021 F800
G1 X89.785 Y99.434 E13.1095 F800
G1 X90.054 Y99.370 E13.1164 F800
G1 X90.308 Y99.342 E13.1228 F800
G1 X90.543 Y99.346 E13.1287 F800
G1 X90.755 Y99.380 E13.1340 F800
G1 X90.941 Y99.441 E13.1389 F800
G1 X91.097 Y99.525 E13.1433 F800
G1 X91.221 Y99.627 E13.1474 F800
G1 X91.312 Y99.743 E13.1510 F800
G1 X91.366 Y99.869 E13.1545 F800
G1 X91.385 Y100.000 E13.1578 F800
G1 X91.366 Y100.131 E13.1611 F800
G1 X91.312 Y100.257 E13.1645 F800
G1 X91.221 Y100.373 E13.1682 F800
G1 X91.097 Y100.475 E13.1722 F800
G1 X90.941 Y100.559 E13.1766 F800
G1 X90.755 Y100.620 E13.1815 F800
G1 X90.543 Y100.654 E13.1869 F800
G1 X90.308 Y100.658 E13.1928 F800
G1 X90.054 Y100.630 E13.1992 F800
G1 X89.785 Y100.566 E13.2061 F800
G1 X89.506 Y100.466 E13.2135 F800
G1 X89.221 Y100.327 E13.2214 F800
G1 X88.935 Y100.148 E13.2298 F800
G1 X88.653 Y99.931 E13.2387 F800
G1 X88.381 Y99.674 E13.2481 F800
G1 X88.122 Y99.379 E13.2579 F800
G1 X87.881 Y99.049 E13.2681 F800
G1 X87.663 Y98.684 E13.2788 F800
G1 X87.472 Y98.288 E13.2898 F800
G1 X87.312 Y97.863 E13.3011 F800
G1 X87.185 Y97.414 E13.3128 F800
G1 X87.096 Y96.944 E13.3247 F800
G1 X87.046 Y96.458 E13.3369 F800
G1 X87.036 Y95.961 E13.3494 F800
G1 X87.070 Y95.456 E13.3620 F800
G1 X87.146 Y94.949 E13.3748 F800
G1 X87.266 Y94.445 E13.3878 F800
G1 X87.428 Y93.949 E13.4008 F800
G1 X87.632 Y93.466 E13.4139 F800
G1 X87.876 Y93.000 E13.4271 F800
G1 X88.157 Y92.556 E13.4402 F800
G1 X88.474 Y92.138 E13.4534 F800
G1 X88.822 Y91.749 E13.4664 F800
G1 X89.199 Y91.394 E13.4793 F800
G1 X89.599 Y91.074 E13.4922 F800
G1 X90.020 Y90.793 E13.5048 F800
G1 X90.456 Y90.552 E13.5173 F800
G1 X90.902 Y90.353 E13.5295 F800
G1 X91.353 Y90.195 E13.5414 F800
G1 X91.805 Y90.080 E13.5531 F800
G1 X92.253 Y90.007 E13.5644 F800
G1 X92.692 Y89.974 E13.5754 F800
G1 X93.117 Y89.980 E13.5861 F800
G1 X93.523 Y90.023 E13.5963 F800
G1 X93.908 Y90.101 E13.6061 F800
G1 X94.267 Y90.208 E13.6154 F800
G1 X94.596 Y90.343 E13.6243 F800
G1 X94.893 Y90.502 E13.6328 F800
G1 X95.156 Y90.679 E13.6407 F800
G1 X95.383 Y90.870 E13.6481 F800
G1 X95.572 Y91.071 E13.6550 F800
G1 X95.724 Y91.277 E13.6614 F800
G1 X95.838 Y91.483 E13.6673 F800
G1 X95.914 Y91.684 E13.6727 F800
G1 X95.954 Y91.875 E13.6775 F800
G1 X95.960 Y92.052 E13.6820 F800
G1 X95.934 Y92.211 E13.6860 F800
G1 X95.878 Y92.347 E13.6897 F800
G1 X95.796 Y92.458 E13.6931 F800
G1 X95.692 Y92.539 E13.6964 F800
G1 X95.570 Y92.588 E13.6997 F800
G1 X95.433 Y92.604 E13.7031 F800
G1 X95.288 Y92.584 E13.7068 F800
G1 X95.137 Y92.527 E13.7108 F800
G1 X94.987 Y92.434 E13.7153 F800
G1 X94.841 Y92.303 E13.7202 F800
G1 X94.705 Y92.137 E13.7255 F800
G1 X94.584 Y91.936 E13.7314 F800
G1 X94.481 Y91.701 E13.7378 F800
G1 X94.402 Y91.437 E13.7447 F800
G1 X94.350 Y91.145 E13.7521 F800
G1 X94.328 Y90.828 E13.7601 F800
G1 X94.339 Y90.492 E13.7685 F800
G1 X94.387 Y90.139 E13.7774 F800
G1 X94.473 Y89.774 E13.7867 F800
G1 X94.598 Y89.403 E13.7965 F800
G1 X94.764 Y89.029 E13.8068 F800
G1 X94.971 Y88.658 E13.8174 F800
G1 X95.219 Y88.294 E13.8284 F800
G1 X95.506 Y87.943 E13.8397 F800
G1 X95.832 Y87.609 E13.8514 F800
G1 X96.194 Y87.297 E13.8633 F800
G1 X96.590 Y87.010 E13.8756 F800
G1 X97.017 Y86.753 E13.8880 F800
G1 X97.470 Y86.530 E13.9007 F800
G1 X97.947 Y86.343 E13.9135 F800
G1 X98.443 Y86.194 E13.9264 F800
G1 X98.954 Y86.087 E13.9395 F800
G1 X99.475 Y86.022 E13.9526 F800
G1 X100.000 Y86.000 E13.9657 F800
G1 X100.525 Y86.022 E13.9789 F800
G1 X101.046 Y86.087 E13.9920 F800
G1 X101.557 Y86.194 E14.0050 F800
G1 X102.053 Y86.343 E14.0180 F800
G1 X102.530 Y86.530 E14.0308 F800
G1 X102.983 Y86.753 E14.0434 F800
G1 X103.410 Y87.010 E14.0559 F800
G1 X103.806 Y87.297 E14.0681 F800
G1 X104.168 Y87.609 E14.0800 F800
G1 X104.494 Y87.943 E14.0917 F800
G1 X104.781 Y88.294 E14.1031 F800
G1 X105.029 Y88.658 E14.1140 F800
G1 X105.236 Y89.029 E14.1247 F800
G1 X105.402 Y89.403 E14.1349 F800
G1 X105.527 Y89.774 E14.1447 F800
G1 X105.613 Y90.139 E14.1541 F800
G1 X105.661 Y90.492 E14.1630 F800
G1 X105.672 Y90.828 E14.1714 F800
G1 X105.650 Y91.145 E14.1793 F800
G1 X105.598 Y91.437 E14.1867 F800
G1 X105.519 Y91.701 E14.1936 F800
G1 X105.416 Y91.936 E14.2000 F800
G1 X105.295 Y92.137 E14.2059 F800
G1 X105.159 Y92.303 E14.2113 F800
G1 X105.013 Y92.434 E14.2162 F800
G1 X104.863 Y92.527 E14.2206 F800
G1 X104.712 Y92.584 E14.2246 F800
G1 X104.567 Y92.604 E14.2283 F800
G1 X104.430 Y92.588 E14.2317 F800
G1 X104.308 Y92.539 E14.2350 F800
G1 X104.204 Y92.458 E14.2383 F800
G1 X104.122 Y92.347 E14.2418 F800
G1 X104.066 Y92.211 E14.2454 F800
G1 X104.040 Y92.052 E14.2495 F800
G1 X104.046 Y91.875 E14.2539 F800
G1 X104.086 Y91.684 E14.2588 F800
G1 X104.162 Y91.483 E14.2642 F800
G1 X104.276 Y91.277 E14.2700 F800
G1 X104.428 Y91.071 E14.2764 F800
G1 X104.617 Y90.870 E14.2833 F800
G1 X104.844 Y90.679 E14.2907 F800
G1 X105.107 Y90.502 E14.2987 F800
G1 X105.404 Y90.343 E14.3071 F800
G1 X105.733 Y90.208 E14.3160 F800
G1 X106.092 Y90.101 E14.3254 F800
G1 X106.477 Y90.023 E14.3352 F800
G1 X106.883 Y89.980 E14.3454 F800
G1 X107.308 Y89.974 E14.3560 F800
G1 X107.747 Y90.007 E14.3670 F800
G1 X108.195 Y90.080 E14.3784 F800
G1 X108.647 Y90.195 E14.3900 F800
G1 X109.098 Y90.353 E14.4020 F800
G1 X109.544 Y90.552 E14.4142 F800
G1 X109.980 Y90.793 E14.4266 F800
G1 X110.401 Y91.074 E14.4393 F800
G1 X110.801 Y91.394 E14.4521 F800
G1 X111.178 Y91.749 E14.4650 F800
G1 X111.526 Y92.138 E14.4781 F800
G1 X111.843 Y92.556 E14.4912 F800
G1 X112.124 Y93.000 E14.5043 F800
G1 X112.368 Y93.466 E14.5175 F800
G1 X112.572 Y93.949 E14.5306 F800
G1 X112.734 Y94.445 E14.5436 F800
G1 X112.854 Y94.949 E14.5566 F800
G1 X112.930 Y95.456 E14.5694 F800
G1 X112.964 Y95.961 E14.5821 F800
G1 X112.954 Y96.458 E14.5945 F800
G1 X112.904 Y96.944 E14.6067 F800
G1 X112.815 Y97.414 E14.6187 F800
G1 X112.688 Y97.863 E14.6303 F800
G1 X112.528 Y98.288 E14.6417 F800
G1 X112.337 Y98.684 E14.6527 F800
G1 X112.119 Y99.049 E14.6633 F800
G1 X111.878 Y99.379 E14.6735 F800
G1 X111.619 Y99.674 E14.6833 F800
G1 X111.347 Y99.931 E14.6927 F800
G1 X111.065 Y100.148 E14.7016 F800
G1 X110.779 Y100.327 E14.7100 F800
G1 X110.494 Y100.466 E14.7179 F800
G1 X110.215 Y100.566 E14.7254 F800
G1 X109.946 Y100.630 E14.7323 F800
G1 X109.692 Y100.658 E14.7387 F800
G1 X109.457 Y100.654 E14.7445 F800
G1 X109.245 Y100.620 E14.7499 F800
G1 X109.059 Y100.559 E14.7548 F800
G1 X108.903 Y100.475 E14.7592 F800
G1 X108.779 Y100.373 E14.7632 F800
G1 X108.688 Y100.257 E14.7669 F800
G1 X108.634 Y100.131 E14.7704 F800
G1 X108.615 Y100.000 E14.7737 F800
G1 E13.2737 F1200   ; Retract
G1 Z6.50 F600   ; Z-hop
G1 X109.846 Y100.000 F1200   ; Travel → base curve 8 (scale=0.615)
G1 Z5.50 F300   ; Lower to Z
G1 E14.7737 F1200   ; Prime
G1 X109.867 Y100.149 E14.7774 F800
G1 X109.930 Y100.293 E14.7813 F800
G1 X110.033 Y100.426 E14.7856 F800
G1 X110.175 Y100.543 E14.7902 F800
G1 X110.353 Y100.639 E14.7952 F800
G1 X110.566 Y100.708 E14.8008 F800
G1 X110.808 Y100.747 E14.8069 F800
G1 X111.077 Y100.752 E14.8137 F800
G1 X111.367 Y100.720 E14.8210 F800
G1 X111.674 Y100.647 E14.8289 F800
G1 X111.993 Y100.532 E14.8373 F800
G1 X112.319 Y100.373 E14.8464 F800
G1 X112.646 Y100.169 E14.8560 F800
G1 X112.967 Y99.921 E14.8662 F800
G1 X113.279 Y99.627 E14.8769 F800
G1 X113.575 Y99.291 E14.8881 F800
G1 X113.850 Y98.913 E14.8998 F800
G1 X114.099 Y98.496 E14.9119 F800
G1 X114.317 Y98.043 E14.9245 F800
G1 X114.501 Y97.558 E14.9374 F800
G1 X114.645 Y97.045 E14.9508 F800
G1 X114.748 Y96.508 E14.9644 F800
G1 X114.805 Y95.952 E14.9784 F800
G1 X114.816 Y95.383 E14.9926 F800
G1 X114.777 Y94.807 E15.0071 F800
G1 X114.690 Y94.228 E15.0217 F800
G1 X114.554 Y93.652 E15.0365 F800
G1 X114.368 Y93.085 E15.0514 F800
G1 X114.135 Y92.533 E15.0664 F800
G1 X113.856 Y92.000 E15.0814 F800
G1 X113.535 Y91.492 E15.0965 F800
G1 X113.173 Y91.014 E15.1114 F800
G1 X112.775 Y90.570 E15.1264 F800
G1 X112.344 Y90.164 E15.1412 F800
G1 X111.886 Y89.799 E15.1558 F800
G1 X111.406 Y89.478 E15.1702 F800
G1 X110.908 Y89.202 E15.1845 F800
G1 X110.398 Y88.974 E15.1984 F800
G1 X109.882 Y88.795 E15.2121 F800
G1 X109.365 Y88.663 E15.2254 F800
G1 X108.854 Y88.579 E15.2384 F800
G1 X108.352 Y88.542 E15.2510 F800
G1 X107.867 Y88.549 E15.2631 F800
G1 X107.402 Y88.598 E15.2748 F800
G1 X106.962 Y88.686 E15.2860 F800
G1 X106.552 Y88.810 E15.2967 F800
G1 X106.176 Y88.964 E15.3069 F800
G1 X105.836 Y89.145 E15.3165 F800
G1 X105.536 Y89.347 E15.3255 F800
G1 X105.277 Y89.566 E15.3340 F800
G1 X105.060 Y89.796 E15.3419 F800
G1 X104.887 Y90.031 E15.3492 F800
G1 X104.757 Y90.266 E15.3559 F800
G1 X104.670 Y90.496 E15.3621 F800
G1 X104.624 Y90.714 E15.3677 F800
G1 X104.617 Y90.917 E15.3727 F800
G1 X104.647 Y91.098 E15.3773 F800
G1 X104.711 Y91.254 E15.3815 F800
G1 X104.804 Y91.380 E15.3854 F800
G1 X104.923 Y91.473 E15.3892 F800
G1 X105.063 Y91.530 E15.3930 F800
G1 X105.219 Y91.547 E15.3969 F800
G1 X105.386 Y91.524 E15.4011 F800
G1 X105.558 Y91.460 E15.4057 F800
G1 X105.730 Y91.353 E15.4108 F800
G1 X105.896 Y91.204 E15.4164 F800
G1 X106.051 Y91.014 E15.4225 F800
G1 X106.190 Y90.783 E15.4292 F800
G1 X106.307 Y90.516 E15.4365 F800
G1 X106.398 Y90.213 E15.4444 F800
G1 X106.458 Y89.879 E15.4529 F800
G1 X106.483 Y89.518 E15.4620 F800
G1 X106.469 Y89.133 E15.4716 F800
G1 X106.415 Y88.730 E15.4818 F800
G1 X106.317 Y88.314 E15.4925 F800
G1 X106.173 Y87.889 E15.5037 F800
G1 X105.984 Y87.462 E15.5153 F800
G1 X105.747 Y87.038 E15.5275 F800
G1 X105.464 Y86.622 E15.5401 F800
G1 X105.135 Y86.221 E15.5530 F800
G1 X104.763 Y85.839 E15.5663 F800
G1 X104.349 Y85.482 E15.5800 F800
G1 X103.897 Y85.155 E15.5940 F800
G1 X103.410 Y84.861 E15.6082 F800
G1 X102.891 Y84.606 E15.6226 F800
G1 X102.346 Y84.392 E15.6373 F800
G1 X101.779 Y84.222 E15.6521 F800
G1 X101.195 Y84.099 E15.6670 F800
G1 X100.601 Y84.025 E15.6820 F800
G1 X100.000 Y84.000 E15.6970 F800
G1 X99.399 Y84.025 E15.7120 F800
G1 X98.805 Y84.099 E15.7270 F800
G1 X98.221 Y84.222 E15.7419 F800
G1 X97.654 Y84.392 E15.7567 F800
G1 X97.109 Y84.606 E15.7714 F800
G1 X96.590 Y84.861 E15.7858 F800
G1 X96.103 Y85.155 E15.8000 F800
G1 X95.651 Y85.482 E15.8140 F800
G1 X95.237 Y85.839 E15.8277 F800
G1 X94.865 Y86.221 E15.8410 F800
G1 X94.536 Y86.622 E15.8540 F800
G1 X94.253 Y87.038 E15.8665 F800
G1 X94.016 Y87.462 E15.8787 F800
G1 X93.827 Y87.889 E15.8904 F800
G1 X93.683 Y88.314 E15.9016 F800
G1 X93.585 Y88.730 E15.9123 F800
G1 X93.531 Y89.133 E15.9224 F800
G1 X93.517 Y89.518 E15.9321 F800
G1 X93.542 Y89.879 E15.9411 F800
G1 X93.602 Y90.213 E15.9496 F800
G1 X93.693 Y90.516 E15.9575 F800
G1 X93.810 Y90.783 E15.9648 F800
G1 X93.949 Y91.014 E15.9715 F800
G1 X94.104 Y91.204 E15.9776 F800
G1 X94.270 Y91.353 E15.9832 F800
G1 X94.442 Y91.460 E15.9883 F800
G1 X94.614 Y91.524 E15.9929 F800
G1 X94.781 Y91.547 E15.9971 F800
G1 X94.937 Y91.530 E16.0010 F800
G1 X95.077 Y91.473 E16.0048 F800
G1 X95.196 Y91.380 E16.0086 F800
G1 X95.289 Y91.254 E16.0125 F800
G1 X95.353 Y91.098 E16.0167 F800
G1 X95.383 Y90.917 E16.0213 F800
G1 X95.376 Y90.714 E16.0264 F800
G1 X95.330 Y90.496 E16.0319 F800
G1 X95.243 Y90.266 E16.0381 F800
G1 X95.113 Y90.031 E16.0448 F800
G1 X94.940 Y89.796 E16.0521 F800
G1 X94.723 Y89.566 E16.0600 F800
G1 X94.464 Y89.347 E16.0685 F800
G1 X94.164 Y89.145 E16.0775 F800
G1 X93.824 Y88.964 E16.0871 F800
G1 X93.448 Y88.810 E16.0973 F800
G1 X93.038 Y88.686 E16.1080 F800
G1 X92.598 Y88.598 E16.1192 F800
G1 X92.133 Y88.549 E16.1309 F800
G1 X91.648 Y88.542 E16.1431 F800
G1 X91.146 Y88.579 E16.1556 F800
G1 X90.635 Y88.663 E16.1686 F800
G1 X90.118 Y88.795 E16.1819 F800
G1 X89.602 Y88.974 E16.1956 F800
G1 X89.092 Y89.202 E16.2095 F800
G1 X88.594 Y89.478 E16.2238 F800
G1 X88.114 Y89.799 E16.2382 F800
G1 X87.656 Y90.164 E16.2529 F800
G1 X87.225 Y90.570 E16.2677 F800
G1 X86.827 Y91.014 E16.2826 F800
G1 X86.465 Y91.492 E16.2975 F800
G1 X86.144 Y92.000 E16.3126 F800
G1 X85.865 Y92.533 E16.3276 F800
G1 X85.632 Y93.085 E16.3426 F800
G1 X85.446 Y93.652 E16.3575 F800
G1 X85.310 Y94.228 E16.3723 F800
G1 X85.223 Y94.807 E16.3869 F800
G1 X85.184 Y95.383 E16.4014 F800
G1 X85.195 Y95.952 E16.4156 F800
G1 X85.252 Y96.508 E16.4296 F800
G1 X85.355 Y97.045 E16.4432 F800
G1 X85.499 Y97.558 E16.4566 F800
G1 X85.683 Y98.043 E16.4695 F800
G1 X85.901 Y98.496 E16.4821 F800
G1 X86.150 Y98.913 E16.4942 F800
G1 X86.425 Y99.291 E16.5059 F800
G1 X86.721 Y99.627 E16.5171 F800
G1 X87.033 Y99.921 E16.5278 F800
G1 X87.354 Y100.169 E16.5380 F800
G1 X87.681 Y100.373 E16.5476 F800
G1 X88.007 Y100.532 E16.5567 F800
G1 X88.326 Y100.647 E16.5652 F800
G1 X88.633 Y100.720 E16.5731 F800
G1 X88.923 Y100.752 E16.5804 F800
G1 X89.192 Y100.747 E16.5871 F800
G1 X89.434 Y100.708 E16.5932 F800
G1 X89.647 Y100.639 E16.5988 F800
G1 X89.825 Y100.543 E16.6039 F800
G1 X89.967 Y100.426 E16.6085 F800
G1 X90.070 Y100.293 E16.6127 F800
G1 X90.133 Y100.149 E16.6166 F800
G1 X90.154 Y100.000 E16.6204 F800
G1 X90.133 Y99.851 E16.6241 F800
G1 X90.070 Y99.707 E16.6281 F800
G1 X89.967 Y99.574 E16.6323 F800
G1 X89.825 Y99.457 E16.6369 F800
G1 X89.647 Y99.361 E16.6419 F800
G1 X89.434 Y99.292 E16.6475 F800
G1 X89.192 Y99.253 E16.6536 F800
G1 X88.923 Y99.248 E16.6604 F800
G1 X88.633 Y99.280 E16.6677 F800
G1 X88.326 Y99.353 E16.6756 F800
G1 X88.007 Y99.468 E16.6840 F800
G1 X87.681 Y99.627 E16.6931 F800
G1 X87.354 Y99.831 E16.7027 F800
G1 X87.033 Y100.079 E16.7129 F800
G1 X86.721 Y100.373 E16.7236 F800
G1 X86.425 Y100.709 E16.7348 F800
G1 X86.150 Y101.087 E16.7465 F800
G1 X85.901 Y101.504 E16.7586 F800
G1 X85.683 Y101.957 E16.7712 F800
G1 X85.499 Y102.442 E16.7842 F800
G1 X85.355 Y102.955 E16.7975 F800
G1 X85.252 Y103.492 E16.8111 F800
G1 X85.195 Y104.048 E16.8251 F800
G1 X85.184 Y104.617 E16.8393 F800
G1 X85.223 Y105.193 E16.8538 F800
G1 X85.310 Y105.772 E16.8684 F800
G1 X85.446 Y106.348 E16.8832 F800
G1 X85.632 Y106.915 E16.8981 F800
G1 X85.865 Y107.467 E16.9131 F800
G1 X86.144 Y108.000 E16.9281 F800
G1 X86.465 Y108.508 E16.9432 F800
G1 X86.827 Y108.986 E16.9582 F800
G1 X87.225 Y109.430 E16.9731 F800
G1 X87.656 Y109.836 E16.9879 F800
G1 X88.114 Y110.201 E17.0025 F800
G1 X88.594 Y110.522 E17.0170 F800
G1 X89.092 Y110.798 E17.0312 F800
G1 X89.602 Y111.026 E17.0451 F800
G1 X90.118 Y111.205 E17.0588 F800
G1 X90.635 Y111.337 E17.0721 F800
G1 X91.146 Y111.421 E17.0851 F800
G1 X91.648 Y111.458 E17.0977 F800
G1 X92.133 Y111.451 E17.1098 F800
G1 X92.598 Y111.402 E17.1215 F800
G1 X93.038 Y111.314 E17.1327 F800
G1 X93.448 Y111.190 E17.1434 F800
G1 X93.824 Y111.036 E17.1536 F800
G1 X94.164 Y110.855 E17.1632 F800
G1 X94.464 Y110.653 E17.1722 F800
G1 X94.723 Y110.434 E17.1807 F800
G1 X94.940 Y110.204 E17.1886 F800
G1 X95.113 Y109.969 E17.1959 F800
G1 X95.243 Y109.734 E17.2026 F800
G1 X95.330 Y109.504 E17.2088 F800
G1 X95.376 Y109.286 E17.2144 F800
G1 X95.383 Y109.083 E17.2194 F800
G1 X95.353 Y108.902 E17.2240 F800
G1 X95.289 Y108.746 E17.2282 F800
G1 X95.196 Y108.620 E17.2322 F800
G1 X95.077 Y108.527 E17.2359 F800
G1 X94.937 Y108.470 E17.2397 F800
G1 X94.781 Y108.453 E17.2436 F800
G1 X94.614 Y108.476 E17.2478 F800
G1 X94.442 Y108.540 E17.2524 F800
G1 X94.270 Y108.647 E17.2575 F800
G1 X94.104 Y108.796 E17.2631 F800
G1 X93.949 Y108.986 E17.2692 F800
G1 X93.810 Y109.217 E17.2759 F800
G1 X93.693 Y109.484 E17.2832 F800
G1 X93.602 Y109.787 E17.2911 F800
G1 X93.542 Y110.121 E17.2996 F800
G1 X93.517 Y110.482 E17.3087 F800
G1 X93.531 Y110.867 E17.3183 F800
G1 X93.585 Y111.270 E17.3285 F800
G1 X93.683 Y111.686 E17.3392 F800
G1 X93.827 Y112.111 E17.3504 F800
G1 X94.016 Y112.538 E17.3620 F800
G1 X94.253 Y112.962 E17.3742 F800
G1 X94.536 Y113.378 E17.3868 F800
G1 X94.865 Y113.779 E17.3997 F800
G1 X95.237 Y114.161 E17.4131 F800
G1 X95.651 Y114.518 E17.4267 F800
G1 X96.103 Y114.845 E17.4407 F800
G1 X96.590 Y115.139 E17.4549 F800
G1 X97.109 Y115.394 E17.4694 F800
G1 X97.654 Y115.608 E17.4840 F800
G1 X98.221 Y115.778 E17.4988 F800
G1 X98.805 Y115.901 E17.5137 F800
G1 X99.399 Y115.975 E17.5287 F800
G1 X100.000 Y116.000 E17.5437 F800
G1 X100.601 Y115.975 E17.5587 F800
G1 X101.195 Y115.901 E17.5737 F800
G1 X101.779 Y115.778 E17.5886 F800
G1 X102.346 Y115.608 E17.6034 F800
G1 X102.891 Y115.394 E17.6181 F800
G1 X103.410 Y115.139 E17.6325 F800
G1 X103.897 Y114.845 E17.6467 F800
G1 X104.349 Y114.518 E17.6607 F800
G1 X104.763 Y114.161 E17.6744 F800
G1 X105.135 Y113.779 E17.6877 F800
G1 X105.464 Y113.378 E17.7007 F800
G1 X105.747 Y112.962 E17.7132 F800
G1 X105.984 Y112.538 E17.7254 F800
G1 X106.173 Y112.111 E17.7371 F800
G1 X106.317 Y111.686 E17.7483 F800
G1 X106.415 Y111.270 E17.7590 F800
G1 X106.469 Y110.867 E17.7691 F800
G1 X106.483 Y110.482 E17.7788 F800
G1 X106.458 Y110.121 E17.7878 F800
G1 X106.398 Y109.787 E17.7963 F800
G1 X106.307 Y109.484 E17.8042 F800
G1 X106.190 Y109.217 E17.8115 F800
G1 X106.051 Y108.986 E17.8182 F800
G1 X105.896 Y108.796 E17.8244 F800
G1 X105.730 Y108.647 E17.8299 F800
G1 X105.558 Y108.540 E17.8350 F800
G1 X105.386 Y108.476 E17.8396 F800
G1 X105.219 Y108.453 E17.8438 F800
G1 X105.063 Y108.470 E17.8477 F800
G1 X104.923 Y108.527 E17.8515 F800
G1 X104.804 Y108.620 E17.8553 F800
G1 X104.711 Y108.746 E17.8592 F800
G1 X104.647 Y108.902 E17.8634 F800
G1 X104.617 Y109.083 E17.8680 F800
G1 X104.624 Y109.286 E17.8731 F800
G1 X104.670 Y109.504 E17.8786 F800
G1 X104.757 Y109.734 E17.8848 F800
G1 X104.887 Y109.969 E17.8915 F800
G1 X105.060 Y110.204 E17.8988 F800
G1 X105.277 Y110.434 E17.9067 F800
G1 X105.536 Y110.653 E17.9152 F800
G1 X105.836 Y110.855 E17.9242 F800
G1 X106.176 Y111.036 E17.9339 F800
G1 X106.552 Y111.190 E17.9440 F800
G1 X106.962 Y111.314 E17.9547 F800
G1 X107.402 Y111.402 E17.9659 F800
G1 X107.867 Y111.451 E17.9776 F800
G1 X108.352 Y111.458 E17.9898 F800
G1 X108.854 Y111.421 E18.0023 F800
G1 X109.365 Y111.337 E18.0153 F800
G1 X109.882 Y111.205 E18.0286 F800
G1 X110.398 Y111.026 E18.0423 F800
G1 X110.908 Y110.798 E18.0562 F800
G1 X111.406 Y110.522 E18.0705 F800
G1 X111.886 Y110.201 E18.0849 F800
G1 X112.344 Y109.836 E18.0996 F800
G1 X112.775 Y109.430 E18.1144 F800
G1 X113.173 Y108.986 E18.1293 F800
G1 X113.535 Y108.508 E18.1443 F800
G1 X113.856 Y108.000 E18.1593 F800
G1 X114.135 Y107.467 E18.1743 F800
G1 X114.368 Y106.915 E18.1893 F800
G1 X114.554 Y106.348 E18.2042 F800
G1 X114.690 Y105.772 E18.2190 F800
G1 X114.777 Y105.193 E18.2336 F800
G1 X114.816 Y104.617 E18.2481 F800
G1 X114.805 Y104.048 E18.2623 F800
G1 X114.748 Y103.492 E18.2763 F800
G1 X114.645 Y102.955 E18.2899 F800
G1 X114.501 Y102.442 E18.3033 F800
G1 X114.317 Y101.957 E18.3162 F800
G1 X114.099 Y101.504 E18.3288 F800
G1 X113.850 Y101.087 E18.3409 F800
G1 X113.575 Y100.709 E18.3526 F800
G1 X113.279 Y100.373 E18.3638 F800
G1 X112.967 Y100.079 E18.3745 F800
G1 X112.646 Y99.831 E18.3847 F800
G1 X112.319 Y99.627 E18.3943 F800
G1 X111.993 Y99.468 E18.4034 F800
G1 X111.674 Y99.353 E18.4119 F800
G1 X111.367 Y99.280 E18.4198 F800
G1 X111.077 Y99.248 E18.4271 F800
G1 X110.808 Y99.253 E18.4338 F800
G1 X110.566 Y99.292 E18.4399 F800
G1 X110.353 Y99.361 E18.4455 F800
G1 X110.175 Y99.457 E18.4506 F800
G1 X110.033 Y99.574 E18.4552 F800
G1 X109.930 Y99.707 E18.4594 F800
G1 X109.867 Y99.851 E18.4633 F800
G1 X109.846 Y100.000 E18.4671 F800
G1 E16.9671 F1200   ; Retract
G1 Z6.50 F600   ; Z-hop
G1 X111.077 Y100.000 F1200   ; Travel → base curve 9 (scale=0.692)
G1 Z5.50 F300   ; Lower to Z
G1 E18.4671 F1200   ; Prime
G1 X111.101 Y99.832 E18.4713 F800
G1 X111.171 Y99.670 E18.4757 F800
G1 X111.287 Y99.520 E18.4805 F800
G1 X111.447 Y99.389 E18.4856 F800
G1 X111.648 Y99.282 E18.4913 F800
G1 X111.886 Y99.203 E18.4976 F800
G1 X112.159 Y99.159 E18.5045 F800
G1 X112.461 Y99.154 E18.5121 F800
G1 X112.788 Y99.190 E18.5203 F800
G1 X113.134 Y99.272 E18.5292 F800
G1 X113.493 Y99.401 E18.5387 F800
G1 X113.859 Y99.580 E18.5489 F800
G1 X114.226 Y99.809 E18.5597 F800
G1 X114.588 Y100.089 E18.5712 F800
G1 X114.939 Y100.419 E18.5832 F800
G1 X115.272 Y100.798 E18.5958 F800
G1 X115.581 Y101.223 E18.6090 F800
G1 X115.862 Y101.692 E18.6226 F800
G1 X116.107 Y102.202 E18.6367 F800
G1 X116.313 Y102.747 E18.6513 F800
G1 X116.476 Y103.325 E18.6663 F800
G1 X116.591 Y103.929 E18.6817 F800
G1 X116.656 Y104.554 E18.6974 F800
G1 X116.667 Y105.194 E18.7134 F800
G1 X116.625 Y105.843 E18.7297 F800
G1 X116.527 Y106.494 E18.7461 F800
G1 X116.373 Y107.142 E18.7628 F800
G1 X116.164 Y107.780 E18.7796 F800
G1 X115.902 Y108.401 E18.7964 F800
G1 X115.588 Y109.000 E18.8133 F800
G1 X115.226 Y109.571 E18.8302 F800
G1 X114.819 Y110.109 E18.8471 F800
G1 X114.371 Y110.608 E18.8639 F800
G1 X113.887 Y111.065 E18.8805 F800
G1 X113.372 Y111.476 E18.8970 F800
G1 X112.832 Y111.838 E18.9132 F800
G1 X112.271 Y112.147 E18.9292 F800
G1 X111.698 Y112.404 E18.9449 F800
G1 X111.117 Y112.606 E18.9603 F800
G1 X110.536 Y112.754 E18.9753 F800
G1 X109.960 Y112.848 E18.9899 F800
G1 X109.396 Y112.890 E19.0040 F800
G1 X108.850 Y112.882 E19.0177 F800
G1 X108.327 Y112.827 E19.0308 F800
G1 X107.833 Y112.728 E19.0434 F800
G1 X107.372 Y112.589 E19.0555 F800
G1 X106.948 Y112.416 E19.0669 F800
G1 X106.566 Y112.212 E19.0777 F800
G1 X106.228 Y111.984 E19.0879 F800
G1 X105.936 Y111.738 E19.0975 F800
G1 X105.693 Y111.480 E19.1064 F800
G1 X105.498 Y111.215 E19.1146 F800
G1 X105.352 Y110.950 E19.1221 F800
G1 X105.253 Y110.692 E19.1290 F800
G1 X105.202 Y110.446 E19.1353 F800
G1 X105.194 Y110.219 E19.1410 F800
G1 X105.228 Y110.015 E19.1462 F800
G1 X105.300 Y109.839 E19.1509 F800
G1 X105.405 Y109.697 E19.1553 F800
G1 X105.538 Y109.593 E19.1596 F800
G1 X105.696 Y109.529 E19.1638 F800
G1 X105.871 Y109.509 E19.1682 F800
G1 X106.059 Y109.535 E19.1730 F800
G1 X106.252 Y109.608 E19.1781 F800
G1 X106.446 Y109.728 E19.1838 F800
G1 X106.633 Y109.896 E19.1901 F800
G1 X106.808 Y110.110 E19.1970 F800
G1 X106.964 Y110.369 E19.2046 F800
G1 X107.095 Y110.670 E19.2128 F800
G1 X107.197 Y111.010 E19.2217 F800
G1 X107.265 Y111.386 E19.2312 F800
G1 X107.293 Y111.792 E19.2414 F800
G1 X107.278 Y112.225 E19.2522 F800
G1 X107.217 Y112.679 E19.2637 F800
G1 X107.106 Y113.147 E19.2757 F800
G1 X106.945 Y113.625 E19.2883 F800
G1 X106.731 Y114.105 E19.3015 F800
G1 X106.465 Y114.583 E19.3151 F800
G1 X106.147 Y115.050 E19.3293 F800
G1 X105.777 Y115.502 E19.3438 F800
G1 X105.359 Y115.931 E19.3588 F800
G1 X104.893 Y116.333 E19.3742 F800
G1 X104.384 Y116.701 E19.3899 F800
G1 X103.836 Y117.031 E19.4059 F800
G1 X103.253 Y117.319 E19.4222 F800
G1 X102.639 Y117.559 E19.4387 F800
G1 X102.001 Y117.750 E19.4553 F800
G1 X101.345 Y117.888 E19.4721 F800
G1 X100.676 Y117.972 E19.4889 F800
G1 X100.000 Y118.000 E19.5058 F800
G1 X99.324 Y117.972 E19.5227 F800
G1 X98.655 Y117.888 E19.5396 F800
G1 X97.999 Y117.750 E19.5564 F800
G1 X97.361 Y117.559 E19.5730 F800
G1 X96.747 Y117.319 E19.5895 F800
G1 X96.164 Y117.031 E19.6057 F800
G1 X95.616 Y116.701 E19.6218 F800
G1 X95.107 Y116.333 E19.6375 F800
G1 X94.641 Y115.931 E19.6528 F800
G1 X94.223 Y115.502 E19.6678 F800
G1 X93.853 Y115.050 E19.6824 F800
G1 X93.535 Y114.583 E19.6965 F800
G1 X93.269 Y114.105 E19.7102 F800
G1 X93.055 Y113.625 E19.7234 F800
G1 X92.894 Y113.147 E19.7360 F800
G1 X92.783 Y112.679 E19.7480 F800
G1 X92.722 Y112.225 E19.7594 F800
G1 X92.707 Y111.792 E19.7703 F800
G1 X92.735 Y111.386 E19.7805 F800
G1 X92.803 Y111.010 E19.7900 F800
G1 X92.905 Y110.670 E19.7989 F800
G1 X93.036 Y110.369 E19.8071 F800
G1 X93.192 Y110.110 E19.8146 F800
G1 X93.367 Y109.896 E19.8216 F800
G1 X93.554 Y109.728 E19.8278 F800
G1 X93.748 Y109.608 E19.8335 F800
G1 X93.941 Y109.535 E19.8387 F800
G1 X94.129 Y109.509 E19.8434 F800
G1 X94.304 Y109.529 E19.8479 F800
G1 X94.462 Y109.593 E19.8521 F800
G1 X94.595 Y109.697 E19.8563 F800
G1 X94.700 Y109.839 E19.8608 F800
G1 X94.772 Y110.015 E19.8655 F800
G1 X94.806 Y110.219 E19.8707 F800
G1 X94.798 Y110.446 E19.8764 F800
G1 X94.747 Y110.692 E19.8826 F800
G1 X94.648 Y110.950 E19.8895 F800
G1 X94.502 Y111.215 E19.8971 F800
G1 X94.307 Y111.480 E19.9053 F800
G1 X94.064 Y111.738 E19.9142 F800
G1 X93.772 Y111.984 E19.9237 F800
G1 X93.434 Y112.212 E19.9339 F800
G1 X93.052 Y112.416 E19.9447 F800
G1 X92.628 Y112.589 E19.9562 F800
G1 X92.167 Y112.728 E19.9682 F800
G1 X91.673 Y112.827 E19.9808 F800
G1 X91.150 Y112.882 E19.9940 F800
G1 X90.604 Y112.890 E20.0076 F800
G1 X90.040 Y112.848 E20.0218 F800
G1 X89.464 Y112.754 E20.0364 F800
G1 X88.883 Y112.606 E20.0514 F800
G1 X88.302 Y112.404 E20.0667 F800
G1 X87.729 Y112.147 E20.0824 F800
G1 X87.168 Y111.838 E20.0984 F800
G1 X86.628 Y111.476 E20.1147 F800
G1 X86.113 Y111.065 E20.1312 F800
G1 X85.629 Y110.608 E20.1478 F800
G1 X85.181 Y110.109 E20.1646 F800
G1 X84.774 Y109.571 E20.1814 F800
G1 X84.412 Y109.000 E20.1984 F800
G1 X84.098 Y108.401 E20.2153 F800
G1 X83.836 Y107.780 E20.2321 F800
G1 X83.627 Y107.142 E20.2489 F800
G1 X83.473 Y106.494 E20.2655 F800
G1 X83.375 Y105.843 E20.2820 F800
G1 X83.333 Y105.194 E20.2983 F800
G1 X83.344 Y104.554 E20.3143 F800
G1 X83.409 Y103.929 E20.3300 F800
G1 X83.524 Y103.325 E20.3453 F800
G1 X83.687 Y102.747 E20.3603 F800
G1 X83.893 Y102.202 E20.3749 F800
G1 X84.138 Y101.692 E20.3891 F800
G1 X84.419 Y101.223 E20.4027 F800
G1 X84.728 Y100.798 E20.4159 F800
G1 X85.061 Y100.419 E20.4285 F800
G1 X85.412 Y100.089 E20.4405 F800
G1 X85.774 Y99.809 E20.4520 F800
G1 X86.141 Y99.580 E20.4628 F800
G1 X86.507 Y99.401 E20.4730 F800
G1 X86.866 Y99.272 E20.4825 F800
G1 X87.212 Y99.190 E20.4914 F800
G1 X87.539 Y99.154 E20.4996 F800
G1 X87.841 Y99.159 E20.5072 F800
G1 X88.114 Y99.203 E20.5141 F800
G1 X88.352 Y99.282 E20.5204 F800
G1 X88.553 Y99.389 E20.5260 F800
G1 X88.713 Y99.520 E20.5312 F800
G1 X88.829 Y99.670 E20.5360 F800
G1 X88.899 Y99.832 E20.5404 F800
G1 X88.923 Y100.000 E20.5446 F800
G1 X88.899 Y100.168 E20.5489 F800
G1 X88.829 Y100.330 E20.5533 F800
G1 X88.713 Y100.480 E20.5580 F800
G1 X88.553 Y100.611 E20.5632 F800
G1 X88.352 Y100.718 E20.5689 F800
G1 X88.114 Y100.797 E20.5751 F800
G1 X87.841 Y100.841 E20.5821 F800
G1 X87.539 Y100.846 E20.5896 F800
G1 X87.212 Y100.810 E20.5978 F800
G1 X86.866 Y100.728 E20.6067 F800
G1 X86.507 Y100.599 E20.6162 F800
G1 X86.141 Y100.420 E20.6264 F800
G1 X85.774 Y100.191 E20.6373 F800
G1 X85.412 Y99.911 E20.6487 F800
G1 X85.061 Y99.581 E20.6607 F800
G1 X84.728 Y99.202 E20.6733 F800
G1 X84.419 Y98.777 E20.6865 F800
G1 X84.138 Y98.308 E20.7002 F800
G1 X83.893 Y97.798 E20.7143 F800
G1 X83.687 Y97.253 E20.7289 F800
G1 X83.524 Y96.675 E20.7439 F800
G1 X83.409 Y96.071 E20.7592 F800
G1 X83.344 Y95.446 E20.7750 F800
G1 X83.333 Y94.806 E20.7910 F800
G1 X83.375 Y94.157 E20.8072 F800
G1 X83.473 Y93.506 E20.8237 F800
G1 X83.627 Y92.858 E20.8403 F800
G1 X83.836 Y92.220 E20.8571 F800
G1 X84.098 Y91.599 E20.8740 F800
G1 X84.412 Y91.000 E20.8909 F800
G1 X84.774 Y90.429 E20.9078 F800
G1 X85.181 Y89.891 E20.9246 F800
G1 X85.629 Y89.392 E20.9414 F800
G1 X86.113 Y88.935 E20.9581 F800
G1 X86.628 Y88.524 E20.9745 F800
G1 X87.168 Y88.162 E20.9908 F800
G1 X87.729 Y87.853 E21.0068 F800
G1 X88.302 Y87.596 E21.0225 F800
G1 X88.883 Y87.394 E21.0379 F800
G1 X89.464 Y87.246 E21.0529 F800
G1 X90.040 Y87.152 E21.0674 F800
G1 X90.604 Y87.110 E21.0816 F800
G1 X91.150 Y87.118 E21.0952 F800
G1 X91.673 Y87.173 E21.1084 F800
G1 X92.167 Y87.272 E21.1210 F800
G1 X92.628 Y87.411 E21.1330 F800
G1 X93.052 Y87.584 E21.1445 F800
G1 X93.434 Y87.788 E21.1553 F800
G1 X93.772 Y88.016 E21.1655 F800
G1 X94.064 Y88.262 E21.1750 F800
G1 X94.307 Y88.520 E21.1839 F800
G1 X94.502 Y88.785 E21.1921 F800
G1 X94.648 Y89.050 E21.1997 F800
G1 X94.747 Y89.308 E21.2066 F800
G1 X94.798 Y89.554 E21.2129 F800
G1 X94.806 Y89.781 E21.2186 F800
G1 X94.772 Y89.985 E21.2237 F800
G1 X94.700 Y90.161 E21.2285 F800
G1 X94.595 Y90.303 E21.2329 F800
G1 X94.462 Y90.407 E21.2371 F800
G1 X94.304 Y90.471 E21.2414 F800
G1 X94.129 Y90.491 E21.2458 F800
G1 X93.941 Y90.465 E21.2505 F800
G1 X93.748 Y90.392 E21.2557 F800
G1 X93.554 Y90.272 E21.2614 F800
G1 X93.367 Y90.104 E21.2677 F800
G1 X93.192 Y89.890 E21.2746 F800
G1 X93.036 Y89.631 E21.2821 F800
G1 X92.905 Y89.330 E21.2903 F800
G1 X92.803 Y88.990 E21.2992 F800
G1 X92.735 Y88.614 E21.3088 F800
G1 X92.707 Y88.208 E21.3190 F800
G1 X92.722 Y87.775 E21.3298 F800
G1 X92.783 Y87.321 E21.3412 F800
G1 X92.894 Y86.853 E21.3533 F800
G1 X93.055 Y86.375 E21.3659 F800
G1 X93.269 Y85.895 E21.3790 F800
G1 X93.535 Y85.417 E21.3927 F800
G1 X93.853 Y84.950 E21.4068 F800
G1 X94.223 Y84.498 E21.4214 F800
G1 X94.641 Y84.069 E21.4364 F800
G1 X95.107 Y83.667 E21.4518 F800
G1 X95.616 Y83.299 E21.4675 F800
G1 X96.164 Y82.969 E21.4835 F800
G1 X96.747 Y82.681 E21.4997 F800
G1 X97.361 Y82.441 E21.5162 F800
G1 X97.999 Y82.250 E21.5328 F800
G1 X98.655 Y82.112 E21.5496 F800
G1 X99.324 Y82.028 E21.5665 F800
G1 X100.000 Y82.000 E21.5834 F800
G1 X100.676 Y82.028 E21.6003 F800
G1 X101.345 Y82.112 E21.6171 F800
G1 X102.001 Y82.250 E21.6339 F800
G1 X102.639 Y82.441 E21.6506 F800
G1 X103.253 Y82.681 E21.6670 F800
G1 X103.836 Y82.969 E21.6833 F800
G1 X104.384 Y83.299 E21.6993 F800
G1 X104.893 Y83.667 E21.7150 F800
G1 X105.359 Y84.069 E21.7304 F800
G1 X105.777 Y84.498 E21.7454 F800
G1 X106.147 Y84.950 E21.7600 F800
G1 X106.465 Y85.417 E21.7741 F800
G1 X106.731 Y85.895 E21.7878 F800
G1 X106.945 Y86.375 E21.8009 F800
G1 X107.106 Y86.853 E21.8135 F800
G1 X107.217 Y87.321 E21.8255 F800
G1 X107.278 Y87.775 E21.8370 F800
G1 X107.293 Y88.208 E21.8478 F800
G1 X107.265 Y88.614 E21.8580 F800
G1 X107.197 Y88.990 E21.8675 F800
G1 X107.095 Y89.330 E21.8764 F800
G1 X106.964 Y89.631 E21.8846 F800
G1 X106.808 Y89.890 E21.8922 F800
G1 X106.633 Y90.104 E21.8991 F800
G1 X106.446 Y90.272 E21.9054 F800
G1 X106.252 Y90.392 E21.9111 F800
G1 X106.059 Y90.465 E21.9162 F800
G1 X105.871 Y90.491 E21.9210 F800
G1 X105.696 Y90.471 E21.9254 F800
G1 X105.538 Y90.407 E21.9296 F800
G1 X105.405 Y90.303 E21.9339 F800
G1 X105.300 Y90.161 E21.9383 F800
G1 X105.228 Y89.985 E21.9430 F800
G1 X105.194 Y89.781 E21.9482 F800
G1 X105.202 Y89.554 E21.9539 F800
G1 X105.253 Y89.308 E21.9602 F800
G1 X105.352 Y89.050 E21.9671 F800
G1 X105.498 Y88.785 E21.9746 F800
G1 X105.693 Y88.520 E21.9829 F800
G1 X105.936 Y88.262 E21.9917 F800
G1 X106.228 Y88.016 E22.0013 F800
G1 X106.566 Y87.788 E22.0115 F800
G1 X106.948 Y87.584 E22.0223 F800
G1 X107.372 Y87.411 E22.0337 F800
G1 X107.833 Y87.272 E22.0458 F800
G1 X108.327 Y87.173 E22.0584 F800
G1 X108.850 Y87.118 E22.0715 F800
G1 X109.396 Y87.110 E22.0852 F800
G1 X109.960 Y87.152 E22.0993 F800
G1 X110.536 Y87.246 E22.1139 F800
G1 X111.117 Y87.394 E22.1289 F800
G1 X111.698 Y87.596 E22.1443 F800
G1 X112.271 Y87.853 E22.1600 F800
G1 X112.832 Y88.162 E22.1760 F800
G1 X113.372 Y88.524 E22.1922 F800
G1 X113.887 Y88.935 E22.2087 F800
G1 X114.371 Y89.392 E22.2254 F800
G1 X114.819 Y89.891 E22.2421 F800
G1 X115.226 Y90.429 E22.2590 F800
G1 X115.588 Y91.000 E22.2759 F800
G1 X115.902 Y91.599 E22.2928 F800
G1 X116.164 Y92.220 E22.3097 F800
G1 X116.373 Y92.858 E22.3264 F800
G1 X116.527 Y93.506 E22.3431 F800
G1 X116.625 Y94.157 E22.3596 F800
G1 X116.667 Y94.806 E22.3758 F800
G1 X116.656 Y95.446 E22.3918 F800
G1 X116.591 Y96.071 E22.4075 F800
G1 X116.476 Y96.675 E22.4229 F800
G1 X116.313 Y97.253 E22.4379 F800
G1 X116.107 Y97.798 E22.4525 F800
G1 X115.862 Y98.308 E22.4666 F800
G1 X115.581 Y98.777 E22.4803 F800
G1 X115.272 Y99.202 E22.4934 F800
G1 X114.939 Y99.581 E22.5060 F800
G1 X114.588 Y99.911 E22.5181 F800
G1 X114.226 Y100.191 E22.5295 F800
G1 X113.859 Y100.420 E22.5403 F800
G1 X113.493 Y100.599 E22.5505 F800
G1 X113.134 Y100.728 E22.5601 F800
G1 X112.788 Y100.810 E22.5689 F800
G1 X112.461 Y100.846 E22.5772 F800
G1 X112.159 Y100.841 E22.5847 F800
G1 X111.886 Y100.797 E22.5916 F800
G1 X111.648 Y100.718 E22.5979 F800
G1 X111.447 Y100.611 E22.6036 F800
G1 X111.287 Y100.480 E22.6088 F800
G1 X111.171 Y100.330 E22.6135 F800
G1 X111.101 Y100.168 E22.6179 F800
G1 X111.077 Y100.000 E22.6222 F800
G1 E21.1222 F1200   ; Retract
G1 Z6.50 F600   ; Z-hop
G1 X112.308 Y100.000 F1200   ; Travel → base curve 10 (scale=0.769)
G1 Z5.50 F300   ; Lower to Z
G1 E22.6222 F1200   ; Prime
G1 X112.334 Y100.187 E22.6269 F800
G1 X112.412 Y100.367 E22.6318 F800
G1 X112.541 Y100.533 E22.6370 F800
G1 X112.719 Y100.679 E22.6428 F800
G1 X112.942 Y100.798 E22.6491 F800
G1 X113.207 Y100.885 E22.6561 F800
G1 X113.510 Y100.934 E22.6638 F800
G1 X113.846 Y100.940 E22.6722 F800
G1 X114.209 Y100.900 E22.6813 F800
G1 X114.593 Y100.809 E22.6912 F800
G1 X114.992 Y100.665 E22.7018 F800
G1 X115.399 Y100.467 E22.7131 F800
G1 X115.807 Y100.212 E22.7251 F800
G1 X116.209 Y99.901 E22.7378 F800
G1 X116.599 Y99.534 E22.7512 F800
G1 X116.969 Y99.113 E22.7652 F800
G1 X117.313 Y98.641 E22.7798 F800
G1 X117.624 Y98.120 E22.7950 F800
G1 X117.897 Y97.554 E22.8107 F800
G1 X118.126 Y96.947 E22.8269 F800
G1 X118.307 Y96.306 E22.8436 F800
G1 X118.434 Y95.635 E22.8606 F800
G1 X118.506 Y94.940 E22.8781 F800
G1 X118.519 Y94.229 E22.8959 F800
G1 X118.472 Y93.508 E22.9139 F800
G1 X118.363 Y92.784 E22.9322 F800
G1 X118.192 Y92.065 E22.9507 F800
G1 X117.960 Y91.356 E22.9694 F800
G1 X117.669 Y90.666 E22.9881 F800
G1 X117.321 Y90.000 E23.0069 F800
G1 X116.918 Y89.365 E23.0257 F800
G1 X116.466 Y88.768 E23.0444 F800
G1 X115.968 Y88.213 E23.0630 F800
G1 X115.430 Y87.705 E23.0815 F800
G1 X114.858 Y87.249 E23.0998 F800
G1 X114.257 Y86.847 E23.1179 F800
G1 X113.635 Y86.503 E23.1357 F800
G1 X112.998 Y86.218 E23.1531 F800
G1 X112.353 Y85.993 E23.1702 F800
G1 X111.707 Y85.829 E23.1869 F800
G1 X111.067 Y85.724 E23.2031 F800
G1 X110.440 Y85.677 E23.2188 F800
G1 X109.833 Y85.686 E23.2340 F800
G1 X109.252 Y85.748 E23.2486 F800
G1 X108.703 Y85.858 E23.2626 F800
G1 X108.191 Y86.012 E23.2760 F800
G1 X107.720 Y86.205 E23.2887 F800
G1 X107.295 Y86.431 E23.3007 F800
G1 X106.920 Y86.684 E23.3120 F800
G1 X106.596 Y86.958 E23.3226 F800
G1 X106.325 Y87.245 E23.3325 F800
G1 X106.109 Y87.539 E23.3416 F800
G1 X105.946 Y87.833 E23.3500 F800
G1 X105.837 Y88.120 E23.3577 F800
G1 X105.780 Y88.393 E23.3647 F800
G1 X105.771 Y88.646 E23.3710 F800
G1 X105.809 Y88.873 E23.3767 F800
G1 X105.888 Y89.067 E23.3820 F800
G1 X106.005 Y89.225 E23.3869 F800
G1 X106.154 Y89.341 E23.3916 F800
G1 X106.329 Y89.412 E23.3963 F800
G1 X106.524 Y89.434 E23.4012 F800
G1 X106.732 Y89.406 E23.4065 F800
G1 X106.947 Y89.325 E23.4122 F800
G1 X107.162 Y89.191 E23.4186 F800
G1 X107.370 Y89.005 E23.4255 F800
G1 X107.564 Y88.767 E23.4332 F800
G1 X107.737 Y88.479 E23.4416 F800
G1 X107.884 Y88.145 E23.4507 F800
G1 X107.997 Y87.767 E23.4606 F800
G1 X108.072 Y87.349 E23.4712 F800
G1 X108.103 Y86.897 E23.4825 F800
G1 X108.087 Y86.417 E23.4946 F800
G1 X108.019 Y85.913 E23.5073 F800
G1 X107.896 Y85.392 E23.5207 F800
G1 X107.717 Y84.861 E23.5347 F800
G1 X107.479 Y84.327 E23.5493 F800
G1 X107.184 Y83.797 E23.5644 F800
G1 X106.830 Y83.278 E23.5802 F800
G1 X106.419 Y82.776 E23.5964 F800
G1 X105.954 Y82.299 E23.6130 F800
G1 X105.437 Y81.853 E23.6301 F800
G1 X104.871 Y81.443 E23.6476 F800
G1 X104.262 Y81.076 E23.6653 F800
G1 X103.614 Y80.757 E23.6834 F800
G1 X102.932 Y80.490 E23.7017 F800
G1 X102.224 Y80.278 E23.7202 F800
G1 X101.494 Y80.124 E23.7388 F800
G1 X100.751 Y80.031 E23.7576 F800
G1 X100.000 Y80.000 E23.7763 F800
G1 X99.249 Y80.031 E23.7951 F800
G1 X98.506 Y80.124 E23.8139 F800
G1 X97.776 Y80.278 E23.8325 F800
G1 X97.068 Y80.490 E23.8510 F800
G1 X96.386 Y80.757 E23.8693 F800
G1 X95.738 Y81.076 E23.8874 F800
G1 X95.129 Y81.443 E23.9051 F800
G1 X94.563 Y81.853 E23.9226 F800
G1 X94.046 Y82.299 E23.9397 F800
G1 X93.581 Y82.776 E23.9563 F800
G1 X93.170 Y83.278 E23.9725 F800
G1 X92.816 Y83.797 E23.9882 F800
G1 X92.521 Y84.327 E24.0034 F800
G1 X92.283 Y84.861 E24.0180 F800
G1 X92.104 Y85.392 E24.0320 F800
G1 X91.981 Y85.913 E24.0454 F800
G1 X91.913 Y86.417 E24.0581 F800
G1 X91.897 Y86.897 E24.0702 F800
G1 X91.928 Y87.349 E24.0815 F800
G1 X92.003 Y87.767 E24.0921 F800
G1 X92.116 Y88.145 E24.1019 F800
G1 X92.263 Y88.479 E24.1111 F800
G1 X92.436 Y88.767 E24.1195 F800
G1 X92.630 Y89.005 E24.1271 F800
G1 X92.838 Y89.191 E24.1341 F800
G1 X93.053 Y89.325 E24.1405 F800
G1 X93.268 Y89.406 E24.1462 F800
G1 X93.476 Y89.434 E24.1515 F800
G1 X93.671 Y89.412 E24.1564 F800
G1 X93.846 Y89.341 E24.1611 F800
G1 X93.995 Y89.225 E24.1658 F800
G1 X94.112 Y89.067 E24.1707 F800
G1 X94.191 Y88.873 E24.1760 F800
G1 X94.229 Y88.646 E24.1817 F800
G1 X94.220 Y88.393 E24.1880 F800
G1 X94.163 Y88.120 E24.1950 F800
G1 X94.054 Y87.833 E24.2027 F800
G1 X93.891 Y87.539 E24.2111 F800
G1 X93.675 Y87.245 E24.2202 F800
G1 X93.404 Y86.958 E24.2301 F800
G1 X93.080 Y86.684 E24.2407 F800
G1 X92.705 Y86.431 E24.2520 F800
G1 X92.280 Y86.205 E24.2640 F800
G1 X91.809 Y86.012 E24.2767 F800
G1 X91.297 Y85.858 E24.2901 F800
G1 X90.748 Y85.748 E24.3041 F800
G1 X90.167 Y85.686 E24.3187 F800
G1 X89.560 Y85.677 E24.3339 F800
G1 X88.933 Y85.724 E24.3496 F800
G1 X88.293 Y85.829 E24.3658 F800
G1 X87.647 Y85.993 E24.3825 F800
G1 X87.002 Y86.218 E24.3996 F800
G1 X86.365 Y86.503 E24.4170 F800
G1 X85.743 Y86.847 E24.4348 F800
G1 X85.142 Y87.249 E24.4529 F800
G1 X84.570 Y87.705 E24.4712 F800
G1 X84.032 Y88.213 E24.4897 F800
G1 X83.534 Y88.768 E24.5083 F800
G1 X83.082 Y89.365 E24.5270 F800
G1 X82.679 Y90.000 E24.5458 F800
G1 X82.331 Y90.666 E24.5646 F800
G1 X82.040 Y91.356 E24.5833 F800
G1 X81.808 Y92.065 E24.6020 F800
G1 X81.637 Y92.784 E24.6205 F800
G1 X81.528 Y93.508 E24.6388 F800
G1 X81.481 Y94.229 E24.6568 F800
G1 X81.494 Y94.940 E24.6746 F800
G1 X81.566 Y95.635 E24.6921 F800
G1 X81.693 Y96.306 E24.7091 F800
G1 X81.874 Y96.947 E24.7258 F800
G1 X82.103 Y97.554 E24.7420 F800
G1 X82.376 Y98.120 E24.7577 F800
G1 X82.687 Y98.641 E24.7729 F800
G1 X83.031 Y99.113 E24.7875 F800
G1 X83.401 Y99.534 E24.8015 F800
G1 X83.791 Y99.901 E24.8149 F800
G1 X84.193 Y100.212 E24.8276 F800
G1 X84.601 Y100.467 E24.8396 F800
G1 X85.008 Y100.665 E24.8509 F800
G1 X85.407 Y100.809 E24.8615 F800
G1 X85.791 Y100.900 E24.8714 F800
G1 X86.154 Y100.940 E24.8805 F800
G1 X86.490 Y100.934 E24.8889 F800
G1 X86.793 Y100.885 E24.8966 F800
G1 X87.058 Y100.798 E24.9036 F800
G1 X87.281 Y100.679 E24.9099 F800
G1 X87.459 Y100.533 E24.9157 F800
G1 X87.588 Y100.367 E24.9209 F800
G1 X87.666 Y100.187 E24.9258 F800
G1 X87.692 Y100.000 E24.9305 F800
G1 X87.666 Y99.813 E24.9353 F800
G1 X87.588 Y99.633 E24.9402 F800
G1 X87.459 Y99.467 E24.9454 F800
G1 X87.281 Y99.321 E24.9512 F800
G1 X87.058 Y99.202 E24.9575 F800
G1 X86.793 Y99.115 E24.9645 F800
G1 X86.490 Y99.066 E24.9721 F800
G1 X86.154 Y99.060 E24.9805 F800
G1 X85.791 Y99.100 E24.9897 F800
G1 X85.407 Y99.191 E24.9995 F800
G1 X85.008 Y99.335 E25.0101 F800
G1 X84.601 Y99.533 E25.0215 F800
G1 X84.193 Y99.788 E25.0335 F800
G1 X83.791 Y100.099 E25.0462 F800
G1 X83.401 Y100.466 E25.0596 F800
G1 X83.031 Y100.887 E25.0736 F800
G1 X82.687 Y101.359 E25.0882 F800
G1 X82.376 Y101.880 E25.1034 F800
G1 X82.103 Y102.446 E25.1191 F800
G1 X81.874 Y103.053 E25.1353 F800
G1 X81.693 Y103.694 E25.1519 F800
G1 X81.566 Y104.365 E25.1690 F800
G1 X81.494 Y105.060 E25.1865 F800
G1 X81.481 Y105.771 E25.2043 F800
G1 X81.528 Y106.492 E25.2223 F800
G1 X81.637 Y107.216 E25.2406 F800
G1 X81.808 Y107.935 E25.2591 F800
G1 X82.040 Y108.644 E25.2778 F800
G1 X82.331 Y109.334 E25.2965 F800
G1 X82.679 Y110.000 E25.3153 F800
G1 X83.082 Y110.635 E25.3341 F800
G1 X83.534 Y111.232 E25.3528 F800
G1 X84.032 Y111.787 E25.3714 F800
G1 X84.570 Y112.295 E25.3899 F800
G1 X85.142 Y112.751 E25.4082 F800
G1 X85.743 Y113.153 E25.4263 F800
G1 X86.365 Y113.497 E25.4441 F800
G1 X87.002 Y113.782 E25.4615 F800
G1 X87.647 Y114.007 E25.4786 F800
G1 X88.293 Y114.171 E25.4953 F800
G1 X88.933 Y114.276 E25.5115 F800
G1 X89.560 Y114.323 E25.5272 F800
G1 X90.167 Y114.314 E25.5423 F800
G1 X90.748 Y114.252 E25.5570 F800
G1 X91.297 Y114.142 E25.5710 F800
G1 X91.809 Y113.988 E25.5843 F800
G1 X92.280 Y113.795 E25.5970 F800
G1 X92.705 Y113.569 E25.6091 F800
G1 X93.080 Y113.316 E25.6204 F800
G1 X93.404 Y113.042 E25.6310 F800
G1 X93.675 Y112.755 E25.6409 F800
G1 X93.891 Y112.461 E25.6500 F800
G1 X94.054 Y112.167 E25.6584 F800
G1 X94.163 Y111.880 E25.6661 F800
G1 X94.220 Y111.607 E25.6730 F800
G1 X94.229 Y111.354 E25.6794 F800
G1 X94.191 Y111.127 E25.6851 F800
G1 X94.112 Y110.933 E25.6904 F800
G1 X93.995 Y110.775 E25.6953 F800
G1 X93.846 Y110.659 E25.7000 F800
G1 X93.671 Y110.588 E25.7047 F800
G1 X93.476 Y110.566 E25.7096 F800
G1 X93.268 Y110.594 E25.7149 F800
G1 X93.053 Y110.675 E25.7206 F800
G1 X92.838 Y110.809 E25.7270 F800
G1 X92.630 Y110.995 E25.7339 F800
G1 X92.436 Y111.233 E25.7416 F800
G1 X92.263 Y111.521 E25.7500 F800
G1 X92.116 Y111.855 E25.7591 F800
G1 X92.003 Y112.233 E25.7690 F800
G1 X91.928 Y112.651 E25.7796 F800
G1 X91.897 Y113.103 E25.7909 F800
G1 X91.913 Y113.583 E25.8029 F800
G1 X91.981 Y114.087 E25.8157 F800
G1 X92.104 Y114.608 E25.8290 F800
G1 X92.283 Y115.139 E25.8430 F800
G1 X92.521 Y115.673 E25.8576 F800
G1 X92.816 Y116.203 E25.8728 F800
G1 X93.170 Y116.722 E25.8885 F800
G1 X93.581 Y117.224 E25.9047 F800
G1 X94.046 Y117.701 E25.9214 F800
G1 X94.563 Y118.147 E25.9385 F800
G1 X95.129 Y118.557 E25.9559 F800
G1 X95.738 Y118.924 E25.9737 F800
G1 X96.386 Y119.243 E25.9918 F800
G1 X97.068 Y119.510 E26.0101 F800
G1 X97.776 Y119.722 E26.0286 F800
G1 X98.506 Y119.876 E26.0472 F800
G1 X99.249 Y119.969 E26.0659 F800
G1 X100.000 Y120.000 E26.0847 F800
G1 X100.751 Y119.969 E26.1035 F800
G1 X101.494 Y119.876 E26.1222 F800
G1 X102.224 Y119.722 E26.1409 F800
G1 X102.932 Y119.510 E26.1594 F800
G1 X103.614 Y119.243 E26.1777 F800
G1 X104.262 Y118.924 E26.1957 F800
G1 X104.871 Y118.557 E26.2135 F800
G1 X105.437 Y118.147 E26.2310 F800
G1 X105.954 Y117.701 E26.2481 F800
G1 X106.419 Y117.224 E26.2647 F800
G1 X106.830 Y116.722 E26.2809 F800
G1 X107.184 Y116.203 E26.2966 F800
G1 X107.479 Y115.673 E26.3118 F800
G1 X107.717 Y115.139 E26.3264 F800
G1 X107.896 Y114.608 E26.3404 F800
G1 X108.019 Y114.087 E26.3538 F800
G1 X108.087 Y113.583 E26.3665 F800
G1 X108.103 Y113.103 E26.3785 F800
G1 X108.072 Y112.651 E26.3899 F800
G1 X107.997 Y112.233 E26.4005 F800
G1 X107.884 Y111.855 E26.4103 F800
G1 X107.737 Y111.521 E26.4195 F800
G1 X107.564 Y111.233 E26.4279 F800
G1 X107.370 Y110.995 E26.4355 F800
G1 X107.162 Y110.809 E26.4425 F800
G1 X106.947 Y110.675 E26.4488 F800
G1 X106.732 Y110.594 E26.4546 F800
G1 X106.524 Y110.566 E26.4598 F800
G1 X106.329 Y110.588 E26.4647 F800
G1 X106.154 Y110.659 E26.4695 F800
G1 X106.005 Y110.775 E26.4742 F800
G1 X105.888 Y110.933 E26.4791 F800
G1 X105.809 Y111.127 E26.4843 F800
G1 X105.771 Y111.354 E26.4901 F800
G1 X105.780 Y111.607 E26.4964 F800
G1 X105.837 Y111.880 E26.5034 F800
G1 X105.946 Y112.167 E26.5111 F800
G1 X106.109 Y112.461 E26.5195 F800
G1 X106.325 Y112.755 E26.5286 F800
G1 X106.596 Y113.042 E26.5385 F800
G1 X106.920 Y113.316 E26.5491 F800
G1 X107.295 Y113.569 E26.5604 F800
G1 X107.720 Y113.795 E26.5724 F800
G1 X108.191 Y113.988 E26.5851 F800
G1 X108.703 Y114.142 E26.5985 F800
G1 X109.252 Y114.252 E26.6125 F800
G1 X109.833 Y114.314 E26.6271 F800
G1 X110.440 Y114.323 E26.6423 F800
G1 X111.067 Y114.276 E26.6580 F800
G1 X111.707 Y114.171 E26.6742 F800
G1 X112.353 Y114.007 E26.6909 F800
G1 X112.998 Y113.782 E26.7079 F800
G1 X113.635 Y113.497 E26.7254 F800
G1 X114.257 Y113.153 E26.7432 F800
G1 X114.858 Y112.751 E26.7612 F800
G1 X115.430 Y112.295 E26.7795 F800
G1 X115.968 Y111.787 E26.7980 F800
G1 X116.466 Y111.232 E26.8167 F800
G1 X116.918 Y110.635 E26.8354 F800
G1 X117.321 Y110.000 E26.8542 F800
G1 X117.669 Y109.334 E26.8730 F800
G1 X117.960 Y108.644 E26.8917 F800
G1 X118.192 Y107.935 E26.9103 F800
G1 X118.363 Y107.216 E26.9288 F800
G1 X118.472 Y106.492 E26.9471 F800
G1 X118.519 Y105.771 E26.9652 F800
G1 X118.506 Y105.060 E26.9830 F800
G1 X118.434 Y104.365 E27.0004 F800
G1 X118.307 Y103.694 E27.0175 F800
G1 X118.126 Y103.053 E27.0342 F800
G1 X117.897 Y102.446 E27.0504 F800
G1 X117.624 Y101.880 E27.0661 F800
G1 X117.313 Y101.359 E27.0813 F800
G1 X116.969 Y100.887 E27.0959 F800
G1 X116.599 Y100.466 E27.1099 F800
G1 X116.209 Y100.099 E27.1233 F800
G1 X115.807 Y99.788 E27.1360 F800
G1 X115.399 Y99.533 E27.1480 F800
G1 X114.992 Y99.335 E27.1593 F800
G1 X114.593 Y99.191 E27.1699 F800
G1 X114.209 Y99.100 E27.1798 F800
G1 X113.846 Y99.060 E27.1889 F800
G1 X113.510 Y99.066 E27.1973 F800
G1 X113.207 Y99.115 E27.2050 F800
G1 X112.942 Y99.202 E27.2120 F800
G1 X112.719 Y99.321 E27.2183 F800
G1 X112.541 Y99.467 E27.2240 F800
G1 X112.412 Y99.633 E27.2293 F800
G1 X112.334 Y99.813 E27.2342 F800
G1 X112.308 Y100.000 E27.2389 F800
G1 E25.7389 F1200   ; Retract
G1 Z6.50 F600   ; Z-hop
G1 X113.538 Y100.000 F1200   ; Travel → base curve 11 (scale=0.846)
G1 Z5.50 F300   ; Lower to Z
G1 E27.2389 F1200   ; Prime
G1 X113.567 Y99.795 E27.2441 F800
G1 X113.653 Y99.597 E27.2495 F800
G1 X113.795 Y99.414 E27.2553 F800
G1 X113.990 Y99.253 E27.2616 F800
G1 X114.236 Y99.122 E27.2686 F800
G1 X114.528 Y99.026 E27.2762 F800
G1 X114.861 Y98.973 E27.2847 F800
G1 X115.230 Y98.966 E27.2939 F800
G1 X115.630 Y99.010 E27.3040 F800
G1 X116.052 Y99.110 E27.3148 F800
G1 X116.491 Y99.268 E27.3265 F800
G1 X116.939 Y99.487 E27.3389 F800
G1 X117.388 Y99.767 E27.3522 F800
G1 X117.830 Y100.109 E27.3662 F800
G1 X118.259 Y100.512 E27.3809 F800
G1 X118.666 Y100.975 E27.3963 F800
G1 X119.044 Y101.495 E27.4123 F800
G1 X119.386 Y102.068 E27.4290 F800
G1 X119.687 Y102.691 E27.4463 F800
G1 X119.939 Y103.358 E27.4641 F800
G1 X120.137 Y104.064 E27.4825 F800
G1 X120.278 Y104.802 E27.5013 F800
G1 X120.357 Y105.566 E27.5205 F800
G1 X120.371 Y106.348 E27.5400 F800
G1 X120.319 Y107.141 E27.5599 F800
G1 X120.199 Y107.937 E27.5800 F800
G1 X120.011 Y108.729 E27.6004 F800
G1 X119.756 Y109.508 E27.6209 F800
G1 X119.436 Y110.268 E27.6415 F800
G1 X119.053 Y111.000 E27.6621 F800
G1 X118.610 Y111.698 E27.6828 F800
G1 X118.113 Y112.355 E27.7034 F800
G1 X117.565 Y112.966 E27.7239 F800
G1 X116.973 Y113.524 E27.7442 F800
G1 X116.344 Y114.026 E27.7644 F800
G1 X115.683 Y114.468 E27.7842 F800
G1 X114.998 Y114.847 E27.8038 F800
G1 X114.297 Y115.160 E27.8230 F800
G1 X113.588 Y115.408 E27.8418 F800
G1 X112.877 Y115.588 E27.8601 F800
G1 X112.174 Y115.704 E27.8779 F800
G1 X111.484 Y115.755 E27.8952 F800
G1 X110.817 Y115.745 E27.9119 F800
G1 X110.177 Y115.677 E27.9280 F800
G1 X109.573 Y115.556 E27.9434 F800
G1 X109.010 Y115.387 E27.9581 F800
G1 X108.492 Y115.175 E27.9721 F800
G1 X108.025 Y114.926 E27.9853 F800
G1 X107.612 Y114.648 E27.9978 F800
G1 X107.255 Y114.347 E28.0094 F800
G1 X106.958 Y114.031 E28.0203 F800
G1 X106.719 Y113.707 E28.0303 F800
G1 X106.541 Y113.384 E28.0396 F800
G1 X106.421 Y113.068 E28.0480 F800
G1 X106.358 Y112.768 E28.0557 F800
G1 X106.349 Y112.489 E28.0626 F800
G1 X106.390 Y112.240 E28.0690 F800
G1 X106.477 Y112.026 E28.0747 F800
G1 X106.606 Y111.852 E28.0801 F800
G1 X106.769 Y111.725 E28.0853 F800
G1 X106.962 Y111.647 E28.0905 F800
G1 X107.176 Y111.622 E28.0959 F800
G1 X107.405 Y111.654 E28.1017 F800
G1 X107.642 Y111.743 E28.1080 F800
G1 X107.878 Y111.890 E28.1150 F800
G1 X108.107 Y112.095 E28.1227 F800
G1 X108.320 Y112.356 E28.1311 F800
G1 X108.511 Y112.673 E28.1403 F800
G1 X108.672 Y113.041 E28.1504 F800
G1 X108.797 Y113.457 E28.1612 F800
G1 X108.879 Y113.916 E28.1729 F800
G1 X108.914 Y114.413 E28.1853 F800
G1 X108.896 Y114.942 E28.1986 F800
G1 X108.821 Y115.496 E28.2126 F800
G1 X108.686 Y116.069 E28.2273 F800
G1 X108.488 Y116.653 E28.2427 F800
G1 X108.227 Y117.240 E28.2587 F800
G1 X107.902 Y117.823 E28.2754 F800
G1 X107.513 Y118.394 E28.2927 F800
G1 X107.061 Y118.946 E28.3105 F800
G1 X106.549 Y119.471 E28.3289 F800
G1 X105.980 Y119.962 E28.3477 F800
G1 X105.359 Y120.412 E28.3669 F800
G1 X104.688 Y120.816 E28.3864 F800
G1 X103.975 Y121.167 E28.4063 F800
G1 X103.226 Y121.461 E28.4264 F800
G1 X102.446 Y121.695 E28.4468 F800
G1 X101.644 Y121.864 E28.4673 F800
G1 X100.826 Y121.966 E28.4879 F800
G1 X100.000 Y122.000 E28.5085 F800
G1 X99.174 Y121.966 E28.5292 F800
G1 X98.356 Y121.864 E28.5498 F800
G1 X97.554 Y121.695 E28.5703 F800
G1 X96.774 Y121.461 E28.5906 F800
G1 X96.025 Y121.167 E28.6108 F800
G1 X95.312 Y120.816 E28.6306 F800
G1 X94.641 Y120.412 E28.6502 F800
G1 X94.020 Y119.962 E28.6694 F800
G1 X93.451 Y119.471 E28.6882 F800
G1 X92.939 Y118.946 E28.7065 F800
G1 X92.487 Y118.394 E28.7243 F800
G1 X92.098 Y117.823 E28.7416 F800
G1 X91.773 Y117.240 E28.7583 F800
G1 X91.512 Y116.653 E28.7744 F800
G1 X91.314 Y116.069 E28.7898 F800
G1 X91.179 Y115.496 E28.8045 F800
G1 X91.104 Y114.942 E28.8185 F800
G1 X91.086 Y114.413 E28.8317 F800
G1 X91.121 Y113.916 E28.8442 F800
G1 X91.203 Y113.457 E28.8558 F800
G1 X91.328 Y113.041 E28.8667 F800
G1 X91.489 Y112.673 E28.8767 F800
G1 X91.680 Y112.356 E28.8860 F800
G1 X91.893 Y112.095 E28.8944 F800
G1 X92.122 Y111.890 E28.9021 F800
G1 X92.358 Y111.743 E28.9090 F800
G1 X92.595 Y111.654 E28.9154 F800
G1 X92.824 Y111.622 E28.9212 F800
G1 X93.038 Y111.647 E28.9265 F800
G1 X93.231 Y111.725 E28.9317 F800
G1 X93.394 Y111.852 E28.9369 F800
G1 X93.523 Y112.026 E28.9423 F800
G1 X93.610 Y112.240 E28.9481 F800
G1 X93.651 Y112.489 E28.9544 F800
G1 X93.642 Y112.768 E28.9614 F800
G1 X93.579 Y113.068 E28.9691 F800
G1 X93.459 Y113.384 E28.9775 F800
G1 X93.281 Y113.707 E28.9867 F800
G1 X93.042 Y114.031 E28.9968 F800
G1 X92.745 Y114.347 E29.0076 F800
G1 X92.388 Y114.648 E29.0193 F800
G1 X91.975 Y114.926 E29.0317 F800
G1 X91.508 Y115.175 E29.0450 F800
G1 X90.990 Y115.387 E29.0590 F800
G1 X90.427 Y115.556 E29.0737 F800
G1 X89.823 Y115.677 E29.0891 F800
G1 X89.183 Y115.745 E29.1052 F800
G1 X88.516 Y115.755 E29.1218 F800
G1 X87.826 Y115.704 E29.1391 F800
G1 X87.123 Y115.588 E29.1570 F800
G1 X86.412 Y115.408 E29.1753 F800
G1 X85.703 Y115.160 E29.1941 F800
G1 X85.002 Y114.847 E29.2133 F800
G1 X84.317 Y114.468 E29.2328 F800
G1 X83.656 Y114.026 E29.2527 F800
G1 X83.027 Y113.524 E29.2728 F800
G1 X82.435 Y112.966 E29.2932 F800
G1 X81.887 Y112.355 E29.3137 F800
G1 X81.390 Y111.698 E29.3343 F800
G1 X80.947 Y111.000 E29.3549 F800
G1 X80.564 Y110.268 E29.3756 F800
G1 X80.244 Y109.508 E29.3962 F800
G1 X79.989 Y108.729 E29.4167 F800
G1 X79.801 Y107.937 E29.4371 F800
G1 X79.681 Y107.141 E29.4572 F800
G1 X79.629 Y106.348 E29.4771 F800
G1 X79.643 Y105.566 E29.4966 F800
G1 X79.722 Y104.802 E29.5158 F800
G1 X79.863 Y104.064 E29.5346 F800
G1 X80.061 Y103.358 E29.5529 F800
G1 X80.313 Y102.691 E29.5707 F800
G1 X80.614 Y102.068 E29.5880 F800
G1 X80.956 Y101.495 E29.6047 F800
G1 X81.334 Y100.975 E29.6208 F800
G1 X81.741 Y100.512 E29.6362 F800
G1 X82.170 Y100.109 E29.6509 F800
G1 X82.612 Y99.767 E29.6649 F800
G1 X83.061 Y99.487 E29.6781 F800
G1 X83.509 Y99.268 E29.6906 F800
G1 X83.948 Y99.110 E29.7022 F800
G1 X84.370 Y99.010 E29.7131 F800
G1 X84.770 Y98.966 E29.7231 F800
G1 X85.139 Y98.973 E29.7324 F800
G1 X85.472 Y99.026 E29.7408 F800
G1 X85.764 Y99.122 E29.7485 F800
G1 X86.010 Y99.253 E29.7555 F800
G1 X86.205 Y99.414 E29.7618 F800
G1 X86.347 Y99.597 E29.7676 F800
G1 X86.433 Y99.795 E29.7730 F800
G1 X86.462 Y100.000 E29.7781 F800
G1 X86.433 Y100.205 E29.7833 F800
G1 X86.347 Y100.403 E29.7887 F800
G1 X86.205 Y100.586 E29.7945 F800
G1 X86.010 Y100.747 E29.8008 F800
G1 X85.764 Y100.878 E29.8078 F800
G1 X85.472 Y100.974 E29.8155 F800
G1 X85.139 Y101.027 E29.8239 F800
G1 X84.770 Y101.034 E29.8331 F800
G1 X84.370 Y100.990 E29.8432 F800
G1 X83.948 Y100.890 E29.8540 F800
G1 X83.509 Y100.732 E29.8657 F800
G1 X83.061 Y100.513 E29.8782 F800
G1 X82.612 Y100.233 E29.8914 F800
G1 X82.170 Y99.891 E29.9054 F800
G1 X81.741 Y99.488 E29.9201 F800
G1 X81.334 Y99.025 E29.9355 F800
G1 X80.956 Y98.505 E29.9516 F800
G1 X80.614 Y97.932 E29.9683 F800
G1 X80.313 Y97.309 E29.9855 F800
G1 X80.061 Y96.642 E30.0034 F800
G1 X79.863 Y95.936 E30.0217 F800
G1 X79.722 Y95.198 E30.0405 F800
G1 X79.643 Y94.434 E30.0597 F800
G1 X79.629 Y93.652 E30.0792 F800
G1 X79.681 Y92.859 E30.0991 F800
G1 X79.801 Y92.063 E30.1192 F800
G1 X79.989 Y91.271 E30.1396 F800
G1 X80.244 Y90.492 E30.1601 F800
G1 X80.564 Y89.732 E30.1807 F800
G1 X80.947 Y89.000 E30.2013 F800
G1 X81.390 Y88.302 E30.2220 F800
G1 X81.887 Y87.645 E30.2426 F800
G1 X82.435 Y87.034 E30.2631 F800
G1 X83.027 Y86.476 E30.2835 F800
G1 X83.656 Y85.974 E30.3036 F800
G1 X84.317 Y85.532 E30.3235 F800
G1 X85.002 Y85.153 E30.3430 F800
G1 X85.703 Y84.840 E30.3622 F800
G1 X86.412 Y84.592 E30.3810 F800
G1 X87.123 Y84.412 E30.3993 F800
G1 X87.826 Y84.296 E30.4172 F800
G1 X88.516 Y84.245 E30.4344 F800
G1 X89.183 Y84.255 E30.4511 F800
G1 X89.823 Y84.323 E30.4672 F800
G1 X90.427 Y84.444 E30.4826 F800
G1 X90.990 Y84.613 E30.4973 F800
G1 X91.508 Y84.825 E30.5113 F800
G1 X91.975 Y85.074 E30.5245 F800
G1 X92.388 Y85.352 E30.5370 F800
G1 X92.745 Y85.653 E30.5486 F800
G1 X93.042 Y85.969 E30.5595 F800
G1 X93.281 Y86.293 E30.5695 F800
G1 X93.459 Y86.616 E30.5788 F800
G1 X93.579 Y86.932 E30.5872 F800
G1 X93.642 Y87.232 E30.5949 F800
G1 X93.651 Y87.511 E30.6019 F800
G1 X93.610 Y87.760 E30.6082 F800
G1 X93.523 Y87.974 E30.6140 F800
G1 X93.394 Y88.148 E30.6194 F800
G1 X93.231 Y88.275 E30.6245 F800
G1 X93.038 Y88.353 E30.6297 F800
G1 X92.824 Y88.378 E30.6351 F800
G1 X92.595 Y88.346 E30.6409 F800
G1 X92.358 Y88.257 E30.6472 F800
G1 X92.122 Y88.110 E30.6542 F800
G1 X91.893 Y87.905 E30.6619 F800
G1 X91.680 Y87.644 E30.6703 F800
G1 X91.489 Y87.327 E30.6796 F800
G1 X91.328 Y86.959 E30.6896 F800
G1 X91.203 Y86.543 E30.7004 F800
G1 X91.121 Y86.084 E30.7121 F800
G1 X91.086 Y85.587 E30.7246 F800
G1 X91.104 Y85.058 E30.7378 F800
G1 X91.179 Y84.504 E30.7518 F800
G1 X91.314 Y83.931 E30.7665 F800
G1 X91.512 Y83.347 E30.7819 F800
G1 X91.773 Y82.760 E30.7980 F800
G1 X92.098 Y82.177 E30.8147 F800
G1 X92.487 Y81.606 E30.8319 F800
G1 X92.939 Y81.054 E30.8498 F800
G1 X93.451 Y80.529 E30.8681 F800
G1 X94.020 Y80.038 E30.8869 F800
G1 X94.641 Y79.588 E30.9061 F800
G1 X95.312 Y79.184 E30.9256 F800
G1 X96.025 Y78.833 E30.9455 F800
G1 X96.774 Y78.539 E30.9656 F800
G1 X97.554 Y78.305 E30.9860 F800
G1 X98.356 Y78.136 E31.0065 F800
G1 X99.174 Y78.034 E31.0271 F800
G1 X100.000 Y78.000 E31.0478 F800
G1 X100.826 Y78.034 E31.0684 F800
G1 X101.644 Y78.136 E31.0890 F800
G1 X102.446 Y78.305 E31.1095 F800
G1 X103.226 Y78.539 E31.1299 F800
G1 X103.975 Y78.833 E31.1500 F800
G1 X104.688 Y79.184 E31.1699 F800
G1 X105.359 Y79.588 E31.1894 F800
G1 X105.980 Y80.038 E31.2086 F800
G1 X106.549 Y80.529 E31.2274 F800
G1 X107.061 Y81.054 E31.2457 F800
G1 X107.513 Y81.606 E31.2636 F800
G1 X107.902 Y82.177 E31.2808 F800
G1 X108.227 Y82.760 E31.2975 F800
G1 X108.488 Y83.347 E31.3136 F800
G1 X108.686 Y83.931 E31.3290 F800
G1 X108.821 Y84.504 E31.3437 F800
G1 X108.896 Y85.058 E31.3577 F800
G1 X108.914 Y85.587 E31.3709 F800
G1 X108.879 Y86.084 E31.3834 F800
G1 X108.797 Y86.543 E31.3951 F800
G1 X108.672 Y86.959 E31.4059 F800
G1 X108.511 Y87.327 E31.4160 F800
G1 X108.320 Y87.644 E31.4252 F800
G1 X108.107 Y87.905 E31.4336 F800
G1 X107.878 Y88.110 E31.4413 F800
G1 X107.642 Y88.257 E31.4483 F800
G1 X107.405 Y88.346 E31.4546 F800
G1 X107.176 Y88.378 E31.4604 F800
G1 X106.962 Y88.353 E31.4658 F800
G1 X106.769 Y88.275 E31.4710 F800
G1 X106.606 Y88.148 E31.4761 F800
G1 X106.477 Y87.974 E31.4815 F800
G1 X106.390 Y87.760 E31.4873 F800
G1 X106.349 Y87.511 E31.4936 F800
G1 X106.358 Y87.232 E31.5006 F800
G1 X106.421 Y86.932 E31.5083 F800
G1 X106.541 Y86.616 E31.5167 F800
G1 X106.719 Y86.293 E31.5260 F800
G1 X106.958 Y85.969 E31.5360 F800
G1 X107.255 Y85.653 E31.5469 F800
G1 X107.612 Y85.352 E31.5585 F800
G1 X108.025 Y85.074 E31.5710 F800
G1 X108.492 Y84.825 E31.5842 F800
G1 X109.010 Y84.613 E31.5982 F800
G1 X109.573 Y84.444 E31.6129 F800
G1 X110.177 Y84.323 E31.6283 F800
G1 X110.817 Y84.255 E31.6444 F800
G1 X111.484 Y84.245 E31.6611 F800
G1 X112.174 Y84.296 E31.6783 F800
G1 X112.877 Y84.412 E31.6962 F800
G1 X113.588 Y84.592 E31.7145 F800
G1 X114.297 Y84.840 E31.7333 F800
G1 X114.998 Y85.153 E31.7525 F800
G1 X115.683 Y85.532 E31.7720 F800
G1 X116.344 Y85.974 E31.7919 F800
G1 X116.973 Y86.476 E31.8120 F800
G1 X117.565 Y87.034 E31.8324 F800
G1 X118.113 Y87.645 E31.8529 F800
G1 X118.610 Y88.302 E31.8735 F800
G1 X119.053 Y89.000 E31.8942 F800
G1 X119.436 Y89.732 E31.9148 F800
G1 X119.756 Y90.492 E31.9354 F800
G1 X120.011 Y91.271 E31.9559 F800
G1 X120.199 Y92.063 E31.9763 F800
G1 X120.319 Y92.859 E31.9964 F800
G1 X120.371 Y93.652 E32.0163 F800
G1 X120.357 Y94.434 E32.0358 F800
G1 X120.278 Y95.198 E32.0550 F800
G1 X120.137 Y95.936 E32.0738 F800
G1 X119.939 Y96.642 E32.0921 F800
G1 X119.687 Y97.309 E32.1100 F800
G1 X119.386 Y97.932 E32.1273 F800
G1 X119.044 Y98.505 E32.1439 F800
G1 X118.666 Y99.025 E32.1600 F800
G1 X118.259 Y99.488 E32.1754 F800
G1 X117.830 Y99.891 E32.1901 F800
G1 X117.388 Y100.233 E32.2041 F800
G1 X116.939 Y100.513 E32.2173 F800
G1 X116.491 Y100.732 E32.2298 F800
G1 X116.052 Y100.890 E32.2415 F800
G1 X115.630 Y100.990 E32.2523 F800
G1 X115.230 Y101.034 E32.2624 F800
G1 X114.861 Y101.027 E32.2716 F800
G1 X114.528 Y100.974 E32.2800 F800
G1 X114.236 Y100.878 E32.2877 F800
G1 X113.990 Y100.747 E32.2947 F800
G1 X113.795 Y100.586 E32.3010 F800
G1 X113.653 Y100.403 E32.3068 F800
G1 X113.567 Y100.205 E32.3122 F800
G1 X113.538 Y100.000 E32.3174 F800
G1 E30.8174 F1200   ; Retract
G1 Z6.50 F600   ; Z-hop
G1 X114.769 Y100.000 F1200   ; Travel → base curve 12 (scale=0.923)
G1 Z5.50 F300   ; Lower to Z
G1 E32.3174 F1200   ; Prime
G1 X114.801 Y100.224 E32.3230 F800
G1 X114.895 Y100.440 E32.3289 F800
G1 X115.049 Y100.639 E32.3352 F800
G1 X115.262 Y100.815 E32.3421 F800
G1 X115.530 Y100.958 E32.3497 F800
G1 X115.849 Y101.062 E32.3581 F800
G1 X116.212 Y101.121 E32.3673 F800
G1 X116.615 Y101.129 E32.3774 F800
G1 X117.051 Y101.080 E32.3883 F800
G1 X117.512 Y100.971 E32.4002 F800
G1 X117.990 Y100.798 E32.4129 F800
G1 X118.479 Y100.560 E32.4265 F800
G1 X118.968 Y100.254 E32.4409 F800
G1 X119.451 Y99.881 E32.4562 F800
G1 X119.919 Y99.441 E32.4722 F800
G1 X120.363 Y98.936 E32.4890 F800
G1 X120.775 Y98.369 E32.5065 F800
G1 X121.149 Y97.744 E32.5248 F800
G1 X121.476 Y97.064 E32.5436 F800
G1 X121.751 Y96.337 E32.5631 F800
G1 X121.968 Y95.567 E32.5831 F800
G1 X122.121 Y94.762 E32.6035 F800
G1 X122.208 Y93.928 E32.6245 F800
G1 X122.223 Y93.075 E32.6458 F800
G1 X122.166 Y92.210 E32.6675 F800
G1 X122.035 Y91.341 E32.6895 F800
G1 X121.830 Y90.478 E32.7117 F800
G1 X121.552 Y89.627 E32.7340 F800
G1 X121.203 Y88.799 E32.7565 F800
G1 X120.785 Y88.000 E32.7790 F800
G1 X120.302 Y87.239 E32.8016 F800
G1 X119.759 Y86.522 E32.8241 F800
G1 X119.162 Y85.856 E32.8464 F800
G1 X118.516 Y85.246 E32.8686 F800
G1 X117.829 Y84.698 E32.8906 F800
G1 X117.109 Y84.217 E32.9123 F800
G1 X116.362 Y83.803 E32.9336 F800
G1 X115.597 Y83.461 E32.9545 F800
G1 X114.823 Y83.192 E32.9750 F800
G1 X114.048 Y82.995 E32.9950 F800
G1 X113.280 Y82.869 E33.0145 F800
G1 X112.528 Y82.813 E33.0333 F800
G1 X111.800 Y82.824 E33.0515 F800
G1 X111.103 Y82.897 E33.0691 F800
G1 X110.443 Y83.029 E33.0859 F800
G1 X109.829 Y83.214 E33.1019 F800
G1 X109.264 Y83.446 E33.1172 F800
G1 X108.754 Y83.717 E33.1316 F800
G1 X108.304 Y84.021 E33.1452 F800
G1 X107.915 Y84.349 E33.1579 F800
G1 X107.590 Y84.694 E33.1698 F800
G1 X107.330 Y85.047 E33.1807 F800
G1 X107.135 Y85.399 E33.1908 F800
G1 X107.004 Y85.744 E33.2000 F800
G1 X106.936 Y86.072 E33.2084 F800
G1 X106.926 Y86.375 E33.2160 F800
G1 X106.971 Y86.647 E33.2229 F800
G1 X107.066 Y86.881 E33.2292 F800
G1 X107.206 Y87.070 E33.2351 F800
G1 X107.385 Y87.209 E33.2407 F800
G1 X107.594 Y87.294 E33.2464 F800
G1 X107.828 Y87.321 E33.2523 F800
G1 X108.078 Y87.287 E33.2586 F800
G1 X108.337 Y87.190 E33.2655 F800
G1 X108.595 Y87.029 E33.2731 F800
G1 X108.844 Y86.806 E33.2814 F800
G1 X109.077 Y86.520 E33.2906 F800
G1 X109.285 Y86.175 E33.3007 F800
G1 X109.461 Y85.774 E33.3117 F800
G1 X109.597 Y85.320 E33.3235 F800
G1 X109.686 Y84.819 E33.3362 F800
G1 X109.724 Y84.277 E33.3498 F800
G1 X109.704 Y83.700 E33.3643 F800
G1 X109.622 Y83.095 E33.3795 F800
G1 X109.475 Y82.470 E33.3956 F800
G1 X109.260 Y81.834 E33.4124 F800
G1 X108.975 Y81.193 E33.4299 F800
G1 X108.620 Y80.557 E33.4481 F800
G1 X108.196 Y79.933 E33.4670 F800
G1 X107.703 Y79.331 E33.4864 F800
G1 X107.145 Y78.759 E33.5064 F800
G1 X106.524 Y78.223 E33.5269 F800
G1 X105.846 Y77.732 E33.5478 F800
G1 X105.115 Y77.292 E33.5692 F800
G1 X104.337 Y76.908 E33.5909 F800
G1 X103.519 Y76.587 E33.6128 F800
G1 X102.669 Y76.333 E33.6350 F800
G1 X101.793 Y76.149 E33.6574 F800
G1 X100.901 Y76.037 E33.6799 F800
G1 X100.000 Y76.000 E33.7024 F800
G1 X99.099 Y76.037 E33.7249 F800
G1 X98.207 Y76.149 E33.7474 F800
G1 X97.331 Y76.333 E33.7698 F800
G1 X96.481 Y76.587 E33.7920 F800
G1 X95.663 Y76.908 E33.8139 F800
G1 X94.885 Y77.292 E33.8356 F800
G1 X94.154 Y77.732 E33.8569 F800
G1 X93.476 Y78.223 E33.8779 F800
G1 X92.855 Y78.759 E33.8984 F800
G1 X92.297 Y79.331 E33.9184 F800
G1 X91.804 Y79.933 E33.9378 F800
G1 X91.380 Y80.557 E33.9567 F800
G1 X91.025 Y81.193 E33.9749 F800
G1 X90.740 Y81.834 E33.9924 F800
G1 X90.525 Y82.470 E34.0092 F800
G1 X90.378 Y83.095 E34.0253 F800
G1 X90.296 Y83.700 E34.0405 F800
G1 X90.276 Y84.277 E34.0550 F800
G1 X90.314 Y84.819 E34.0685 F800
G1 X90.403 Y85.320 E34.0813 F800
G1 X90.539 Y85.774 E34.0931 F800
G1 X90.715 Y86.175 E34.1041 F800
G1 X90.923 Y86.520 E34.1141 F800
G1 X91.156 Y86.806 E34.1234 F800
G1 X91.405 Y87.029 E34.1317 F800
G1 X91.663 Y87.190 E34.1393 F800
G1 X91.922 Y87.287 E34.1462 F800
G1 X92.172 Y87.321 E34.1525 F800
G1 X92.406 Y87.294 E34.1584 F800
G1 X92.615 Y87.209 E34.1641 F800
G1 X92.794 Y87.070 E34.1697 F800
G1 X92.934 Y86.881 E34.1756 F800
G1 X93.029 Y86.647 E34.1819 F800
G1 X93.074 Y86.375 E34.1888 F800
G1 X93.064 Y86.072 E34.1964 F800
G1 X92.996 Y85.744 E34.2048 F800
G1 X92.865 Y85.399 E34.2140 F800
G1 X92.670 Y85.047 E34.2241 F800
G1 X92.410 Y84.694 E34.2350 F800
G1 X92.085 Y84.349 E34.2469 F800
G1 X91.696 Y84.021 E34.2596 F800
G1 X91.246 Y83.717 E34.2732 F800
G1 X90.736 Y83.446 E34.2876 F800
G1 X90.171 Y83.214 E34.3029 F800
G1 X89.557 Y83.029 E34.3189 F800
G1 X88.897 Y82.897 E34.3357 F800
G1 X88.200 Y82.824 E34.3533 F800
G1 X87.472 Y82.813 E34.3715 F800
G1 X86.720 Y82.869 E34.3903 F800
G1 X85.952 Y82.995 E34.4098 F800
G1 X85.177 Y83.192 E34.4298 F800
G1 X84.403 Y83.461 E34.4503 F800
G1 X83.638 Y83.803 E34.4712 F800
G1 X82.891 Y84.217 E34.4925 F800
G1 X82.171 Y84.698 E34.5142 F800
G1 X81.484 Y85.246 E34.5362 F800
G1 X80.838 Y85.856 E34.5584 F800
G1 X80.241 Y86.522 E34.5807 F800
G1 X79.698 Y87.239 E34.6032 F800
G1 X79.215 Y88.000 E34.6257 F800
G1 X78.797 Y88.799 E34.6483 F800
G1 X78.448 Y89.627 E34.6708 F800
G1 X78.170 Y90.478 E34.6931 F800
G1 X77.965 Y91.341 E34.7153 F800
G1 X77.834 Y92.210 E34.7373 F800
G1 X77.777 Y93.075 E34.7590 F800
G1 X77.792 Y93.928 E34.7803 F800
G1 X77.879 Y94.762 E34.8012 F800
G1 X78.032 Y95.567 E34.8217 F800
G1 X78.249 Y96.337 E34.8417 F800
G1 X78.524 Y97.064 E34.8612 F800
G1 X78.851 Y97.744 E34.8800 F800
G1 X79.225 Y98.369 E34.8982 F800
G1 X79.637 Y98.936 E34.9158 F800
G1 X80.081 Y99.441 E34.9326 F800
G1 X80.549 Y99.881 E34.9486 F800
G1 X81.032 Y100.254 E34.9639 F800
G1 X81.521 Y100.560 E34.9783 F800
G1 X82.010 Y100.798 E34.9919 F800
G1 X82.488 Y100.971 E35.0046 F800
G1 X82.949 Y101.080 E35.0165 F800
G1 X83.385 Y101.129 E35.0274 F800
G1 X83.788 Y101.121 E35.0375 F800
G1 X84.151 Y101.062 E35.0467 F800
G1 X84.470 Y100.958 E35.0551 F800
G1 X84.738 Y100.815 E35.0627 F800
G1 X84.951 Y100.639 E35.0696 F800
G1 X85.105 Y100.440 E35.0759 F800
G1 X85.199 Y100.224 E35.0818 F800
G1 X85.231 Y100.000 E35.0874 F800
G1 X85.199 Y99.776 E35.0931 F800
G1 X85.105 Y99.560 E35.0990 F800
G1 X84.951 Y99.361 E35.1053 F800
G1 X84.738 Y99.185 E35.1122 F800
G1 X84.470 Y99.042 E35.1198 F800
G1 X84.151 Y98.938 E35.1281 F800
G1 X83.788 Y98.879 E35.1373 F800
G1 X83.385 Y98.871 E35.1474 F800
G1 X82.949 Y98.920 E35.1584 F800
G1 X82.488 Y99.029 E35.1702 F800
G1 X82.010 Y99.202 E35.1829 F800
G1 X81.521 Y99.440 E35.1965 F800
G1 X81.032 Y99.746 E35.2110 F800
G1 X80.549 Y100.119 E35.2262 F800
G1 X80.081 Y100.559 E35.2423 F800
G1 X79.637 Y101.064 E35.2591 F800
G1 X79.225 Y101.631 E35.2766 F800
G1 X78.851 Y102.256 E35.2948 F800
G1 X78.524 Y102.936 E35.3137 F800
G1 X78.249 Y103.663 E35.3331 F800
G1 X78.032 Y104.433 E35.3531 F800
G1 X77.879 Y105.238 E35.3736 F800
G1 X77.792 Y106.072 E35.3945 F800
G1 X77.777 Y106.925 E35.4159 F800
G1 X77.834 Y107.790 E35.4376 F800
G1 X77.965 Y108.659 E35.4595 F800
G1 X78.170 Y109.522 E35.4817 F800
G1 X78.448 Y110.373 E35.5041 F800
G1 X78.797 Y111.201 E35.5266 F800
G1 X79.215 Y112.000 E35.5491 F800
G1 X79.698 Y112.761 E35.5716 F800
G1 X80.241 Y113.478 E35.5941 F800
G1 X80.838 Y114.144 E35.6165 F800
G1 X81.484 Y114.754 E35.6387 F800
G1 X82.171 Y115.302 E35.6606 F800
G1 X82.891 Y115.783 E35.6823 F800
G1 X83.638 Y116.197 E35.7037 F800
G1 X84.403 Y116.539 E35.7246 F800
G1 X85.177 Y116.808 E35.7451 F800
G1 X85.952 Y117.005 E35.7651 F800
G1 X86.720 Y117.131 E35.7845 F800
G1 X87.472 Y117.187 E35.8034 F800
G1 X88.200 Y117.176 E35.8216 F800
G1 X88.897 Y117.103 E35.8391 F800
G1 X89.557 Y116.971 E35.8559 F800
G1 X90.171 Y116.786 E35.8720 F800
G1 X90.736 Y116.554 E35.8872 F800
G1 X91.246 Y116.283 E35.9017 F800
G1 X91.696 Y115.979 E35.9153 F800
G1 X92.085 Y115.651 E35.9280 F800
G1 X92.410 Y115.306 E35.9398 F800
G1 X92.670 Y114.953 E35.9508 F800
G1 X92.865 Y114.601 E35.9608 F800
G1 X92.996 Y114.256 E35.9701 F800
G1 X93.064 Y113.928 E35.9784 F800
G1 X93.074 Y113.625 E35.9860 F800
G1 X93.029 Y113.353 E35.9929 F800
G1 X92.934 Y113.119 E35.9992 F800
G1 X92.794 Y112.930 E36.0051 F800
G1 X92.615 Y112.791 E36.0108 F800
G1 X92.406 Y112.706 E36.0164 F800
G1 X92.172 Y112.679 E36.0223 F800
G1 X91.922 Y112.713 E36.0286 F800
G1 X91.663 Y112.810 E36.0355 F800
G1 X91.405 Y112.971 E36.0431 F800
G1 X91.156 Y113.194 E36.0515 F800
G1 X90.923 Y113.480 E36.0607 F800
G1 X90.715 Y113.825 E36.0708 F800
G1 X90.539 Y114.226 E36.0817 F800
G1 X90.403 Y114.680 E36.0936 F800
G1 X90.314 Y115.181 E36.1063 F800
G1 X90.276 Y115.723 E36.1199 F800
G1 X90.296 Y116.300 E36.1343 F800
G1 X90.378 Y116.905 E36.1496 F800
G1 X90.525 Y117.530 E36.1656 F800
G1 X90.740 Y118.166 E36.1824 F800
G1 X91.025 Y118.807 E36.2000 F800
G1 X91.380 Y119.443 E36.2182 F800
G1 X91.804 Y120.067 E36.2370 F800
G1 X92.297 Y120.669 E36.2565 F800
G1 X92.855 Y121.241 E36.2765 F800
G1 X93.476 Y121.777 E36.2970 F800
G1 X94.154 Y122.268 E36.3179 F800
G1 X94.885 Y122.708 E36.3392 F800
G1 X95.663 Y123.092 E36.3609 F800
G1 X96.481 Y123.413 E36.3829 F800
G1 X97.331 Y123.667 E36.4051 F800
G1 X98.207 Y123.851 E36.4274 F800
G1 X99.099 Y123.963 E36.4499 F800
G1 X100.000 Y124.000 E36.4725 F800
G1 X100.901 Y123.963 E36.4950 F800
G1 X101.793 Y123.851 E36.5175 F800
G1 X102.669 Y123.667 E36.5398 F800
G1 X103.519 Y123.413 E36.5620 F800
G1 X104.337 Y123.092 E36.5840 F800
G1 X105.115 Y122.708 E36.6057 F800
G1 X105.846 Y122.268 E36.6270 F800
G1 X106.524 Y121.777 E36.6479 F800
G1 X107.145 Y121.241 E36.6684 F800
G1 X107.703 Y120.669 E36.6884 F800
G1 X108.196 Y120.067 E36.7079 F800
G1 X108.620 Y119.443 E36.7267 F800
G1 X108.975 Y118.807 E36.7449 F800
G1 X109.260 Y118.166 E36.7625 F800
G1 X109.475 Y117.530 E36.7793 F800
G1 X109.622 Y116.905 E36.7953 F800
G1 X109.704 Y116.300 E36.8106 F800
G1 X109.724 Y115.723 E36.8250 F800
G1 X109.686 Y115.181 E36.8386 F800
G1 X109.597 Y114.680 E36.8513 F800
G1 X109.461 Y114.226 E36.8632 F800
G1 X109.285 Y113.825 E36.8741 F800
G1 X109.077 Y113.480 E36.8842 F800
G1 X108.844 Y113.194 E36.8934 F800
G1 X108.595 Y112.971 E36.9018 F800
G1 X108.337 Y112.810 E36.9094 F800
G1 X108.078 Y112.713 E36.9163 F800
G1 X107.828 Y112.679 E36.9226 F800
G1 X107.594 Y112.706 E36.9285 F800
G1 X107.385 Y112.791 E36.9341 F800
G1 X107.206 Y112.930 E36.9398 F800
G1 X107.066 Y113.119 E36.9457 F800
G1 X106.971 Y113.353 E36.9520 F800
G1 X106.926 Y113.625 E36.9589 F800
G1 X106.936 Y113.928 E36.9665 F800
G1 X107.004 Y114.256 E36.9748 F800
G1 X107.135 Y114.601 E36.9841 F800
G1 X107.330 Y114.953 E36.9941 F800
G1 X107.590 Y115.306 E37.0051 F800
G1 X107.915 Y115.651 E37.0169 F800
G1 X108.304 Y115.979 E37.0296 F800
G1 X108.754 Y116.283 E37.0432 F800
G1 X109.264 Y116.554 E37.0577 F800
G1 X109.829 Y116.786 E37.0729 F800
G1 X110.443 Y116.971 E37.0890 F800
G1 X111.103 Y117.103 E37.1058 F800
G1 X111.800 Y117.176 E37.1233 F800
G1 X112.528 Y117.187 E37.1415 F800
G1 X113.280 Y117.131 E37.1604 F800
G1 X114.048 Y117.005 E37.1798 F800
G1 X114.823 Y116.808 E37.1998 F800
G1 X115.597 Y116.539 E37.2203 F800
G1 X116.362 Y116.197 E37.2413 F800
G1 X117.109 Y115.783 E37.2626 F800
G1 X117.829 Y115.302 E37.2843 F800
G1 X118.516 Y114.754 E37.3062 F800
G1 X119.162 Y114.144 E37.3284 F800
G1 X119.759 Y113.478 E37.3508 F800
G1 X120.302 Y112.761 E37.3733 F800
G1 X120.785 Y112.000 E37.3958 F800
G1 X121.203 Y111.201 E37.4183 F800
G1 X121.552 Y110.373 E37.4408 F800
G1 X121.830 Y109.522 E37.4632 F800
G1 X122.035 Y108.659 E37.4854 F800
G1 X122.166 Y107.790 E37.5073 F800
G1 X122.223 Y106.925 E37.5290 F800
G1 X122.208 Y106.072 E37.5504 F800
G1 X122.121 Y105.238 E37.5713 F800
G1 X121.968 Y104.433 E37.5918 F800
G1 X121.751 Y103.663 E37.6118 F800
G1 X121.476 Y102.936 E37.6312 F800
G1 X121.149 Y102.256 E37.6501 F800
G1 X120.775 Y101.631 E37.6683 F800
G1 X120.363 Y101.064 E37.6858 F800
G1 X119.919 Y100.559 E37.7026 F800
G1 X119.451 Y100.119 E37.7187 F800
G1 X118.968 Y99.746 E37.7339 F800
G1 X118.479 Y99.440 E37.7484 F800
G1 X117.990 Y99.202 E37.7620 F800
G1 X117.512 Y99.029 E37.7747 F800
G1 X117.051 Y98.920 E37.7865 F800
G1 X116.615 Y98.871 E37.7975 F800
G1 X116.212 Y98.879 E37.8076 F800
G1 X115.849 Y98.938 E37.8168 F800
G1 X115.530 Y99.042 E37.8251 F800
G1 X115.262 Y99.185 E37.8327 F800
G1 X115.049 Y99.361 E37.8396 F800
G1 X114.895 Y99.560 E37.8459 F800
G1 X114.801 Y99.776 E37.8518 F800
G1 X114.769 Y100.000 E37.8575 F800
G1 E36.3575 F1200   ; Retract
G1 Z6.50 F600   ; Z-hop
G1 X116.000 Y100.000 F1200   ; Travel → base curve 13 (scale=1.000)
G1 Z5.50 F300   ; Lower to Z
G1 E37.8575 F1200   ; Prime
G1 X116.034 Y99.757 E37.8636 F800
G1 X116.136 Y99.523 E37.8700 F800
G1 X116.303 Y99.307 E37.8768 F800
G1 X116.534 Y99.118 E37.8843 F800
G1 X116.824 Y98.962 E37.8925 F800
G1 X117.169 Y98.849 E37.9016 F800
G1 X117.563 Y98.786 E37.9116 F800
G1 X118.000 Y98.777 E37.9225 F800
G1 X118.472 Y98.830 E37.9344 F800
G1 X118.971 Y98.948 E37.9472 F800
G1 X119.489 Y99.135 E37.9610 F800
G1 X120.018 Y99.394 E37.9757 F800
G1 X120.549 Y99.725 E37.9913 F800
G1 X121.072 Y100.129 E38.0078 F800
G1 X121.579 Y100.606 E38.0252 F800
G1 X122.060 Y101.152 E38.0434 F800
G1 X122.506 Y101.767 E38.0624 F800
G1 X122.911 Y102.444 E38.0822 F800
G1 X123.266 Y103.180 E38.1026 F800
G1 X123.564 Y103.968 E38.1237 F800
G1 X123.799 Y104.803 E38.1453 F800
G1 X123.965 Y105.675 E38.1675 F800
G1 X124.058 Y106.578 E38.1902 F800
G1 X124.075 Y107.502 E38.2133 F800
G1 X124.013 Y108.439 E38.2368 F800
G1 X123.872 Y109.380 E38.2606 F800
G1 X123.650 Y110.316 E38.2846 F800
G1 X123.348 Y111.237 E38.3089 F800
G1 X122.970 Y112.135 E38.3332 F800
G1 X122.517 Y113.000 E38.3576 F800
G1 X121.994 Y113.825 E38.3820 F800
G1 X121.406 Y114.602 E38.4064 F800
G1 X120.759 Y115.323 E38.4306 F800
G1 X120.059 Y115.983 E38.4547 F800
G1 X119.315 Y116.577 E38.4785 F800
G1 X118.534 Y117.099 E38.5020 F800
G1 X117.725 Y117.546 E38.5251 F800
G1 X116.897 Y117.917 E38.5478 F800
G1 X116.058 Y118.209 E38.5700 F800
G1 X115.219 Y118.423 E38.5916 F800
G1 X114.387 Y118.559 E38.6127 F800
G1 X113.572 Y118.619 E38.6331 F800
G1 X112.783 Y118.608 E38.6528 F800
G1 X112.028 Y118.528 E38.6718 F800
G1 X111.314 Y118.385 E38.6900 F800
G1 X110.648 Y118.184 E38.7074 F800
G1 X110.036 Y117.934 E38.7239 F800
G1 X109.484 Y117.640 E38.7396 F800
G1 X108.996 Y117.311 E38.7543 F800
G1 X108.575 Y116.955 E38.7681 F800
G1 X108.223 Y116.582 E38.7809 F800
G1 X107.941 Y116.199 E38.7928 F800
G1 X107.730 Y115.817 E38.8037 F800
G1 X107.588 Y115.444 E38.8137 F800
G1 X107.514 Y115.089 E38.8227 F800
G1 X107.503 Y114.760 E38.8310 F800
G1 X107.552 Y114.465 E38.8384 F800
G1 X107.655 Y114.212 E38.8453 F800
G1 X107.807 Y114.007 E38.8517 F800
G1 X108.000 Y113.856 E38.8578 F800
G1 X108.227 Y113.764 E38.8639 F800
G1 X108.481 Y113.736 E38.8703 F800
G1 X108.752 Y113.773 E38.8771 F800
G1 X109.031 Y113.878 E38.8846 F800
G1 X109.311 Y114.051 E38.8928 F800
G1 X109.581 Y114.294 E38.9019 F800
G1 X109.833 Y114.603 E38.9119 F800
G1 X110.059 Y114.977 E38.9228 F800
G1 X110.249 Y115.412 E38.9347 F800
G1 X110.396 Y115.903 E38.9475 F800
G1 X110.494 Y116.446 E38.9613 F800
G1 X110.534 Y117.033 E38.9760 F800
G1 X110.513 Y117.658 E38.9916 F800
G1 X110.424 Y118.313 E39.0081 F800
G1 X110.265 Y118.990 E39.0255 F800
G1 X110.032 Y119.680 E39.0437 F800
G1 X109.723 Y120.375 E39.0627 F800
G1 X109.339 Y121.064 E39.0825 F800
G1 X108.879 Y121.739 E39.1029 F800
G1 X108.345 Y122.391 E39.1240 F800
G1 X107.740 Y123.011 E39.1456 F800
G1 X107.068 Y123.592 E39.1678 F800
G1 X106.333 Y124.124 E39.1905 F800
G1 X105.541 Y124.601 E39.2136 F800
G1 X104.698 Y125.016 E39.2371 F800
G1 X103.812 Y125.364 E39.2609 F800
G1 X102.891 Y125.639 E39.2849 F800
G1 X101.942 Y125.839 E39.3092 F800
G1 X100.976 Y125.960 E39.3335 F800
G1 X100.000 Y126.000 E39.3579 F800
G1 X99.024 Y125.960 E39.3823 F800
G1 X98.058 Y125.839 E39.4067 F800
G1 X97.109 Y125.639 E39.4309 F800
G1 X96.188 Y125.364 E39.4550 F800
G1 X95.302 Y125.016 E39.4788 F800
G1 X94.459 Y124.601 E39.5022 F800
G1 X93.667 Y124.124 E39.5254 F800
G1 X92.932 Y123.592 E39.5480 F800
G1 X92.260 Y123.011 E39.5703 F800
G1 X91.655 Y122.391 E39.5919 F800
G1 X91.121 Y121.739 E39.6130 F800
G1 X90.661 Y121.064 E39.6334 F800
G1 X90.277 Y120.375 E39.6531 F800
G1 X89.968 Y119.680 E39.6721 F800
G1 X89.735 Y118.990 E39.6903 F800
G1 X89.576 Y118.313 E39.7077 F800
G1 X89.487 Y117.658 E39.7242 F800
G1 X89.466 Y117.033 E39.7399 F800
G1 X89.506 Y116.446 E39.7546 F800
G1 X89.604 Y115.903 E39.7684 F800
G1 X89.751 Y115.412 E39.7812 F800
G1 X89.941 Y114.977 E39.7931 F800
G1 X90.167 Y114.603 E39.8040 F800
G1 X90.419 Y114.294 E39.8140 F800
G1 X90.689 Y114.051 E39.8230 F800
G1 X90.969 Y113.878 E39.8313 F800
G1 X91.248 Y113.773 E39.8387 F800
G1 X91.519 Y113.736 E39.8456 F800
G1 X91.773 Y113.764 E39.8520 F800
G1 X92.000 Y113.856 E39.8581 F800
G1 X92.193 Y114.007 E39.8642 F800
G1 X92.345 Y114.212 E39.8706 F800
G1 X92.448 Y114.465 E39.8774 F800
G1 X92.497 Y114.760 E39.8849 F800
G1 X92.486 Y115.089 E39.8931 F800
G1 X92.412 Y115.444 E39.9022 F800
G1 X92.270 Y115.817 E39.9122 F800
G1 X92.059 Y116.199 E39.9231 F800
G1 X91.777 Y116.582 E39.9350 F800
G1 X91.425 Y116.955 E39.9478 F800
G1 X91.004 Y117.311 E39.9616 F800
G1 X90.516 Y117.640 E39.9763 F800
G1 X89.964 Y117.934 E39.9919 F800
G1 X89.352 Y118.184 E40.0084 F800
G1 X88.686 Y118.385 E40.0258 F800
G1 X87.972 Y118.528 E40.0440 F800
G1 X87.217 Y118.608 E40.0630 F800
G1 X86.428 Y118.619 E40.0828 F800
G1 X85.613 Y118.559 E40.1032 F800
G1 X84.781 Y118.423 E40.1242 F800
G1 X83.942 Y118.209 E40.1459 F800
G1 X83.103 Y117.917 E40.1681 F800
G1 X82.275 Y117.546 E40.1908 F800
G1 X81.466 Y117.099 E40.2139 F800
G1 X80.685 Y116.577 E40.2374 F800
G1 X79.941 Y115.983 E40.2612 F800
G1 X79.241 Y115.323 E40.2852 F800
G1 X78.594 Y114.602 E40.3095 F800
G1 X78.006 Y113.825 E40.3338 F800
G1 X77.483 Y113.000 E40.3582 F800
G1 X77.030 Y112.135 E40.3826 F800
G1 X76.652 Y111.237 E40.4070 F800
G1 X76.350 Y110.316 E40.4312 F800
G1 X76.128 Y109.380 E40.4553 F800
G1 X75.987 Y108.439 E40.4791 F800
G1 X75.925 Y107.502 E40.5025 F800
G1 X75.942 Y106.578 E40.5257 F800
G1 X76.035 Y105.675 E40.5483 F800
G1 X76.201 Y104.803 E40.5706 F800
G1 X76.436 Y103.968 E40.5922 F800
G1 X76.734 Y103.180 E40.6133 F800
G1 X77.089 Y102.444 E40.6337 F800
G1 X77.494 Y101.767 E40.6534 F800
G1 X77.940 Y101.152 E40.6724 F800
G1 X78.421 Y100.606 E40.6906 F800
G1 X78.928 Y100.129 E40.7080 F800
G1 X79.451 Y99.725 E40.7245 F800
G1 X79.982 Y99.394 E40.7402 F800
G1 X80.511 Y99.135 E40.7549 F800
G1 X81.029 Y98.948 E40.7687 F800
G1 X81.528 Y98.830 E40.7815 F800
G1 X82.000 Y98.777 E40.7934 F800
G1 X82.437 Y98.786 E40.8043 F800
G1 X82.831 Y98.849 E40.8143 F800
G1 X83.176 Y98.962 E40.8233 F800
G1 X83.466 Y99.118 E40.8316 F800
G1 X83.697 Y99.307 E40.8390 F800
G1 X83.864 Y99.523 E40.8459 F800
G1 X83.966 Y99.757 E40.8522 F800
G1 X84.000 Y100.000 E40.8584 F800
G1 X83.966 Y100.243 E40.8645 F800
G1 X83.864 Y100.477 E40.8709 F800
G1 X83.697 Y100.693 E40.8777 F800
G1 X83.466 Y100.882 E40.8852 F800
G1 X83.176 Y101.038 E40.8934 F800
G1 X82.831 Y101.151 E40.9025 F800
G1 X82.437 Y101.214 E40.9125 F800
G1 X82.000 Y101.223 E40.9234 F800
G1 X81.528 Y101.170 E40.9353 F800
G1 X81.029 Y101.052 E40.9481 F800
G1 X80.511 Y100.865 E40.9619 F800
G1 X79.982 Y100.606 E40.9766 F800
G1 X79.451 Y100.275 E40.9922 F800
G1 X78.928 Y99.871 E41.0087 F800
G1 X78.421 Y99.394 E41.0261 F800
G1 X77.940 Y98.848 E41.0443 F800
G1 X77.494 Y98.233 E41.0633 F800
G1 X77.089 Y97.556 E41.0831 F800
G1 X76.734 Y96.820 E41.1035 F800
G1 X76.436 Y96.032 E41.1245 F800
G1 X76.201 Y95.197 E41.1462 F800
G1 X76.035 Y94.325 E41.1684 F800
G1 X75.942 Y93.422 E41.1911 F800
G1 X75.925 Y92.498 E41.2142 F800
G1 X75.987 Y91.561 E41.2377 F800
G1 X76.128 Y90.620 E41.2615 F800
G1 X76.350 Y89.684 E41.2855 F800
G1 X76.652 Y88.763 E41.3098 F800
G1 X77.030 Y87.865 E41.3341 F800
G1 X77.483 Y87.000 E41.3585 F800
G1 X78.006 Y86.175 E41.3829 F800
G1 X78.594 Y85.398 E41.4073 F800
G1 X79.241 Y84.677 E41.4315 F800
G1 X79.941 Y84.017 E41.4556 F800
G1 X80.685 Y83.423 E41.4794 F800
G1 X81.466 Y82.901 E41.5028 F800
G1 X82.275 Y82.454 E41.5260 F800
G1 X83.103 Y82.083 E41.5486 F800
G1 X83.942 Y81.791 E41.5708 F800
G1 X84.781 Y81.577 E41.5925 F800
G1 X85.613 Y81.441 E41.6136 F800
G1 X86.428 Y81.381 E41.6340 F800
G1 X87.217 Y81.392 E41.6537 F800
G1 X87.972 Y81.472 E41.6727 F800
G1 X88.686 Y81.615 E41.6909 F800
G1 X89.352 Y81.816 E41.7083 F800
G1 X89.964 Y82.066 E41.7248 F800
G1 X90.516 Y82.360 E41.7405 F800
G1 X91.004 Y82.689 E41.7552 F800
G1 X91.425 Y83.045 E41.7690 F800
G1 X91.777 Y83.418 E41.7818 F800
G1 X92.059 Y83.801 E41.7937 F800
G1 X92.270 Y84.183 E41.8046 F800
G1 X92.412 Y84.556 E41.8146 F800
G1 X92.486 Y84.911 E41.8236 F800
G1 X92.497 Y85.240 E41.8319 F800
G1 X92.448 Y85.535 E41.8393 F800
G1 X92.345 Y85.788 E41.8462 F800
G1 X92.193 Y85.993 E41.8525 F800
G1 X92.000 Y86.144 E41.8587 F800
G1 X91.773 Y86.236 E41.8648 F800
G1 X91.519 Y86.264 E41.8712 F800
G1 X91.248 Y86.227 E41.8780 F800
G1 X90.969 Y86.122 E41.8855 F800
G1 X90.689 Y85.949 E41.8937 F800
G1 X90.419 Y85.706 E41.9028 F800
G1 X90.167 Y85.397 E41.9128 F800
G1 X89.941 Y85.023 E41.9237 F800
G1 X89.751 Y84.588 E41.9356 F800
G1 X89.604 Y84.097 E41.9484 F800
G1 X89.506 Y83.554 E41.9622 F800
G1 X89.466 Y82.967 E41.9769 F800
G1 X89.487 Y82.342 E41.9925 F800
G1 X89.576 Y81.687 E42.0090 F800
G1 X89.735 Y81.010 E42.0264 F800
G1 X89.968 Y80.320 E42.0446 F800
G1 X90.277 Y79.625 E42.0636 F800
G1 X90.661 Y78.936 E42.0834 F800
G1 X91.121 Y78.261 E42.1038 F800
G1 X91.655 Y77.609 E42.1248 F800
G1 X92.260 Y76.989 E42.1465 F800
G1 X92.932 Y76.408 E42.1687 F800
G1 X93.667 Y75.876 E42.1914 F800
G1 X94.459 Y75.399 E42.2145 F800
G1 X95.302 Y74.984 E42.2380 F800
G1 X96.188 Y74.636 E42.2618 F800
G1 X97.109 Y74.361 E42.2858 F800
G1 X98.058 Y74.161 E42.3101 F800
G1 X99.024 Y74.040 E42.3344 F800
G1 X100.000 Y74.000 E42.3588 F800
G1 X100.976 Y74.040 E42.3832 F800
G1 X101.942 Y74.161 E42.4076 F800
G1 X102.891 Y74.361 E42.4318 F800
G1 X103.812 Y74.636 E42.4559 F800
G1 X104.698 Y74.984 E42.4797 F800
G1 X105.541 Y75.399 E42.5031 F800
G1 X106.333 Y75.876 E42.5263 F800
G1 X107.068 Y76.408 E42.5489 F800
G1 X107.740 Y76.989 E42.5711 F800
G1 X108.345 Y77.609 E42.5928 F800
G1 X108.879 Y78.261 E42.6139 F800
G1 X109.339 Y78.936 E42.6343 F800
G1 X109.723 Y79.625 E42.6540 F800
G1 X110.032 Y80.320 E42.6730 F800
G1 X110.265 Y81.010 E42.6912 F800
G1 X110.424 Y81.687 E42.7086 F800
G1 X110.513 Y82.342 E42.7251 F800
G1 X110.534 Y82.967 E42.7408 F800
G1 X110.494 Y83.554 E42.7555 F800
G1 X110.396 Y84.097 E42.7693 F800
G1 X110.249 Y84.588 E42.7821 F800
G1 X110.059 Y85.023 E42.7940 F800
G1 X109.833 Y85.397 E42.8049 F800
G1 X109.581 Y85.706 E42.8149 F800
G1 X109.311 Y85.949 E42.8239 F800
G1 X109.031 Y86.122 E42.8322 F800
G1 X108.752 Y86.227 E42.8396 F800
G1 X108.481 Y86.264 E42.8465 F800
G1 X108.227 Y86.236 E42.8528 F800
G1 X108.000 Y86.144 E42.8590 F800
G1 X107.807 Y85.993 E42.8651 F800
G1 X107.655 Y85.788 E42.8715 F800
G1 X107.552 Y85.535 E42.8783 F800
G1 X107.503 Y85.240 E42.8858 F800
G1 X107.514 Y84.911 E42.8940 F800
G1 X107.588 Y84.556 E42.9031 F800
G1 X107.730 Y84.183 E42.9131 F800
G1 X107.941 Y83.801 E42.9240 F800
G1 X108.223 Y83.418 E42.9358 F800
G1 X108.575 Y83.045 E42.9487 F800
G1 X108.996 Y82.689 E42.9625 F800
G1 X109.484 Y82.360 E42.9772 F800
G1 X110.036 Y82.066 E42.9928 F800
G1 X110.648 Y81.816 E43.0093 F800
G1 X111.314 Y81.615 E43.0267 F800
G1 X112.028 Y81.472 E43.0449 F800
G1 X112.783 Y81.392 E43.0639 F800
G1 X113.572 Y81.381 E43.0837 F800
G1 X114.387 Y81.441 E43.1041 F800
G1 X115.219 Y81.577 E43.1251 F800
G1 X116.058 Y81.791 E43.1468 F800
G1 X116.897 Y82.083 E43.1690 F800
G1 X117.725 Y82.454 E43.1917 F800
G1 X118.534 Y82.901 E43.2148 F800
G1 X119.315 Y83.423 E43.2383 F800
G1 X120.059 Y84.017 E43.2621 F800
G1 X120.759 Y84.677 E43.2861 F800
G1 X121.406 Y85.398 E43.3104 F800
G1 X121.994 Y86.175 E43.3347 F800
G1 X122.517 Y87.000 E43.3591 F800
G1 X122.970 Y87.865 E43.3835 F800
G1 X123.348 Y88.763 E43.4079 F800
G1 X123.650 Y89.684 E43.4321 F800
G1 X123.872 Y90.620 E43.4562 F800
G1 X124.013 Y91.561 E43.4800 F800
G1 X124.075 Y92.498 E43.5034 F800
G1 X124.058 Y93.422 E43.5266 F800
G1 X123.965 Y94.325 E43.5492 F800
G1 X123.799 Y95.197 E43.5714 F800
G1 X123.564 Y96.032 E43.5931 F800
G1 X123.266 Y96.820 E43.6142 F800
G1 X122.911 Y97.556 E43.6346 F800
G1 X122.506 Y98.233 E43.6543 F800
G1 X122.060 Y98.848 E43.6733 F800
G1 X121.579 Y99.394 E43.6915 F800
G1 X121.072 Y99.871 E43.7089 F800
G1 X120.549 Y100.275 E43.7254 F800
G1 X120.018 Y100.606 E43.7411 F800
G1 X119.489 Y100.865 E43.7558 F800
G1 X118.971 Y101.052 E43.7696 F800
G1 X118.472 Y101.170 E43.7824 F800
G1 X118.000 Y101.223 E43.7943 F800
G1 X117.563 Y101.214 E43.8052 F800
G1 X117.169 Y101.151 E43.8152 F800
G1 X116.824 Y101.038 E43.8242 F800
G1 X116.534 Y100.882 E43.8325 F800
G1 X116.303 Y100.693 E43.8399 F800
G1 X116.136 Y100.477 E43.8468 F800
G1 X116.034 Y100.243 E43.8531 F800
G1 X116.000 Y100.000 E43.8593 F800
G1 E42.3593 F1200   ; Retract

; === LAYER 2 — WALL  (Z=6.50 mm) ===
G1 Z7.50 F600   ; Z-hop
G1 X116.000 Y100.000 F1200   ; Travel → outer spirograph wall
G1 Z6.50 F300   ; Lower to Z
G1 E43.8593 F1200   ; Prime
G1 X116.034 Y99.757 E43.8654 F800
G1 X116.136 Y99.523 E43.8718 F800
G1 X116.303 Y99.307 E43.8786 F800
G1 X116.534 Y99.118 E43.8861 F800
G1 X116.824 Y98.962 E43.8943 F800
G1 X117.169 Y98.849 E43.9034 F800
G1 X117.563 Y98.786 E43.9134 F800
G1 X118.000 Y98.777 E43.9243 F800
G1 X118.472 Y98.830 E43.9361 F800
G1 X118.971 Y98.948 E43.9490 F800
G1 X119.489 Y99.135 E43.9628 F800
G1 X120.018 Y99.394 E43.9775 F800
G1 X120.549 Y99.725 E43.9931 F800
G1 X121.072 Y100.129 E44.0096 F800
G1 X121.579 Y100.606 E44.0270 F800
G1 X122.060 Y101.152 E44.0452 F800
G1 X122.506 Y101.767 E44.0642 F800
G1 X122.911 Y102.444 E44.0840 F800
G1 X123.266 Y103.180 E44.1044 F800
G1 X123.564 Y103.968 E44.1254 F800
G1 X123.799 Y104.803 E44.1471 F800
G1 X123.965 Y105.675 E44.1693 F800
G1 X124.058 Y106.578 E44.1920 F800
G1 X124.075 Y107.502 E44.2151 F800
G1 X124.013 Y108.439 E44.2386 F800
G1 X123.872 Y109.380 E44.2624 F800
G1 X123.650 Y110.316 E44.2864 F800
G1 X123.348 Y111.237 E44.3107 F800
G1 X122.970 Y112.135 E44.3350 F800
G1 X122.517 Y113.000 E44.3594 F800
G1 X121.994 Y113.825 E44.3838 F800
G1 X121.406 Y114.602 E44.4082 F800
G1 X120.759 Y115.323 E44.4324 F800
G1 X120.059 Y115.983 E44.4565 F800
G1 X119.315 Y116.577 E44.4803 F800
G1 X118.534 Y117.099 E44.5037 F800
G1 X117.725 Y117.546 E44.5269 F800
G1 X116.897 Y117.917 E44.5495 F800
G1 X116.058 Y118.209 E44.5717 F800
G1 X115.219 Y118.423 E44.5934 F800
G1 X114.387 Y118.559 E44.6145 F800
G1 X113.572 Y118.619 E44.6349 F800
G1 X112.783 Y118.608 E44.6546 F800
G1 X112.028 Y118.528 E44.6736 F800
G1 X111.314 Y118.385 E44.6918 F800
G1 X110.648 Y118.184 E44.7092 F800
G1 X110.036 Y117.934 E44.7257 F800
G1 X109.484 Y117.640 E44.7414 F800
G1 X108.996 Y117.311 E44.7561 F800
G1 X108.575 Y116.955 E44.7699 F800
G1 X108.223 Y116.582 E44.7827 F800
G1 X107.941 Y116.199 E44.7946 F800
G1 X107.730 Y115.817 E44.8055 F800
G1 X107.588 Y115.444 E44.8155 F800
G1 X107.514 Y115.089 E44.8245 F800
G1 X107.503 Y114.760 E44.8328 F800
G1 X107.552 Y114.465 E44.8402 F800
G1 X107.655 Y114.212 E44.8471 F800
G1 X107.807 Y114.007 E44.8534 F800
G1 X108.000 Y113.856 E44.8596 F800
G1 X108.227 Y113.764 E44.8657 F800
G1 X108.481 Y113.736 E44.8721 F800
G1 X108.752 Y113.773 E44.8789 F800
G1 X109.031 Y113.878 E44.8864 F800
G1 X109.311 Y114.051 E44.8946 F800
G1 X109.581 Y114.294 E44.9037 F800
G1 X109.833 Y114.603 E44.9137 F800
G1 X110.059 Y114.977 E44.9246 F800
G1 X110.249 Y115.412 E44.9364 F800
G1 X110.396 Y115.903 E44.9493 F800
G1 X110.494 Y116.446 E44.9631 F800
G1 X110.534 Y117.033 E44.9778 F800
G1 X110.513 Y117.658 E44.9934 F800
G1 X110.424 Y118.313 E45.0099 F800
G1 X110.265 Y118.990 E45.0273 F800
G1 X110.032 Y119.680 E45.0455 F800
G1 X109.723 Y120.375 E45.0645 F800
G1 X109.339 Y121.064 E45.0843 F800
G1 X108.879 Y121.739 E45.1047 F800
G1 X108.345 Y122.391 E45.1257 F800
G1 X107.740 Y123.011 E45.1474 F800
G1 X107.068 Y123.592 E45.1696 F800
G1 X106.333 Y124.124 E45.1923 F800
G1 X105.541 Y124.601 E45.2154 F800
G1 X104.698 Y125.016 E45.2389 F800
G1 X103.812 Y125.364 E45.2627 F800
G1 X102.891 Y125.639 E45.2867 F800
G1 X101.942 Y125.839 E45.3110 F800
G1 X100.976 Y125.960 E45.3353 F800
G1 X100.000 Y126.000 E45.3597 F800
G1 X99.024 Y125.960 E45.3841 F800
G1 X98.058 Y125.839 E45.4085 F800
G1 X97.109 Y125.639 E45.4327 F800
G1 X96.188 Y125.364 E45.4568 F800
G1 X95.302 Y125.016 E45.4806 F800
G1 X94.459 Y124.601 E45.5040 F800
G1 X93.667 Y124.124 E45.5272 F800
G1 X92.932 Y123.592 E45.5498 F800
G1 X92.260 Y123.011 E45.5720 F800
G1 X91.655 Y122.391 E45.5937 F800
G1 X91.121 Y121.739 E45.6148 F800
G1 X90.661 Y121.064 E45.6352 F800
G1 X90.277 Y120.375 E45.6549 F800
G1 X89.968 Y119.680 E45.6739 F800
G1 X89.735 Y118.990 E45.6921 F800
G1 X89.576 Y118.313 E45.7095 F800
G1 X89.487 Y117.658 E45.7260 F800
G1 X89.466 Y117.033 E45.7417 F800
G1 X89.506 Y116.446 E45.7564 F800
G1 X89.604 Y115.903 E45.7702 F800
G1 X89.751 Y115.412 E45.7830 F800
G1 X89.941 Y114.977 E45.7949 F800
G1 X90.167 Y114.603 E45.8058 F800
G1 X90.419 Y114.294 E45.8158 F800
G1 X90.689 Y114.051 E45.8248 F800
G1 X90.969 Y113.878 E45.8331 F800
G1 X91.248 Y113.773 E45.8405 F800
G1 X91.519 Y113.736 E45.8474 F800
G1 X91.773 Y113.764 E45.8537 F800
G1 X92.000 Y113.856 E45.8599 F800
G1 X92.193 Y114.007 E45.8660 F800
G1 X92.345 Y114.212 E45.8724 F800
G1 X92.448 Y114.465 E45.8792 F800
G1 X92.497 Y114.760 E45.8867 F800
G1 X92.486 Y115.089 E45.8949 F800
G1 X92.412 Y115.444 E45.9040 F800
G1 X92.270 Y115.817 E45.9140 F800
G1 X92.059 Y116.199 E45.9249 F800
G1 X91.777 Y116.582 E45.9367 F800
G1 X91.425 Y116.955 E45.9496 F800
G1 X91.004 Y117.311 E45.9634 F800
G1 X90.516 Y117.640 E45.9781 F800
G1 X89.964 Y117.934 E45.9937 F800
G1 X89.352 Y118.184 E46.0102 F800
G1 X88.686 Y118.385 E46.0276 F800
G1 X87.972 Y118.528 E46.0458 F800
G1 X87.217 Y118.608 E46.0648 F800
G1 X86.428 Y118.619 E46.0846 F800
G1 X85.613 Y118.559 E46.1050 F800
G1 X84.781 Y118.423 E46.1260 F800
G1 X83.942 Y118.209 E46.1477 F800
G1 X83.103 Y117.917 E46.1699 F800
G1 X82.275 Y117.546 E46.1926 F800
G1 X81.466 Y117.099 E46.2157 F800
G1 X80.685 Y116.577 E46.2392 F800
G1 X79.941 Y115.983 E46.2630 F800
G1 X79.241 Y115.323 E46.2870 F800
G1 X78.594 Y114.602 E46.3113 F800
G1 X78.006 Y113.825 E46.3356 F800
G1 X77.483 Y113.000 E46.3600 F800
G1 X77.030 Y112.135 E46.3844 F800
G1 X76.652 Y111.237 E46.4088 F800
G1 X76.350 Y110.316 E46.4330 F800
G1 X76.128 Y109.380 E46.4571 F800
G1 X75.987 Y108.439 E46.4809 F800
G1 X75.925 Y107.502 E46.5043 F800
G1 X75.942 Y106.578 E46.5275 F800
G1 X76.035 Y105.675 E46.5501 F800
G1 X76.201 Y104.803 E46.5723 F800
G1 X76.436 Y103.968 E46.5940 F800
G1 X76.734 Y103.180 E46.6151 F800
G1 X77.089 Y102.444 E46.6355 F800
G1 X77.494 Y101.767 E46.6552 F800
G1 X77.940 Y101.152 E46.6742 F800
G1 X78.421 Y100.606 E46.6924 F800
G1 X78.928 Y100.129 E46.7098 F800
G1 X79.451 Y99.725 E46.7263 F800
G1 X79.982 Y99.394 E46.7420 F800
G1 X80.511 Y99.135 E46.7567 F800
G1 X81.029 Y98.948 E46.7705 F800
G1 X81.528 Y98.830 E46.7833 F800
G1 X82.000 Y98.777 E46.7952 F800
G1 X82.437 Y98.786 E46.8061 F800
G1 X82.831 Y98.849 E46.8161 F800
G1 X83.176 Y98.962 E46.8251 F800
G1 X83.466 Y99.118 E46.8334 F800
G1 X83.697 Y99.307 E46.8408 F800
G1 X83.864 Y99.523 E46.8477 F800
G1 X83.966 Y99.757 E46.8540 F800
G1 X84.000 Y100.000 E46.8602 F800
G1 X83.966 Y100.243 E46.8663 F800
G1 X83.864 Y100.477 E46.8727 F800
G1 X83.697 Y100.693 E46.8795 F800
G1 X83.466 Y100.882 E46.8870 F800
G1 X83.176 Y101.038 E46.8952 F800
G1 X82.831 Y101.151 E46.9043 F800
G1 X82.437 Y101.214 E46.9143 F800
G1 X82.000 Y101.223 E46.9252 F800
G1 X81.528 Y101.170 E46.9370 F800
G1 X81.029 Y101.052 E46.9499 F800
G1 X80.511 Y100.865 E46.9637 F800
G1 X79.982 Y100.606 E46.9784 F800
G1 X79.451 Y100.275 E46.9940 F800
G1 X78.928 Y99.871 E47.0105 F800
G1 X78.421 Y99.394 E47.0279 F800
G1 X77.940 Y98.848 E47.0461 F800
G1 X77.494 Y98.233 E47.0651 F800
G1 X77.089 Y97.556 E47.0849 F800
G1 X76.734 Y96.820 E47.1053 F800
G1 X76.436 Y96.032 E47.1263 F800
G1 X76.201 Y95.197 E47.1480 F800
G1 X76.035 Y94.325 E47.1702 F800
G1 X75.942 Y93.422 E47.1929 F800
G1 X75.925 Y92.498 E47.2160 F800
G1 X75.987 Y91.561 E47.2395 F800
G1 X76.128 Y90.620 E47.2633 F800
G1 X76.350 Y89.684 E47.2873 F800
G1 X76.652 Y88.763 E47.3116 F800
G1 X77.030 Y87.865 E47.3359 F800
G1 X77.483 Y87.000 E47.3603 F800
G1 X78.006 Y86.175 E47.3847 F800
G1 X78.594 Y85.398 E47.4091 F800
G1 X79.241 Y84.677 E47.4333 F800
G1 X79.941 Y84.017 E47.4574 F800
G1 X80.685 Y83.423 E47.4812 F800
G1 X81.466 Y82.901 E47.5046 F800
G1 X82.275 Y82.454 E47.5278 F800
G1 X83.103 Y82.083 E47.5504 F800
G1 X83.942 Y81.791 E47.5726 F800
G1 X84.781 Y81.577 E47.5943 F800
G1 X85.613 Y81.441 E47.6154 F800
G1 X86.428 Y81.381 E47.6358 F800
G1 X87.217 Y81.392 E47.6555 F800
G1 X87.972 Y81.472 E47.6745 F800
G1 X88.686 Y81.615 E47.6927 F800
G1 X89.352 Y81.816 E47.7101 F800
G1 X89.964 Y82.066 E47.7266 F800
G1 X90.516 Y82.360 E47.7423 F800
G1 X91.004 Y82.689 E47.7570 F800
G1 X91.425 Y83.045 E47.7708 F800
G1 X91.777 Y83.418 E47.7836 F800
G1 X92.059 Y83.801 E47.7955 F800
G1 X92.270 Y84.183 E47.8064 F800
G1 X92.412 Y84.556 E47.8164 F800
G1 X92.486 Y84.911 E47.8254 F800
G1 X92.497 Y85.240 E47.8337 F800
G1 X92.448 Y85.535 E47.8411 F800
G1 X92.345 Y85.788 E47.8480 F800
G1 X92.193 Y85.993 E47.8543 F800
G1 X92.000 Y86.144 E47.8605 F800
G1 X91.773 Y86.236 E47.8666 F800
G1 X91.519 Y86.264 E47.8730 F800
G1 X91.248 Y86.227 E47.8798 F800
G1 X90.969 Y86.122 E47.8873 F800
G1 X90.689 Y85.949 E47.8955 F800
G1 X90.419 Y85.706 E47.9046 F800
G1 X90.167 Y85.397 E47.9146 F800
G1 X89.941 Y85.023 E47.9255 F800
G1 X89.751 Y84.588 E47.9373 F800
G1 X89.604 Y84.097 E47.9502 F800
G1 X89.506 Y83.554 E47.9640 F800
G1 X89.466 Y82.967 E47.9787 F800
G1 X89.487 Y82.342 E47.9943 F800
G1 X89.576 Y81.687 E48.0108 F800
G1 X89.735 Y81.010 E48.0282 F800
G1 X89.968 Y80.320 E48.0464 F800
G1 X90.277 Y79.625 E48.0654 F800
G1 X90.661 Y78.936 E48.0852 F800
G1 X91.121 Y78.261 E48.1056 F800
G1 X91.655 Y77.609 E48.1266 F800
G1 X92.260 Y76.989 E48.1483 F800
G1 X92.932 Y76.408 E48.1705 F800
G1 X93.667 Y75.876 E48.1932 F800
G1 X94.459 Y75.399 E48.2163 F800
G1 X95.302 Y74.984 E48.2398 F800
G1 X96.188 Y74.636 E48.2636 F800
G1 X97.109 Y74.361 E48.2876 F800
G1 X98.058 Y74.161 E48.3119 F800
G1 X99.024 Y74.040 E48.3362 F800
G1 X100.000 Y74.000 E48.3606 F800
G1 X100.976 Y74.040 E48.3850 F800
G1 X101.942 Y74.161 E48.4094 F800
G1 X102.891 Y74.361 E48.4336 F800
G1 X103.812 Y74.636 E48.4577 F800
G1 X104.698 Y74.984 E48.4815 F800
G1 X105.541 Y75.399 E48.5049 F800
G1 X106.333 Y75.876 E48.5281 F800
G1 X107.068 Y76.408 E48.5507 F800
G1 X107.740 Y76.989 E48.5729 F800
G1 X108.345 Y77.609 E48.5946 F800
G1 X108.879 Y78.261 E48.6157 F800
G1 X109.339 Y78.936 E48.6361 F800
G1 X109.723 Y79.625 E48.6558 F800
G1 X110.032 Y80.320 E48.6748 F800
G1 X110.265 Y81.010 E48.6930 F800
G1 X110.424 Y81.687 E48.7104 F800
G1 X110.513 Y82.342 E48.7269 F800
G1 X110.534 Y82.967 E48.7426 F800
G1 X110.494 Y83.554 E48.7573 F800
G1 X110.396 Y84.097 E48.7711 F800
G1 X110.249 Y84.588 E48.7839 F800
G1 X110.059 Y85.023 E48.7958 F800
G1 X109.833 Y85.397 E48.8067 F800
G1 X109.581 Y85.706 E48.8167 F800
G1 X109.311 Y85.949 E48.8257 F800
G1 X109.031 Y86.122 E48.8340 F800
G1 X108.752 Y86.227 E48.8414 F800
G1 X108.481 Y86.264 E48.8483 F800
G1 X108.227 Y86.236 E48.8546 F800
G1 X108.000 Y86.144 E48.8608 F800
G1 X107.807 Y85.993 E48.8669 F800
G1 X107.655 Y85.788 E48.8733 F800
G1 X107.552 Y85.535 E48.8801 F800
G1 X107.503 Y85.240 E48.8876 F800
G1 X107.514 Y84.911 E48.8958 F800
G1 X107.588 Y84.556 E48.9049 F800
G1 X107.730 Y84.183 E48.9149 F800
G1 X107.941 Y83.801 E48.9258 F800
G1 X108.223 Y83.418 E48.9376 F800
G1 X108.575 Y83.045 E48.9505 F800
G1 X108.996 Y82.689 E48.9643 F800
G1 X109.484 Y82.360 E48.9790 F800
G1 X110.036 Y82.066 E48.9946 F800
G1 X110.648 Y81.816 E49.0111 F800
G1 X111.314 Y81.615 E49.0285 F800
G1 X112.028 Y81.472 E49.0467 F800
G1 X112.783 Y81.392 E49.0657 F800
G1 X113.572 Y81.381 E49.0855 F800
G1 X114.387 Y81.441 E49.1059 F800
G1 X115.219 Y81.577 E49.1269 F800
G1 X116.058 Y81.791 E49.1486 F800
G1 X116.897 Y82.083 E49.1708 F800
G1 X117.725 Y82.454 E49.1935 F800
G1 X118.534 Y82.901 E49.2166 F800
G1 X119.315 Y83.423 E49.2401 F800
G1 X120.059 Y84.017 E49.2639 F800
G1 X120.759 Y84.677 E49.2879 F800
G1 X121.406 Y85.398 E49.3122 F800
G1 X121.994 Y86.175 E49.3365 F800
G1 X122.517 Y87.000 E49.3609 F800
G1 X122.970 Y87.865 E49.3853 F800
G1 X123.348 Y88.763 E49.4097 F800
G1 X123.650 Y89.684 E49.4339 F800
G1 X123.872 Y90.620 E49.4580 F800
G1 X124.013 Y91.561 E49.4818 F800
G1 X124.075 Y92.498 E49.5052 F800
G1 X124.058 Y93.422 E49.5284 F800
G1 X123.965 Y94.325 E49.5510 F800
G1 X123.799 Y95.197 E49.5732 F800
G1 X123.564 Y96.032 E49.5949 F800
G1 X123.266 Y96.820 E49.6160 F800
G1 X122.911 Y97.556 E49.6364 F800
G1 X122.506 Y98.233 E49.6561 F800
G1 X122.060 Y98.848 E49.6751 F800
G1 X121.579 Y99.394 E49.6933 F800
G1 X121.072 Y99.871 E49.7107 F800
G1 X120.549 Y100.275 E49.7272 F800
G1 X120.018 Y100.606 E49.7429 F800
G1 X119.489 Y100.865 E49.7576 F800
G1 X118.971 Y101.052 E49.7714 F800
G1 X118.472 Y101.170 E49.7842 F800
G1 X118.000 Y101.223 E49.7961 F800
G1 X117.563 Y101.214 E49.8070 F800
G1 X117.169 Y101.151 E49.8170 F800
G1 X116.824 Y101.038 E49.8260 F800
G1 X116.534 Y100.882 E49.8343 F800
G1 X116.303 Y100.693 E49.8417 F800
G1 X116.136 Y100.477 E49.8486 F800
G1 X116.034 Y100.243 E49.8549 F800
G1 X116.000 Y100.000 E49.8611 F800
G1 E48.3611 F1200   ; Retract

; === LAYER 3 — WALL  (Z=7.50 mm) ===
G1 Z8.50 F600   ; Z-hop
G1 X116.000 Y100.000 F1200   ; Travel → outer spirograph wall
G1 Z7.50 F300   ; Lower to Z
G1 E49.8611 F1200   ; Prime
G1 X116.034 Y99.757 E49.8672 F800
G1 X116.136 Y99.523 E49.8736 F800
G1 X116.303 Y99.307 E49.8804 F800
G1 X116.534 Y99.118 E49.8879 F800
G1 X116.824 Y98.962 E49.8961 F800
G1 X117.169 Y98.849 E49.9052 F800
G1 X117.563 Y98.786 E49.9152 F800
G1 X118.000 Y98.777 E49.9261 F800
G1 X118.472 Y98.830 E49.9379 F800
G1 X118.971 Y98.948 E49.9508 F800
G1 X119.489 Y99.135 E49.9646 F800
G1 X120.018 Y99.394 E49.9793 F800
G1 X120.549 Y99.725 E49.9949 F800
G1 X121.072 Y100.129 E50.0114 F800
G1 X121.579 Y100.606 E50.0288 F800
G1 X122.060 Y101.152 E50.0470 F800
G1 X122.506 Y101.767 E50.0660 F800
G1 X122.911 Y102.444 E50.0858 F800
G1 X123.266 Y103.180 E50.1062 F800
G1 X123.564 Y103.968 E50.1272 F800
G1 X123.799 Y104.803 E50.1489 F800
G1 X123.965 Y105.675 E50.1711 F800
G1 X124.058 Y106.578 E50.1938 F800
G1 X124.075 Y107.502 E50.2169 F800
G1 X124.013 Y108.439 E50.2404 F800
G1 X123.872 Y109.380 E50.2642 F800
G1 X123.650 Y110.316 E50.2882 F800
G1 X123.348 Y111.237 E50.3125 F800
G1 X122.970 Y112.135 E50.3368 F800
G1 X122.517 Y113.000 E50.3612 F800
G1 X121.994 Y113.825 E50.3856 F800
G1 X121.406 Y114.602 E50.4100 F800
G1 X120.759 Y115.323 E50.4342 F800
G1 X120.059 Y115.983 E50.4583 F800
G1 X119.315 Y116.577 E50.4821 F800
G1 X118.534 Y117.099 E50.5055 F800
G1 X117.725 Y117.546 E50.5287 F800
G1 X116.897 Y117.917 E50.5513 F800
G1 X116.058 Y118.209 E50.5735 F800
G1 X115.219 Y118.423 E50.5952 F800
G1 X114.387 Y118.559 E50.6163 F800
G1 X113.572 Y118.619 E50.6367 F800
G1 X112.783 Y118.608 E50.6564 F800
G1 X112.028 Y118.528 E50.6754 F800
G1 X111.314 Y118.385 E50.6936 F800
G1 X110.648 Y118.184 E50.7110 F800
G1 X110.036 Y117.934 E50.7275 F800
G1 X109.484 Y117.640 E50.7432 F800
G1 X108.996 Y117.311 E50.7579 F800
G1 X108.575 Y116.955 E50.7717 F800
G1 X108.223 Y116.582 E50.7845 F800
G1 X107.941 Y116.199 E50.7964 F800
G1 X107.730 Y115.817 E50.8073 F800
G1 X107.588 Y115.444 E50.8173 F800
G1 X107.514 Y115.089 E50.8263 F800
G1 X107.503 Y114.760 E50.8346 F800
G1 X107.552 Y114.465 E50.8420 F800
G1 X107.655 Y114.212 E50.8489 F800
G1 X107.807 Y114.007 E50.8552 F800
G1 X108.000 Y113.856 E50.8614 F800
G1 X108.227 Y113.764 E50.8675 F800
G1 X108.481 Y113.736 E50.8739 F800
G1 X108.752 Y113.773 E50.8807 F800
G1 X109.031 Y113.878 E50.8882 F800
G1 X109.311 Y114.051 E50.8964 F800
G1 X109.581 Y114.294 E50.9055 F800
G1 X109.833 Y114.603 E50.9155 F800
G1 X110.059 Y114.977 E50.9264 F800
G1 X110.249 Y115.412 E50.9382 F800
G1 X110.396 Y115.903 E50.9511 F800
G1 X110.494 Y116.446 E50.9649 F800
G1 X110.534 Y117.033 E50.9796 F800
G1 X110.513 Y117.658 E50.9952 F800
G1 X110.424 Y118.313 E51.0117 F800
G1 X110.265 Y118.990 E51.0291 F800
G1 X110.032 Y119.680 E51.0473 F800
G1 X109.723 Y120.375 E51.0663 F800
G1 X109.339 Y121.064 E51.0861 F800
G1 X108.879 Y121.739 E51.1065 F800
G1 X108.345 Y122.391 E51.1275 F800
G1 X107.740 Y123.011 E51.1492 F800
G1 X107.068 Y123.592 E51.1714 F800
G1 X106.333 Y124.124 E51.1941 F800
G1 X105.541 Y124.601 E51.2172 F800
G1 X104.698 Y125.016 E51.2407 F800
G1 X103.812 Y125.364 E51.2645 F800
G1 X102.891 Y125.639 E51.2885 F800
G1 X101.942 Y125.839 E51.3128 F800
G1 X100.976 Y125.960 E51.3371 F800
G1 X100.000 Y126.000 E51.3615 F800
G1 X99.024 Y125.960 E51.3859 F800
G1 X98.058 Y125.839 E51.4103 F800
G1 X97.109 Y125.639 E51.4345 F800
G1 X96.188 Y125.364 E51.4586 F800
G1 X95.302 Y125.016 E51.4824 F800
G1 X94.459 Y124.601 E51.5058 F800
G1 X93.667 Y124.124 E51.5290 F800
G1 X92.932 Y123.592 E51.5516 F800
G1 X92.260 Y123.011 E51.5738 F800
G1 X91.655 Y122.391 E51.5955 F800
G1 X91.121 Y121.739 E51.6166 F800
G1 X90.661 Y121.064 E51.6370 F800
G1 X90.277 Y120.375 E51.6567 F800
G1 X89.968 Y119.680 E51.6757 F800
G1 X89.735 Y118.990 E51.6939 F800
G1 X89.576 Y118.313 E51.7113 F800
G1 X89.487 Y117.658 E51.7278 F800
G1 X89.466 Y117.033 E51.7435 F800
G1 X89.506 Y116.446 E51.7582 F800
G1 X89.604 Y115.903 E51.7720 F800
G1 X89.751 Y115.412 E51.7848 F800
G1 X89.941 Y114.977 E51.7967 F800
G1 X90.167 Y114.603 E51.8076 F800
G1 X90.419 Y114.294 E51.8176 F800
G1 X90.689 Y114.051 E51.8266 F800
G1 X90.969 Y113.878 E51.8349 F800
G1 X91.248 Y113.773 E51.8423 F800
G1 X91.519 Y113.736 E51.8492 F800
G1 X91.773 Y113.764 E51.8555 F800
G1 X92.000 Y113.856 E51.8617 F800
G1 X92.193 Y114.007 E51.8678 F800
G1 X92.345 Y114.212 E51.8742 F800
G1 X92.448 Y114.465 E51.8810 F800
G1 X92.497 Y114.760 E51.8885 F800
G1 X92.486 Y115.089 E51.8967 F800
G1 X92.412 Y115.444 E51.9058 F800
G1 X92.270 Y115.817 E51.9158 F800
G1 X92.059 Y116.199 E51.9267 F800
G1 X91.777 Y116.582 E51.9385 F800
G1 X91.425 Y116.955 E51.9514 F800
G1 X91.004 Y117.311 E51.9652 F800
G1 X90.516 Y117.640 E51.9799 F800
G1 X89.964 Y117.934 E51.9955 F800
G1 X89.352 Y118.184 E52.0120 F800
G1 X88.686 Y118.385 E52.0294 F800
G1 X87.972 Y118.528 E52.0476 F800
G1 X87.217 Y118.608 E52.0666 F800
G1 X86.428 Y118.619 E52.0863 F800
G1 X85.613 Y118.559 E52.1068 F800
G1 X84.781 Y118.423 E52.1278 F800
G1 X83.942 Y118.209 E52.1495 F800
G1 X83.103 Y117.917 E52.1717 F800
G1 X82.275 Y117.546 E52.1944 F800
G1 X81.466 Y117.099 E52.2175 F800
G1 X80.685 Y116.577 E52.2410 F800
G1 X79.941 Y115.983 E52.2648 F800
G1 X79.241 Y115.323 E52.2888 F800
G1 X78.594 Y114.602 E52.3131 F800
G1 X78.006 Y113.825 E52.3374 F800
G1 X77.483 Y113.000 E52.3618 F800
G1 X77.030 Y112.135 E52.3862 F800
G1 X76.652 Y111.237 E52.4106 F800
G1 X76.350 Y110.316 E52.4348 F800
G1 X76.128 Y109.380 E52.4589 F800
G1 X75.987 Y108.439 E52.4827 F800
G1 X75.925 Y107.502 E52.5061 F800
G1 X75.942 Y106.578 E52.5293 F800
G1 X76.035 Y105.675 E52.5519 F800
G1 X76.201 Y104.803 E52.5741 F800
G1 X76.436 Y103.968 E52.5958 F800
G1 X76.734 Y103.180 E52.6169 F800
G1 X77.089 Y102.444 E52.6373 F800
G1 X77.494 Y101.767 E52.6570 F800
G1 X77.940 Y101.152 E52.6760 F800
G1 X78.421 Y100.606 E52.6942 F800
G1 X78.928 Y100.129 E52.7116 F800
G1 X79.451 Y99.725 E52.7281 F800
G1 X79.982 Y99.394 E52.7438 F800
G1 X80.511 Y99.135 E52.7585 F800
G1 X81.029 Y98.948 E52.7723 F800
G1 X81.528 Y98.830 E52.7851 F800
G1 X82.000 Y98.777 E52.7970 F800
G1 X82.437 Y98.786 E52.8079 F800
G1 X82.831 Y98.849 E52.8179 F800
G1 X83.176 Y98.962 E52.8269 F800
G1 X83.466 Y99.118 E52.8352 F800
G1 X83.697 Y99.307 E52.8426 F800
G1 X83.864 Y99.523 E52.8495 F800
G1 X83.966 Y99.757 E52.8558 F800
G1 X84.000 Y100.000 E52.8620 F800
G1 X83.966 Y100.243 E52.8681 F800
G1 X83.864 Y100.477 E52.8745 F800
G1 X83.697 Y100.693 E52.8813 F800
G1 X83.466 Y100.882 E52.8888 F800
G1 X83.176 Y101.038 E52.8970 F800
G1 X82.831 Y101.151 E52.9061 F800
G1 X82.437 Y101.214 E52.9161 F800
G1 X82.000 Y101.223 E52.9270 F800
G1 X81.528 Y101.170 E52.9388 F800
G1 X81.029 Y101.052 E52.9517 F800
G1 X80.511 Y100.865 E52.9655 F800
G1 X79.982 Y100.606 E52.9802 F800
G1 X79.451 Y100.275 E52.9958 F800
G1 X78.928 Y99.871 E53.0123 F800
G1 X78.421 Y99.394 E53.0297 F800
G1 X77.940 Y98.848 E53.0479 F800
G1 X77.494 Y98.233 E53.0669 F800
G1 X77.089 Y97.556 E53.0866 F800
G1 X76.734 Y96.820 E53.1071 F800
G1 X76.436 Y96.032 E53.1281 F800
G1 X76.201 Y95.197 E53.1498 F800
G1 X76.035 Y94.325 E53.1720 F800
G1 X75.942 Y93.422 E53.1947 F800
G1 X75.925 Y92.498 E53.2178 F800
G1 X75.987 Y91.561 E53.2413 F800
G1 X76.128 Y90.620 E53.2651 F800
G1 X76.350 Y89.684 E53.2891 F800
G1 X76.652 Y88.763 E53.3134 F800
G1 X77.030 Y87.865 E53.3377 F800
G1 X77.483 Y87.000 E53.3621 F800
G1 X78.006 Y86.175 E53.3865 F800
G1 X78.594 Y85.398 E53.4109 F800
G1 X79.241 Y84.677 E53.4351 F800
G1 X79.941 Y84.017 E53.4592 F800
G1 X80.685 Y83.423 E53.4830 F800
G1 X81.466 Y82.901 E53.5064 F800
G1 X82.275 Y82.454 E53.5296 F800
G1 X83.103 Y82.083 E53.5522 F800
G1 X83.942 Y81.791 E53.5744 F800
G1 X84.781 Y81.577 E53.5961 F800
G1 X85.613 Y81.441 E53.6172 F800
G1 X86.428 Y81.381 E53.6376 F800
G1 X87.217 Y81.392 E53.6573 F800
G1 X87.972 Y81.472 E53.6763 F800
G1 X88.686 Y81.615 E53.6945 F800
G1 X89.352 Y81.816 E53.7119 F800
G1 X89.964 Y82.066 E53.7284 F800
G1 X90.516 Y82.360 E53.7441 F800
G1 X91.004 Y82.689 E53.7588 F800
G1 X91.425 Y83.045 E53.7726 F800
G1 X91.777 Y83.418 E53.7854 F800
G1 X92.059 Y83.801 E53.7973 F800
G1 X92.270 Y84.183 E53.8082 F800
G1 X92.412 Y84.556 E53.8182 F800
G1 X92.486 Y84.911 E53.8272 F800
G1 X92.497 Y85.240 E53.8355 F800
G1 X92.448 Y85.535 E53.8429 F800
G1 X92.345 Y85.788 E53.8498 F800
G1 X92.193 Y85.993 E53.8561 F800
G1 X92.000 Y86.144 E53.8623 F800
G1 X91.773 Y86.236 E53.8684 F800
G1 X91.519 Y86.264 E53.8748 F800
G1 X91.248 Y86.227 E53.8816 F800
G1 X90.969 Y86.122 E53.8891 F800
G1 X90.689 Y85.949 E53.8973 F800
G1 X90.419 Y85.706 E53.9064 F800
G1 X90.167 Y85.397 E53.9164 F800
G1 X89.941 Y85.023 E53.9273 F800
G1 X89.751 Y84.588 E53.9391 F800
G1 X89.604 Y84.097 E53.9520 F800
G1 X89.506 Y83.554 E53.9658 F800
G1 X89.466 Y82.967 E53.9805 F800
G1 X89.487 Y82.342 E53.9961 F800
G1 X89.576 Y81.687 E54.0126 F800
G1 X89.735 Y81.010 E54.0300 F800
G1 X89.968 Y80.320 E54.0482 F800
G1 X90.277 Y79.625 E54.0672 F800
G1 X90.661 Y78.936 E54.0869 F800
G1 X91.121 Y78.261 E54.1074 F800
G1 X91.655 Y77.609 E54.1284 F800
G1 X92.260 Y76.989 E54.1501 F800
G1 X92.932 Y76.408 E54.1723 F800
G1 X93.667 Y75.876 E54.1950 F800
G1 X94.459 Y75.399 E54.2181 F800
G1 X95.302 Y74.984 E54.2416 F800
G1 X96.188 Y74.636 E54.2654 F800
G1 X97.109 Y74.361 E54.2894 F800
G1 X98.058 Y74.161 E54.3136 F800
G1 X99.024 Y74.040 E54.3380 F800
G1 X100.000 Y74.000 E54.3624 F800
G1 X100.976 Y74.040 E54.3868 F800
G1 X101.942 Y74.161 E54.4112 F800
G1 X102.891 Y74.361 E54.4354 F800
G1 X103.812 Y74.636 E54.4595 F800
G1 X104.698 Y74.984 E54.4833 F800
G1 X105.541 Y75.399 E54.5067 F800
G1 X106.333 Y75.876 E54.5299 F800
G1 X107.068 Y76.408 E54.5525 F800
G1 X107.740 Y76.989 E54.5747 F800
G1 X108.345 Y77.609 E54.5964 F800
G1 X108.879 Y78.261 E54.6175 F800
G1 X109.339 Y78.936 E54.6379 F800
G1 X109.723 Y79.625 E54.6576 F800
G1 X110.032 Y80.320 E54.6766 F800
G1 X110.265 Y81.010 E54.6948 F800
G1 X110.424 Y81.687 E54.7122 F800
G1 X110.513 Y82.342 E54.7287 F800
G1 X110.534 Y82.967 E54.7444 F800
G1 X110.494 Y83.554 E54.7591 F800
G1 X110.396 Y84.097 E54.7729 F800
G1 X110.249 Y84.588 E54.7857 F800
G1 X110.059 Y85.023 E54.7976 F800
G1 X109.833 Y85.397 E54.8085 F800
G1 X109.581 Y85.706 E54.8185 F800
G1 X109.311 Y85.949 E54.8275 F800
G1 X109.031 Y86.122 E54.8358 F800
G1 X108.752 Y86.227 E54.8432 F800
G1 X108.481 Y86.264 E54.8501 F800
G1 X108.227 Y86.236 E54.8564 F800
G1 X108.000 Y86.144 E54.8626 F800
G1 X107.807 Y85.993 E54.8687 F800
G1 X107.655 Y85.788 E54.8751 F800
G1 X107.552 Y85.535 E54.8819 F800
G1 X107.503 Y85.240 E54.8894 F800
G1 X107.514 Y84.911 E54.8976 F800
G1 X107.588 Y84.556 E54.9067 F800
G1 X107.730 Y84.183 E54.9167 F800
G1 X107.941 Y83.801 E54.9276 F800
G1 X108.223 Y83.418 E54.9394 F800
G1 X108.575 Y83.045 E54.9523 F800
G1 X108.996 Y82.689 E54.9661 F800
G1 X109.484 Y82.360 E54.9808 F800
G1 X110.036 Y82.066 E54.9964 F800
G1 X110.648 Y81.816 E55.0129 F800
G1 X111.314 Y81.615 E55.0303 F800
G1 X112.028 Y81.472 E55.0485 F800
G1 X112.783 Y81.392 E55.0675 F800
G1 X113.572 Y81.381 E55.0872 F800
G1 X114.387 Y81.441 E55.1077 F800
G1 X115.219 Y81.577 E55.1287 F800
G1 X116.058 Y81.791 E55.1504 F800
G1 X116.897 Y82.083 E55.1726 F800
G1 X117.725 Y82.454 E55.1953 F800
G1 X118.534 Y82.901 E55.2184 F800
G1 X119.315 Y83.423 E55.2419 F800
G1 X120.059 Y84.017 E55.2657 F800
G1 X120.759 Y84.677 E55.2897 F800
G1 X121.406 Y85.398 E55.3139 F800
G1 X121.994 Y86.175 E55.3383 F800
G1 X122.517 Y87.000 E55.3627 F800
G1 X122.970 Y87.865 E55.3871 F800
G1 X123.348 Y88.763 E55.4115 F800
G1 X123.650 Y89.684 E55.4357 F800
G1 X123.872 Y90.620 E55.4598 F800
G1 X124.013 Y91.561 E55.4836 F800
G1 X124.075 Y92.498 E55.5070 F800
G1 X124.058 Y93.422 E55.5302 F800
G1 X123.965 Y94.325 E55.5528 F800
G1 X123.799 Y95.197 E55.5750 F800
G1 X123.564 Y96.032 E55.5967 F800
G1 X123.266 Y96.820 E55.6178 F800
G1 X122.911 Y97.556 E55.6382 F800
G1 X122.506 Y98.233 E55.6579 F800
G1 X122.060 Y98.848 E55.6769 F800
G1 X121.579 Y99.394 E55.6951 F800
G1 X121.072 Y99.871 E55.7125 F800
G1 X120.549 Y100.275 E55.7290 F800
G1 X120.018 Y100.606 E55.7447 F800
G1 X119.489 Y100.865 E55.7594 F800
G1 X118.971 Y101.052 E55.7732 F800
G1 X118.472 Y101.170 E55.7860 F800
G1 X118.000 Y101.223 E55.7979 F800
G1 X117.563 Y101.214 E55.8088 F800
G1 X117.169 Y101.151 E55.8188 F800
G1 X116.824 Y101.038 E55.8278 F800
G1 X116.534 Y100.882 E55.8361 F800
G1 X116.303 Y100.693 E55.8435 F800
G1 X116.136 Y100.477 E55.8504 F800
G1 X116.034 Y100.243 E55.8567 F800
G1 X116.000 Y100.000 E55.8629 F800
G1 E54.3629 F1200   ; Retract

; === LAYER 4 — WALL  (Z=8.50 mm) ===
G1 Z9.50 F600   ; Z-hop
G1 X116.000 Y100.000 F1200   ; Travel → outer spirograph wall
G1 Z8.50 F300   ; Lower to Z
G1 E55.8629 F1200   ; Prime
G1 X116.034 Y99.757 E55.8690 F800
G1 X116.136 Y99.523 E55.8754 F800
G1 X116.303 Y99.307 E55.8822 F800
G1 X116.534 Y99.118 E55.8897 F800
G1 X116.824 Y98.962 E55.8979 F800
G1 X117.169 Y98.849 E55.9070 F800
G1 X117.563 Y98.786 E55.9170 F800
G1 X118.000 Y98.777 E55.9279 F800
G1 X118.472 Y98.830 E55.9397 F800
G1 X118.971 Y98.948 E55.9526 F800
G1 X119.489 Y99.135 E55.9664 F800
G1 X120.018 Y99.394 E55.9811 F800
G1 X120.549 Y99.725 E55.9967 F800
G1 X121.072 Y100.129 E56.0132 F800
G1 X121.579 Y100.606 E56.0306 F800
G1 X122.060 Y101.152 E56.0488 F800
G1 X122.506 Y101.767 E56.0678 F800
G1 X122.911 Y102.444 E56.0875 F800
G1 X123.266 Y103.180 E56.1080 F800
G1 X123.564 Y103.968 E56.1290 F800
G1 X123.799 Y104.803 E56.1507 F800
G1 X123.965 Y105.675 E56.1729 F800
G1 X124.058 Y106.578 E56.1956 F800
G1 X124.075 Y107.502 E56.2187 F800
G1 X124.013 Y108.439 E56.2422 F800
G1 X123.872 Y109.380 E56.2660 F800
G1 X123.650 Y110.316 E56.2900 F800
G1 X123.348 Y111.237 E56.3142 F800
G1 X122.970 Y112.135 E56.3386 F800
G1 X122.517 Y113.000 E56.3630 F800
G1 X121.994 Y113.825 E56.3874 F800
G1 X121.406 Y114.602 E56.4118 F800
G1 X120.759 Y115.323 E56.4360 F800
G1 X120.059 Y115.983 E56.4601 F800
G1 X119.315 Y116.577 E56.4839 F800
G1 X118.534 Y117.099 E56.5073 F800
G1 X117.725 Y117.546 E56.5305 F800
G1 X116.897 Y117.917 E56.5531 F800
G1 X116.058 Y118.209 E56.5753 F800
G1 X115.219 Y118.423 E56.5970 F800
G1 X114.387 Y118.559 E56.6181 F800
G1 X113.572 Y118.619 E56.6385 F800
G1 X112.783 Y118.608 E56.6582 F800
G1 X112.028 Y118.528 E56.6772 F800
G1 X111.314 Y118.385 E56.6954 F800
G1 X110.648 Y118.184 E56.7128 F800
G1 X110.036 Y117.934 E56.7293 F800
G1 X109.484 Y117.640 E56.7450 F800
G1 X108.996 Y117.311 E56.7597 F800
G1 X108.575 Y116.955 E56.7735 F800
G1 X108.223 Y116.582 E56.7863 F800
G1 X107.941 Y116.199 E56.7982 F800
G1 X107.730 Y115.817 E56.8091 F800
G1 X107.588 Y115.444 E56.8191 F800
G1 X107.514 Y115.089 E56.8281 F800
G1 X107.503 Y114.760 E56.8364 F800
G1 X107.552 Y114.465 E56.8438 F800
G1 X107.655 Y114.212 E56.8507 F800
G1 X107.807 Y114.007 E56.8570 F800
G1 X108.000 Y113.856 E56.8632 F800
G1 X108.227 Y113.764 E56.8693 F800
G1 X108.481 Y113.736 E56.8757 F800
G1 X108.752 Y113.773 E56.8825 F800
G1 X109.031 Y113.878 E56.8900 F800
G1 X109.311 Y114.051 E56.8982 F800
G1 X109.581 Y114.294 E56.9073 F800
G1 X109.833 Y114.603 E56.9173 F800
G1 X110.059 Y114.977 E56.9282 F800
G1 X110.249 Y115.412 E56.9400 F800
G1 X110.396 Y115.903 E56.9529 F800
G1 X110.494 Y116.446 E56.9666 F800
G1 X110.534 Y117.033 E56.9814 F800
G1 X110.513 Y117.658 E56.9970 F800
G1 X110.424 Y118.313 E57.0135 F800
G1 X110.265 Y118.990 E57.0309 F800
G1 X110.032 Y119.680 E57.0491 F800
G1 X109.723 Y120.375 E57.0681 F800
G1 X109.339 Y121.064 E57.0878 F800
G1 X108.879 Y121.739 E57.1083 F800
G1 X108.345 Y122.391 E57.1293 F800
G1 X107.740 Y123.011 E57.1510 F800
G1 X107.068 Y123.592 E57.1732 F800
G1 X106.333 Y124.124 E57.1959 F800
G1 X105.541 Y124.601 E57.2190 F800
G1 X104.698 Y125.016 E57.2425 F800
G1 X103.812 Y125.364 E57.2663 F800
G1 X102.891 Y125.639 E57.2903 F800
G1 X101.942 Y125.839 E57.3145 F800
G1 X100.976 Y125.960 E57.3389 F800
G1 X100.000 Y126.000 E57.3633 F800
G1 X99.024 Y125.960 E57.3877 F800
G1 X98.058 Y125.839 E57.4121 F800
G1 X97.109 Y125.639 E57.4363 F800
G1 X96.188 Y125.364 E57.4604 F800
G1 X95.302 Y125.016 E57.4842 F800
G1 X94.459 Y124.601 E57.5076 F800
G1 X93.667 Y124.124 E57.5308 F800
G1 X92.932 Y123.592 E57.5534 F800
G1 X92.260 Y123.011 E57.5756 F800
G1 X91.655 Y122.391 E57.5973 F800
G1 X91.121 Y121.739 E57.6184 F800
G1 X90.661 Y121.064 E57.6388 F800
G1 X90.277 Y120.375 E57.6585 F800
G1 X89.968 Y119.680 E57.6775 F800
G1 X89.735 Y118.990 E57.6957 F800
G1 X89.576 Y118.313 E57.7131 F800
G1 X89.487 Y117.658 E57.7296 F800
G1 X89.466 Y117.033 E57.7453 F800
G1 X89.506 Y116.446 E57.7600 F800
G1 X89.604 Y115.903 E57.7738 F800
G1 X89.751 Y115.412 E57.7866 F800
G1 X89.941 Y114.977 E57.7985 F800
G1 X90.167 Y114.603 E57.8094 F800
G1 X90.419 Y114.294 E57.8194 F800
G1 X90.689 Y114.051 E57.8284 F800
G1 X90.969 Y113.878 E57.8367 F800
G1 X91.248 Y113.773 E57.8441 F800
G1 X91.519 Y113.736 E57.8510 F800
G1 X91.773 Y113.764 E57.8573 F800
G1 X92.000 Y113.856 E57.8635 F800
G1 X92.193 Y114.007 E57.8696 F800
G1 X92.345 Y114.212 E57.8760 F800
G1 X92.448 Y114.465 E57.8828 F800
G1 X92.497 Y114.760 E57.8903 F800
G1 X92.486 Y115.089 E57.8985 F800
G1 X92.412 Y115.444 E57.9076 F800
G1 X92.270 Y115.817 E57.9176 F800
G1 X92.059 Y116.199 E57.9285 F800
G1 X91.777 Y116.582 E57.9403 F800
G1 X91.425 Y116.955 E57.9532 F800
G1 X91.004 Y117.311 E57.9669 F800
G1 X90.516 Y117.640 E57.9817 F800
G1 X89.964 Y117.934 E57.9973 F800
G1 X89.352 Y118.184 E58.0138 F800
G1 X88.686 Y118.385 E58.0312 F800
G1 X87.972 Y118.528 E58.0494 F800
G1 X87.217 Y118.608 E58.0684 F800
G1 X86.428 Y118.619 E58.0881 F800
G1 X85.613 Y118.559 E58.1086 F800
G1 X84.781 Y118.423 E58.1296 F800
G1 X83.942 Y118.209 E58.1513 F800
G1 X83.103 Y117.917 E58.1735 F800
G1 X82.275 Y117.546 E58.1962 F800
G1 X81.466 Y117.099 E58.2193 F800
G1 X80.685 Y116.577 E58.2428 F800
G1 X79.941 Y115.983 E58.2666 F800
G1 X79.241 Y115.323 E58.2906 F800
G1 X78.594 Y114.602 E58.3148 F800
G1 X78.006 Y113.825 E58.3392 F800
G1 X77.483 Y113.000 E58.3636 F800
G1 X77.030 Y112.135 E58.3880 F800
G1 X76.652 Y111.237 E58.4124 F800
G1 X76.350 Y110.316 E58.4366 F800
G1 X76.128 Y109.380 E58.4607 F800
G1 X75.987 Y108.439 E58.4845 F800
G1 X75.925 Y107.502 E58.5079 F800
G1 X75.942 Y106.578 E58.5311 F800
G1 X76.035 Y105.675 E58.5537 F800
G1 X76.201 Y104.803 E58.5759 F800
G1 X76.436 Y103.968 E58.5976 F800
G1 X76.734 Y103.180 E58.6187 F800
G1 X77.089 Y102.444 E58.6391 F800
G1 X77.494 Y101.767 E58.6588 F800
G1 X77.940 Y101.152 E58.6778 F800
G1 X78.421 Y100.606 E58.6960 F800
G1 X78.928 Y100.129 E58.7134 F800
G1 X79.451 Y99.725 E58.7299 F800
G1 X79.982 Y99.394 E58.7456 F800
G1 X80.511 Y99.135 E58.7603 F800
G1 X81.029 Y98.948 E58.7741 F800
G1 X81.528 Y98.830 E58.7869 F800
G1 X82.000 Y98.777 E58.7988 F800
G1 X82.437 Y98.786 E58.8097 F800
G1 X82.831 Y98.849 E58.8197 F800
G1 X83.176 Y98.962 E58.8287 F800
G1 X83.466 Y99.118 E58.8370 F800
G1 X83.697 Y99.307 E58.8444 F800
G1 X83.864 Y99.523 E58.8513 F800
G1 X83.966 Y99.757 E58.8576 F800
G1 X84.000 Y100.000 E58.8638 F800
G1 X83.966 Y100.243 E58.8699 F800
G1 X83.864 Y100.477 E58.8763 F800
G1 X83.697 Y100.693 E58.8831 F800
G1 X83.466 Y100.882 E58.8906 F800
G1 X83.176 Y101.038 E58.8988 F800
G1 X82.831 Y101.151 E58.9079 F800
G1 X82.437 Y101.214 E58.9179 F800
G1 X82.000 Y101.223 E58.9288 F800
G1 X81.528 Y101.170 E58.9406 F800
G1 X81.029 Y101.052 E58.9535 F800
G1 X80.511 Y100.865 E58.9672 F800
G1 X79.982 Y100.606 E58.9820 F800
G1 X79.451 Y100.275 E58.9976 F800
G1 X78.928 Y99.871 E59.0141 F800
G1 X78.421 Y99.394 E59.0315 F800
G1 X77.940 Y98.848 E59.0497 F800
G1 X77.494 Y98.233 E59.0687 F800
G1 X77.089 Y97.556 E59.0884 F800
G1 X76.734 Y96.820 E59.1089 F800
G1 X76.436 Y96.032 E59.1299 F800
G1 X76.201 Y95.197 E59.1516 F800
G1 X76.035 Y94.325 E59.1738 F800
G1 X75.942 Y93.422 E59.1965 F800
G1 X75.925 Y92.498 E59.2196 F800
G1 X75.987 Y91.561 E59.2431 F800
G1 X76.128 Y90.620 E59.2669 F800
G1 X76.350 Y89.684 E59.2909 F800
G1 X76.652 Y88.763 E59.3151 F800
G1 X77.030 Y87.865 E59.3395 F800
G1 X77.483 Y87.000 E59.3639 F800
G1 X78.006 Y86.175 E59.3883 F800
G1 X78.594 Y85.398 E59.4127 F800
G1 X79.241 Y84.677 E59.4369 F800
G1 X79.941 Y84.017 E59.4610 F800
G1 X80.685 Y83.423 E59.4848 F800
G1 X81.466 Y82.901 E59.5082 F800
G1 X82.275 Y82.454 E59.5314 F800
G1 X83.103 Y82.083 E59.5540 F800
G1 X83.942 Y81.791 E59.5762 F800
G1 X84.781 Y81.577 E59.5979 F800
G1 X85.613 Y81.441 E59.6190 F800
G1 X86.428 Y81.381 E59.6394 F800
G1 X87.217 Y81.392 E59.6591 F800
G1 X87.972 Y81.472 E59.6781 F800
G1 X88.686 Y81.615 E59.6963 F800
G1 X89.352 Y81.816 E59.7137 F800
G1 X89.964 Y82.066 E59.7302 F800
G1 X90.516 Y82.360 E59.7459 F800
G1 X91.004 Y82.689 E59.7606 F800
G1 X91.425 Y83.045 E59.7744 F800
G1 X91.777 Y83.418 E59.7872 F800
G1 X92.059 Y83.801 E59.7991 F800
G1 X92.270 Y84.183 E59.8100 F800
G1 X92.412 Y84.556 E59.8200 F800
G1 X92.486 Y84.911 E59.8290 F800
G1 X92.497 Y85.240 E59.8373 F800
G1 X92.448 Y85.535 E59.8447 F800
G1 X92.345 Y85.788 E59.8516 F800
G1 X92.193 Y85.993 E59.8579 F800
G1 X92.000 Y86.144 E59.8641 F800
G1 X91.773 Y86.236 E59.8702 F800
G1 X91.519 Y86.264 E59.8766 F800
G1 X91.248 Y86.227 E59.8834 F800
G1 X90.969 Y86.122 E59.8909 F800
G1 X90.689 Y85.949 E59.8991 F800
G1 X90.419 Y85.706 E59.9082 F800
G1 X90.167 Y85.397 E59.9182 F800
G1 X89.941 Y85.023 E59.9291 F800
G1 X89.751 Y84.588 E59.9409 F800
G1 X89.604 Y84.097 E59.9538 F800
G1 X89.506 Y83.554 E59.9675 F800
G1 X89.466 Y82.967 E59.9823 F800
G1 X89.487 Y82.342 E59.9979 F800
G1 X89.576 Y81.687 E60.0144 F800
G1 X89.735 Y81.010 E60.0318 F800
G1 X89.968 Y80.320 E60.0500 F800
G1 X90.277 Y79.625 E60.0690 F800
G1 X90.661 Y78.936 E60.0887 F800
G1 X91.121 Y78.261 E60.1092 F800
G1 X91.655 Y77.609 E60.1302 F800
G1 X92.260 Y76.989 E60.1519 F800
G1 X92.932 Y76.408 E60.1741 F800
G1 X93.667 Y75.876 E60.1968 F800
G1 X94.459 Y75.399 E60.2199 F800
G1 X95.302 Y74.984 E60.2434 F800
G1 X96.188 Y74.636 E60.2672 F800
G1 X97.109 Y74.361 E60.2912 F800
G1 X98.058 Y74.161 E60.3154 F800
G1 X99.024 Y74.040 E60.3398 F800
G1 X100.000 Y74.000 E60.3642 F800
G1 X100.976 Y74.040 E60.3886 F800
G1 X101.942 Y74.161 E60.4130 F800
G1 X102.891 Y74.361 E60.4372 F800
G1 X103.812 Y74.636 E60.4613 F800
G1 X104.698 Y74.984 E60.4851 F800
G1 X105.541 Y75.399 E60.5085 F800
G1 X106.333 Y75.876 E60.5316 F800
G1 X107.068 Y76.408 E60.5543 F800
G1 X107.740 Y76.989 E60.5765 F800
G1 X108.345 Y77.609 E60.5982 F800
G1 X108.879 Y78.261 E60.6193 F800
G1 X109.339 Y78.936 E60.6397 F800
G1 X109.723 Y79.625 E60.6594 F800
G1 X110.032 Y80.320 E60.6784 F800
G1 X110.265 Y81.010 E60.6966 F800
G1 X110.424 Y81.687 E60.7140 F800
G1 X110.513 Y82.342 E60.7305 F800
G1 X110.534 Y82.967 E60.7462 F800
G1 X110.494 Y83.554 E60.7609 F800
G1 X110.396 Y84.097 E60.7747 F800
G1 X110.249 Y84.588 E60.7875 F800
G1 X110.059 Y85.023 E60.7994 F800
G1 X109.833 Y85.397 E60.8103 F800
G1 X109.581 Y85.706 E60.8203 F800
G1 X109.311 Y85.949 E60.8293 F800
G1 X109.031 Y86.122 E60.8376 F800
G1 X108.752 Y86.227 E60.8450 F800
G1 X108.481 Y86.264 E60.8519 F800
G1 X108.227 Y86.236 E60.8582 F800
G1 X108.000 Y86.144 E60.8644 F800
G1 X107.807 Y85.993 E60.8705 F800
G1 X107.655 Y85.788 E60.8769 F800
G1 X107.552 Y85.535 E60.8837 F800
G1 X107.503 Y85.240 E60.8912 F800
G1 X107.514 Y84.911 E60.8994 F800
G1 X107.588 Y84.556 E60.9085 F800
G1 X107.730 Y84.183 E60.9185 F800
G1 X107.941 Y83.801 E60.9294 F800
G1 X108.223 Y83.418 E60.9412 F800
G1 X108.575 Y83.045 E60.9541 F800
G1 X108.996 Y82.689 E60.9678 F800
G1 X109.484 Y82.360 E60.9826 F800
G1 X110.036 Y82.066 E60.9982 F800
G1 X110.648 Y81.816 E61.0147 F800
G1 X111.314 Y81.615 E61.0321 F800
G1 X112.028 Y81.472 E61.0503 F800
G1 X112.783 Y81.392 E61.0693 F800
G1 X113.572 Y81.381 E61.0890 F800
G1 X114.387 Y81.441 E61.1095 F800
G1 X115.219 Y81.577 E61.1305 F800
G1 X116.058 Y81.791 E61.1522 F800
G1 X116.897 Y82.083 E61.1744 F800
G1 X117.725 Y82.454 E61.1971 F800
G1 X118.534 Y82.901 E61.2202 F800
G1 X119.315 Y83.423 E61.2437 F800
G1 X120.059 Y84.017 E61.2675 F800
G1 X120.759 Y84.677 E61.2915 F800
G1 X121.406 Y85.398 E61.3157 F800
G1 X121.994 Y86.175 E61.3401 F800
G1 X122.517 Y87.000 E61.3645 F800
G1 X122.970 Y87.865 E61.3889 F800
G1 X123.348 Y88.763 E61.4133 F800
G1 X123.650 Y89.684 E61.4375 F800
G1 X123.872 Y90.620 E61.4616 F800
G1 X124.013 Y91.561 E61.4854 F800
G1 X124.075 Y92.498 E61.5088 F800
G1 X124.058 Y93.422 E61.5319 F800
G1 X123.965 Y94.325 E61.5546 F800
G1 X123.799 Y95.197 E61.5768 F800
G1 X123.564 Y96.032 E61.5985 F800
G1 X123.266 Y96.820 E61.6196 F800
G1 X122.911 Y97.556 E61.6400 F800
G1 X122.506 Y98.233 E61.6597 F800
G1 X122.060 Y98.848 E61.6787 F800
G1 X121.579 Y99.394 E61.6969 F800
G1 X121.072 Y99.871 E61.7143 F800
G1 X120.549 Y100.275 E61.7308 F800
G1 X120.018 Y100.606 E61.7465 F800
G1 X119.489 Y100.865 E61.7612 F800
G1 X118.971 Y101.052 E61.7750 F800
G1 X118.472 Y101.170 E61.7878 F800
G1 X118.000 Y101.223 E61.7997 F800
G1 X117.563 Y101.214 E61.8106 F800
G1 X117.169 Y101.151 E61.8206 F800
G1 X116.824 Y101.038 E61.8296 F800
G1 X116.534 Y100.882 E61.8379 F800
G1 X116.303 Y100.693 E61.8453 F800
G1 X116.136 Y100.477 E61.8522 F800
G1 X116.034 Y100.243 E61.8585 F800
G1 X116.000 Y100.000 E61.8647 F800
G1 E60.3647 F1200   ; Retract

; === LAYER 5 — WALL  (Z=9.50 mm) ===
G1 Z10.50 F600   ; Z-hop
G1 X116.000 Y100.000 F1200   ; Travel → outer spirograph wall
G1 Z9.50 F300   ; Lower to Z
G1 E61.8647 F1200   ; Prime
G1 X116.034 Y99.757 E61.8708 F800
G1 X116.136 Y99.523 E61.8772 F800
G1 X116.303 Y99.307 E61.8840 F800
G1 X116.534 Y99.118 E61.8915 F800
G1 X116.824 Y98.962 E61.8997 F800
G1 X117.169 Y98.849 E61.9088 F800
G1 X117.563 Y98.786 E61.9188 F800
G1 X118.000 Y98.777 E61.9297 F800
G1 X118.472 Y98.830 E61.9415 F800
G1 X118.971 Y98.948 E61.9544 F800
G1 X119.489 Y99.135 E61.9681 F800
G1 X120.018 Y99.394 E61.9829 F800
G1 X120.549 Y99.725 E61.9985 F800
G1 X121.072 Y100.129 E62.0150 F800
G1 X121.579 Y100.606 E62.0324 F800
G1 X122.060 Y101.152 E62.0506 F800
G1 X122.506 Y101.767 E62.0696 F800
G1 X122.911 Y102.444 E62.0893 F800
G1 X123.266 Y103.180 E62.1098 F800
G1 X123.564 Y103.968 E62.1308 F800
G1 X123.799 Y104.803 E62.1525 F800
G1 X123.965 Y105.675 E62.1747 F800
G1 X124.058 Y106.578 E62.1974 F800
G1 X124.075 Y107.502 E62.2205 F800
G1 X124.013 Y108.439 E62.2440 F800
G1 X123.872 Y109.380 E62.2678 F800
G1 X123.650 Y110.316 E62.2918 F800
G1 X123.348 Y111.237 E62.3160 F800
G1 X122.970 Y112.135 E62.3404 F800
G1 X122.517 Y113.000 E62.3648 F800
G1 X121.994 Y113.825 E62.3892 F800
G1 X121.406 Y114.602 E62.4136 F800
G1 X120.759 Y115.323 E62.4378 F800
G1 X120.059 Y115.983 E62.4619 F800
G1 X119.315 Y116.577 E62.4857 F800
G1 X118.534 Y117.099 E62.5091 F800
G1 X117.725 Y117.546 E62.5322 F800
G1 X116.897 Y117.917 E62.5549 F800
G1 X116.058 Y118.209 E62.5771 F800
G1 X115.219 Y118.423 E62.5988 F800
G1 X114.387 Y118.559 E62.6199 F800
G1 X113.572 Y118.619 E62.6403 F800
G1 X112.783 Y118.608 E62.6600 F800
G1 X112.028 Y118.528 E62.6790 F800
G1 X111.314 Y118.385 E62.6972 F800
G1 X110.648 Y118.184 E62.7146 F800
G1 X110.036 Y117.934 E62.7311 F800
G1 X109.484 Y117.640 E62.7468 F800
G1 X108.996 Y117.311 E62.7615 F800
G1 X108.575 Y116.955 E62.7753 F800
G1 X108.223 Y116.582 E62.7881 F800
G1 X107.941 Y116.199 E62.8000 F800
G1 X107.730 Y115.817 E62.8109 F800
G1 X107.588 Y115.444 E62.8209 F800
G1 X107.514 Y115.089 E62.8299 F800
G1 X107.503 Y114.760 E62.8382 F800
G1 X107.552 Y114.465 E62.8456 F800
G1 X107.655 Y114.212 E62.8525 F800
G1 X107.807 Y114.007 E62.8588 F800
G1 X108.000 Y113.856 E62.8650 F800
G1 X108.227 Y113.764 E62.8711 F800
G1 X108.481 Y113.736 E62.8775 F800
G1 X108.752 Y113.773 E62.8843 F800
G1 X109.031 Y113.878 E62.8918 F800
G1 X109.311 Y114.051 E62.9000 F800
G1 X109.581 Y114.294 E62.9091 F800
G1 X109.833 Y114.603 E62.9191 F800
G1 X110.059 Y114.977 E62.9300 F800
G1 X110.249 Y115.412 E62.9418 F800
G1 X110.396 Y115.903 E62.9547 F800
G1 X110.494 Y116.446 E62.9684 F800
G1 X110.534 Y117.033 E62.9832 F800
G1 X110.513 Y117.658 E62.9988 F800
G1 X110.424 Y118.313 E63.0153 F800
G1 X110.265 Y118.990 E63.0327 F800
G1 X110.032 Y119.680 E63.0509 F800
G1 X109.723 Y120.375 E63.0699 F800
G1 X109.339 Y121.064 E63.0896 F800
G1 X108.879 Y121.739 E63.1101 F800
G1 X108.345 Y122.391 E63.1311 F800
G1 X107.740 Y123.011 E63.1528 F800
G1 X107.068 Y123.592 E63.1750 F800
G1 X106.333 Y124.124 E63.1977 F800
G1 X105.541 Y124.601 E63.2208 F800
G1 X104.698 Y125.016 E63.2443 F800
G1 X103.812 Y125.364 E63.2681 F800
G1 X102.891 Y125.639 E63.2921 F800
G1 X101.942 Y125.839 E63.3163 F800
G1 X100.976 Y125.960 E63.3407 F800
G1 X100.000 Y126.000 E63.3651 F800
G1 X99.024 Y125.960 E63.3895 F800
G1 X98.058 Y125.839 E63.4139 F800
G1 X97.109 Y125.639 E63.4381 F800
G1 X96.188 Y125.364 E63.4622 F800
G1 X95.302 Y125.016 E63.4860 F800
G1 X94.459 Y124.601 E63.5094 F800
G1 X93.667 Y124.124 E63.5325 F800
G1 X92.932 Y123.592 E63.5552 F800
G1 X92.260 Y123.011 E63.5774 F800
G1 X91.655 Y122.391 E63.5991 F800
G1 X91.121 Y121.739 E63.6202 F800
G1 X90.661 Y121.064 E63.6406 F800
G1 X90.277 Y120.375 E63.6603 F800
G1 X89.968 Y119.680 E63.6793 F800
G1 X89.735 Y118.990 E63.6975 F800
G1 X89.576 Y118.313 E63.7149 F800
G1 X89.487 Y117.658 E63.7314 F800
G1 X89.466 Y117.033 E63.7471 F800
G1 X89.506 Y116.446 E63.7618 F800
G1 X89.604 Y115.903 E63.7756 F800
G1 X89.751 Y115.412 E63.7884 F800
G1 X89.941 Y114.977 E63.8003 F800
G1 X90.167 Y114.603 E63.8112 F800
G1 X90.419 Y114.294 E63.8212 F800
G1 X90.689 Y114.051 E63.8302 F800
G1 X90.969 Y113.878 E63.8385 F800
G1 X91.248 Y113.773 E63.8459 F800
G1 X91.519 Y113.736 E63.8528 F800
G1 X91.773 Y113.764 E63.8591 F800
G1 X92.000 Y113.856 E63.8653 F800
G1 X92.193 Y114.007 E63.8714 F800
G1 X92.345 Y114.212 E63.8778 F800
G1 X92.448 Y114.465 E63.8846 F800
G1 X92.497 Y114.760 E63.8921 F800
G1 X92.486 Y115.089 E63.9003 F800
G1 X92.412 Y115.444 E63.9094 F800
G1 X92.270 Y115.817 E63.9194 F800
G1 X92.059 Y116.199 E63.9303 F800
G1 X91.777 Y116.582 E63.9421 F800
G1 X91.425 Y116.955 E63.9550 F800
G1 X91.004 Y117.311 E63.9687 F800
G1 X90.516 Y117.640 E63.9835 F800
G1 X89.964 Y117.934 E63.9991 F800
G1 X89.352 Y118.184 E64.0156 F800
G1 X88.686 Y118.385 E64.0330 F800
G1 X87.972 Y118.528 E64.0512 F800
G1 X87.217 Y118.608 E64.0702 F800
G1 X86.428 Y118.619 E64.0899 F800
G1 X85.613 Y118.559 E64.1104 F800
G1 X84.781 Y118.423 E64.1314 F800
G1 X83.942 Y118.209 E64.1531 F800
G1 X83.103 Y117.917 E64.1753 F800
G1 X82.275 Y117.546 E64.1980 F800
G1 X81.466 Y117.099 E64.2211 F800
G1 X80.685 Y116.577 E64.2446 F800
G1 X79.941 Y115.983 E64.2684 F800
G1 X79.241 Y115.323 E64.2924 F800
G1 X78.594 Y114.602 E64.3166 F800
G1 X78.006 Y113.825 E64.3410 F800
G1 X77.483 Y113.000 E64.3654 F800
G1 X77.030 Y112.135 E64.3898 F800
G1 X76.652 Y111.237 E64.4142 F800
G1 X76.350 Y110.316 E64.4384 F800
G1 X76.128 Y109.380 E64.4625 F800
G1 X75.987 Y108.439 E64.4863 F800
G1 X75.925 Y107.502 E64.5097 F800
G1 X75.942 Y106.578 E64.5328 F800
G1 X76.035 Y105.675 E64.5555 F800
G1 X76.201 Y104.803 E64.5777 F800
G1 X76.436 Y103.968 E64.5994 F800
G1 X76.734 Y103.180 E64.6205 F800
G1 X77.089 Y102.444 E64.6409 F800
G1 X77.494 Y101.767 E64.6606 F800
G1 X77.940 Y101.152 E64.6796 F800
G1 X78.421 Y100.606 E64.6978 F800
G1 X78.928 Y100.129 E64.7152 F800
G1 X79.451 Y99.725 E64.7317 F800
G1 X79.982 Y99.394 E64.7474 F800
G1 X80.511 Y99.135 E64.7621 F800
G1 X81.029 Y98.948 E64.7759 F800
G1 X81.528 Y98.830 E64.7887 F800
G1 X82.000 Y98.777 E64.8006 F800
G1 X82.437 Y98.786 E64.8115 F800
G1 X82.831 Y98.849 E64.8215 F800
G1 X83.176 Y98.962 E64.8305 F800
G1 X83.466 Y99.118 E64.8388 F800
G1 X83.697 Y99.307 E64.8462 F800
G1 X83.864 Y99.523 E64.8531 F800
G1 X83.966 Y99.757 E64.8594 F800
G1 X84.000 Y100.000 E64.8656 F800
G1 X83.966 Y100.243 E64.8717 F800
G1 X83.864 Y100.477 E64.8781 F800
G1 X83.697 Y100.693 E64.8849 F800
G1 X83.466 Y100.882 E64.8924 F800
G1 X83.176 Y101.038 E64.9006 F800
G1 X82.831 Y101.151 E64.9097 F800
G1 X82.437 Y101.214 E64.9197 F800
G1 X82.000 Y101.223 E64.9306 F800
G1 X81.528 Y101.170 E64.9424 F800
G1 X81.029 Y101.052 E64.9553 F800
G1 X80.511 Y100.865 E64.9690 F800
G1 X79.982 Y100.606 E64.9838 F800
G1 X79.451 Y100.275 E64.9994 F800
G1 X78.928 Y99.871 E65.0159 F800
G1 X78.421 Y99.394 E65.0333 F800
G1 X77.940 Y98.848 E65.0515 F800
G1 X77.494 Y98.233 E65.0705 F800
G1 X77.089 Y97.556 E65.0902 F800
G1 X76.734 Y96.820 E65.1107 F800
G1 X76.436 Y96.032 E65.1317 F800
G1 X76.201 Y95.197 E65.1534 F800
G1 X76.035 Y94.325 E65.1756 F800
G1 X75.942 Y93.422 E65.1983 F800
G1 X75.925 Y92.498 E65.2214 F800
G1 X75.987 Y91.561 E65.2449 F800
G1 X76.128 Y90.620 E65.2687 F800
G1 X76.350 Y89.684 E65.2927 F800
G1 X76.652 Y88.763 E65.3169 F800
G1 X77.030 Y87.865 E65.3413 F800
G1 X77.483 Y87.000 E65.3657 F800
G1 X78.006 Y86.175 E65.3901 F800
G1 X78.594 Y85.398 E65.4145 F800
G1 X79.241 Y84.677 E65.4387 F800
G1 X79.941 Y84.017 E65.4628 F800
G1 X80.685 Y83.423 E65.4865 F800
G1 X81.466 Y82.901 E65.5100 F800
G1 X82.275 Y82.454 E65.5331 F800
G1 X83.103 Y82.083 E65.5558 F800
G1 X83.942 Y81.791 E65.5780 F800
G1 X84.781 Y81.577 E65.5997 F800
G1 X85.613 Y81.441 E65.6208 F800
G1 X86.428 Y81.381 E65.6412 F800
G1 X87.217 Y81.392 E65.6609 F800
G1 X87.972 Y81.472 E65.6799 F800
G1 X88.686 Y81.615 E65.6981 F800
G1 X89.352 Y81.816 E65.7155 F800
G1 X89.964 Y82.066 E65.7320 F800
G1 X90.516 Y82.360 E65.7477 F800
G1 X91.004 Y82.689 E65.7624 F800
G1 X91.425 Y83.045 E65.7762 F800
G1 X91.777 Y83.418 E65.7890 F800
G1 X92.059 Y83.801 E65.8009 F800
G1 X92.270 Y84.183 E65.8118 F800
G1 X92.412 Y84.556 E65.8218 F800
G1 X92.486 Y84.911 E65.8308 F800
G1 X92.497 Y85.240 E65.8391 F800
G1 X92.448 Y85.535 E65.8465 F800
G1 X92.345 Y85.788 E65.8534 F800
G1 X92.193 Y85.993 E65.8597 F800
G1 X92.000 Y86.144 E65.8659 F800
G1 X91.773 Y86.236 E65.8720 F800
G1 X91.519 Y86.264 E65.8784 F800
G1 X91.248 Y86.227 E65.8852 F800
G1 X90.969 Y86.122 E65.8927 F800
G1 X90.689 Y85.949 E65.9009 F800
G1 X90.419 Y85.706 E65.9100 F800
G1 X90.167 Y85.397 E65.9200 F800
G1 X89.941 Y85.023 E65.9309 F800
G1 X89.751 Y84.588 E65.9427 F800
G1 X89.604 Y84.097 E65.9556 F800
G1 X89.506 Y83.554 E65.9693 F800
G1 X89.466 Y82.967 E65.9841 F800
G1 X89.487 Y82.342 E65.9997 F800
G1 X89.576 Y81.687 E66.0162 F800
G1 X89.735 Y81.010 E66.0336 F800
G1 X89.968 Y80.320 E66.0518 F800
G1 X90.277 Y79.625 E66.0708 F800
G1 X90.661 Y78.936 E66.0905 F800
G1 X91.121 Y78.261 E66.1110 F800
G1 X91.655 Y77.609 E66.1320 F800
G1 X92.260 Y76.989 E66.1537 F800
G1 X92.932 Y76.408 E66.1759 F800
G1 X93.667 Y75.876 E66.1986 F800
G1 X94.459 Y75.399 E66.2217 F800
G1 X95.302 Y74.984 E66.2452 F800
G1 X96.188 Y74.636 E66.2690 F800
G1 X97.109 Y74.361 E66.2930 F800
G1 X98.058 Y74.161 E66.3172 F800
G1 X99.024 Y74.040 E66.3416 F800
G1 X100.000 Y74.000 E66.3660 F800
G1 X100.976 Y74.040 E66.3904 F800
G1 X101.942 Y74.161 E66.4148 F800
G1 X102.891 Y74.361 E66.4390 F800
G1 X103.812 Y74.636 E66.4631 F800
G1 X104.698 Y74.984 E66.4868 F800
G1 X105.541 Y75.399 E66.5103 F800
G1 X106.333 Y75.876 E66.5334 F800
G1 X107.068 Y76.408 E66.5561 F800
G1 X107.740 Y76.989 E66.5783 F800
G1 X108.345 Y77.609 E66.6000 F800
G1 X108.879 Y78.261 E66.6211 F800
G1 X109.339 Y78.936 E66.6415 F800
G1 X109.723 Y79.625 E66.6612 F800
G1 X110.032 Y80.320 E66.6802 F800
G1 X110.265 Y81.010 E66.6984 F800
G1 X110.424 Y81.687 E66.7158 F800
G1 X110.513 Y82.342 E66.7323 F800
G1 X110.534 Y82.967 E66.7480 F800
G1 X110.494 Y83.554 E66.7627 F800
G1 X110.396 Y84.097 E66.7765 F800
G1 X110.249 Y84.588 E66.7893 F800
G1 X110.059 Y85.023 E66.8012 F800
G1 X109.833 Y85.397 E66.8121 F800
G1 X109.581 Y85.706 E66.8221 F800
G1 X109.311 Y85.949 E66.8311 F800
G1 X109.031 Y86.122 E66.8394 F800
G1 X108.752 Y86.227 E66.8468 F800
G1 X108.481 Y86.264 E66.8537 F800
G1 X108.227 Y86.236 E66.8600 F800
G1 X108.000 Y86.144 E66.8662 F800
G1 X107.807 Y85.993 E66.8723 F800
G1 X107.655 Y85.788 E66.8787 F800
G1 X107.552 Y85.535 E66.8855 F800
G1 X107.503 Y85.240 E66.8930 F800
G1 X107.514 Y84.911 E66.9012 F800
G1 X107.588 Y84.556 E66.9103 F800
G1 X107.730 Y84.183 E66.9203 F800
G1 X107.941 Y83.801 E66.9312 F800
G1 X108.223 Y83.418 E66.9430 F800
G1 X108.575 Y83.045 E66.9559 F800
G1 X108.996 Y82.689 E66.9696 F800
G1 X109.484 Y82.360 E66.9844 F800
G1 X110.036 Y82.066 E67.0000 F800
G1 X110.648 Y81.816 E67.0165 F800
G1 X111.314 Y81.615 E67.0339 F800
G1 X112.028 Y81.472 E67.0521 F800
G1 X112.783 Y81.392 E67.0711 F800
G1 X113.572 Y81.381 E67.0908 F800
G1 X114.387 Y81.441 E67.1113 F800
G1 X115.219 Y81.577 E67.1323 F800
G1 X116.058 Y81.791 E67.1540 F800
G1 X116.897 Y82.083 E67.1762 F800
G1 X117.725 Y82.454 E67.1989 F800
G1 X118.534 Y82.901 E67.2220 F800
G1 X119.315 Y83.423 E67.2455 F800
G1 X120.059 Y84.017 E67.2693 F800
G1 X120.759 Y84.677 E67.2933 F800
G1 X121.406 Y85.398 E67.3175 F800
G1 X121.994 Y86.175 E67.3419 F800
G1 X122.517 Y87.000 E67.3663 F800
G1 X122.970 Y87.865 E67.3907 F800
G1 X123.348 Y88.763 E67.4151 F800
G1 X123.650 Y89.684 E67.4393 F800
G1 X123.872 Y90.620 E67.4634 F800
G1 X124.013 Y91.561 E67.4871 F800
G1 X124.075 Y92.498 E67.5106 F800
G1 X124.058 Y93.422 E67.5337 F800
G1 X123.965 Y94.325 E67.5564 F800
G1 X123.799 Y95.197 E67.5786 F800
G1 X123.564 Y96.032 E67.6003 F800
G1 X123.266 Y96.820 E67.6214 F800
G1 X122.911 Y97.556 E67.6418 F800
G1 X122.506 Y98.233 E67.6615 F800
G1 X122.060 Y98.848 E67.6805 F800
G1 X121.579 Y99.394 E67.6987 F800
G1 X121.072 Y99.871 E67.7161 F800
G1 X120.549 Y100.275 E67.7326 F800
G1 X120.018 Y100.606 E67.7483 F800
G1 X119.489 Y100.865 E67.7630 F800
G1 X118.971 Y101.052 E67.7768 F800
G1 X118.472 Y101.170 E67.7896 F800
G1 X118.000 Y101.223 E67.8015 F800
G1 X117.563 Y101.214 E67.8124 F800
G1 X117.169 Y101.151 E67.8224 F800
G1 X116.824 Y101.038 E67.8314 F800
G1 X116.534 Y100.882 E67.8397 F800
G1 X116.303 Y100.693 E67.8471 F800
G1 X116.136 Y100.477 E67.8540 F800
G1 X116.034 Y100.243 E67.8603 F800
G1 X116.000 Y100.000 E67.8665 F800
G1 E66.3665 F1200   ; Retract

; === LAYER 6 — WALL  (Z=10.50 mm) ===
G1 Z11.50 F600   ; Z-hop
G1 X116.000 Y100.000 F1200   ; Travel → outer spirograph wall
G1 Z10.50 F300   ; Lower to Z
G1 E67.8665 F1200   ; Prime
G1 X116.034 Y99.757 E67.8726 F800
G1 X116.136 Y99.523 E67.8790 F800
G1 X116.303 Y99.307 E67.8858 F800
G1 X116.534 Y99.118 E67.8933 F800
G1 X116.824 Y98.962 E67.9015 F800
G1 X117.169 Y98.849 E67.9106 F800
G1 X117.563 Y98.786 E67.9205 F800
G1 X118.000 Y98.777 E67.9315 F800
G1 X118.472 Y98.830 E67.9433 F800
G1 X118.971 Y98.948 E67.9562 F800
G1 X119.489 Y99.135 E67.9699 F800
G1 X120.018 Y99.394 E67.9847 F800
G1 X120.549 Y99.725 E68.0003 F800
G1 X121.072 Y100.129 E68.0168 F800
G1 X121.579 Y100.606 E68.0342 F800
G1 X122.060 Y101.152 E68.0524 F800
G1 X122.506 Y101.767 E68.0714 F800
G1 X122.911 Y102.444 E68.0911 F800
G1 X123.266 Y103.180 E68.1116 F800
G1 X123.564 Y103.968 E68.1326 F800
G1 X123.799 Y104.803 E68.1543 F800
G1 X123.965 Y105.675 E68.1765 F800
G1 X124.058 Y106.578 E68.1992 F800
G1 X124.075 Y107.502 E68.2223 F800
G1 X124.013 Y108.439 E68.2458 F800
G1 X123.872 Y109.380 E68.2696 F800
G1 X123.650 Y110.316 E68.2936 F800
G1 X123.348 Y111.237 E68.3178 F800
G1 X122.970 Y112.135 E68.3422 F800
G1 X122.517 Y113.000 E68.3666 F800
G1 X121.994 Y113.825 E68.3910 F800
G1 X121.406 Y114.602 E68.4154 F800
G1 X120.759 Y115.323 E68.4396 F800
G1 X120.059 Y115.983 E68.4637 F800
G1 X119.315 Y116.577 E68.4874 F800
G1 X118.534 Y117.099 E68.5109 F800
G1 X117.725 Y117.546 E68.5340 F800
G1 X116.897 Y117.917 E68.5567 F800
G1 X116.058 Y118.209 E68.5789 F800
G1 X115.219 Y118.423 E68.6006 F800
G1 X114.387 Y118.559 E68.6217 F800
G1 X113.572 Y118.619 E68.6421 F800
G1 X112.783 Y118.608 E68.6618 F800
G1 X112.028 Y118.528 E68.6808 F800
G1 X111.314 Y118.385 E68.6990 F800
G1 X110.648 Y118.184 E68.7164 F800
G1 X110.036 Y117.934 E68.7329 F800
G1 X109.484 Y117.640 E68.7486 F800
G1 X108.996 Y117.311 E68.7633 F800
G1 X108.575 Y116.955 E68.7771 F800
G1 X108.223 Y116.582 E68.7899 F800
G1 X107.941 Y116.199 E68.8018 F800
G1 X107.730 Y115.817 E68.8127 F800
G1 X107.588 Y115.444 E68.8227 F800
G1 X107.514 Y115.089 E68.8317 F800
G1 X107.503 Y114.760 E68.8400 F800
G1 X107.552 Y114.465 E68.8474 F800
G1 X107.655 Y114.212 E68.8543 F800
G1 X107.807 Y114.007 E68.8606 F800
G1 X108.000 Y113.856 E68.8668 F800
G1 X108.227 Y113.764 E68.8729 F800
G1 X108.481 Y113.736 E68.8793 F800
G1 X108.752 Y113.773 E68.8861 F800
G1 X109.031 Y113.878 E68.8936 F800
G1 X109.311 Y114.051 E68.9018 F800
G1 X109.581 Y114.294 E68.9109 F800
G1 X109.833 Y114.603 E68.9208 F800
G1 X110.059 Y114.977 E68.9318 F800
G1 X110.249 Y115.412 E68.9436 F800
G1 X110.396 Y115.903 E68.9565 F800
G1 X110.494 Y116.446 E68.9702 F800
G1 X110.534 Y117.033 E68.9850 F800
G1 X110.513 Y117.658 E69.0006 F800
G1 X110.424 Y118.313 E69.0171 F800
G1 X110.265 Y118.990 E69.0345 F800
G1 X110.032 Y119.680 E69.0527 F800
G1 X109.723 Y120.375 E69.0717 F800
G1 X109.339 Y121.064 E69.0914 F800
G1 X108.879 Y121.739 E69.1119 F800
G1 X108.345 Y122.391 E69.1329 F800
G1 X107.740 Y123.011 E69.1546 F800
G1 X107.068 Y123.592 E69.1768 F800
G1 X106.333 Y124.124 E69.1995 F800
G1 X105.541 Y124.601 E69.2226 F800
G1 X104.698 Y125.016 E69.2461 F800
G1 X103.812 Y125.364 E69.2699 F800
G1 X102.891 Y125.639 E69.2939 F800
G1 X101.942 Y125.839 E69.3181 F800
G1 X100.976 Y125.960 E69.3425 F800
G1 X100.000 Y126.000 E69.3669 F800
G1 X99.024 Y125.960 E69.3913 F800
G1 X98.058 Y125.839 E69.4157 F800
G1 X97.109 Y125.639 E69.4399 F800
G1 X96.188 Y125.364 E69.4640 F800
G1 X95.302 Y125.016 E69.4877 F800
G1 X94.459 Y124.601 E69.5112 F800
G1 X93.667 Y124.124 E69.5343 F800
G1 X92.932 Y123.592 E69.5570 F800
G1 X92.260 Y123.011 E69.5792 F800
G1 X91.655 Y122.391 E69.6009 F800
G1 X91.121 Y121.739 E69.6220 F800
G1 X90.661 Y121.064 E69.6424 F800
G1 X90.277 Y120.375 E69.6621 F800
G1 X89.968 Y119.680 E69.6811 F800
G1 X89.735 Y118.990 E69.6993 F800
G1 X89.576 Y118.313 E69.7167 F800
G1 X89.487 Y117.658 E69.7332 F800
G1 X89.466 Y117.033 E69.7489 F800
G1 X89.506 Y116.446 E69.7636 F800
G1 X89.604 Y115.903 E69.7774 F800
G1 X89.751 Y115.412 E69.7902 F800
G1 X89.941 Y114.977 E69.8021 F800
G1 X90.167 Y114.603 E69.8130 F800
G1 X90.419 Y114.294 E69.8230 F800
G1 X90.689 Y114.051 E69.8320 F800
G1 X90.969 Y113.878 E69.8403 F800
G1 X91.248 Y113.773 E69.8477 F800
G1 X91.519 Y113.736 E69.8546 F800
G1 X91.773 Y113.764 E69.8609 F800
G1 X92.000 Y113.856 E69.8671 F800
G1 X92.193 Y114.007 E69.8732 F800
G1 X92.345 Y114.212 E69.8796 F800
G1 X92.448 Y114.465 E69.8864 F800
G1 X92.497 Y114.760 E69.8939 F800
G1 X92.486 Y115.089 E69.9021 F800
G1 X92.412 Y115.444 E69.9112 F800
G1 X92.270 Y115.817 E69.9211 F800
G1 X92.059 Y116.199 E69.9321 F800
G1 X91.777 Y116.582 E69.9439 F800
G1 X91.425 Y116.955 E69.9568 F800
G1 X91.004 Y117.311 E69.9705 F800
G1 X90.516 Y117.640 E69.9853 F800
G1 X89.964 Y117.934 E70.0009 F800
G1 X89.352 Y118.184 E70.0174 F800
G1 X88.686 Y118.385 E70.0348 F800
G1 X87.972 Y118.528 E70.0530 F800
G1 X87.217 Y118.608 E70.0720 F800
G1 X86.428 Y118.619 E70.0917 F800
G1 X85.613 Y118.559 E70.1122 F800
G1 X84.781 Y118.423 E70.1332 F800
G1 X83.942 Y118.209 E70.1549 F800
G1 X83.103 Y117.917 E70.1771 F800
G1 X82.275 Y117.546 E70.1998 F800
G1 X81.466 Y117.099 E70.2229 F800
G1 X80.685 Y116.577 E70.2464 F800
G1 X79.941 Y115.983 E70.2702 F800
G1 X79.241 Y115.323 E70.2942 F800
G1 X78.594 Y114.602 E70.3184 F800
G1 X78.006 Y113.825 E70.3428 F800
G1 X77.483 Y113.000 E70.3672 F800
G1 X77.030 Y112.135 E70.3916 F800
G1 X76.652 Y111.237 E70.4160 F800
G1 X76.350 Y110.316 E70.4402 F800
G1 X76.128 Y109.380 E70.4643 F800
G1 X75.987 Y108.439 E70.4880 F800
G1 X75.925 Y107.502 E70.5115 F800
G1 X75.942 Y106.578 E70.5346 F800
G1 X76.035 Y105.675 E70.5573 F800
G1 X76.201 Y104.803 E70.5795 F800
G1 X76.436 Y103.968 E70.6012 F800
G1 X76.734 Y103.180 E70.6223 F800
G1 X77.089 Y102.444 E70.6427 F800
G1 X77.494 Y101.767 E70.6624 F800
G1 X77.940 Y101.152 E70.6814 F800
G1 X78.421 Y100.606 E70.6996 F800
G1 X78.928 Y100.129 E70.7170 F800
G1 X79.451 Y99.725 E70.7335 F800
G1 X79.982 Y99.394 E70.7492 F800
G1 X80.511 Y99.135 E70.7639 F800
G1 X81.029 Y98.948 E70.7777 F800
G1 X81.528 Y98.830 E70.7905 F800
G1 X82.000 Y98.777 E70.8024 F800
G1 X82.437 Y98.786 E70.8133 F800
G1 X82.831 Y98.849 E70.8232 F800
G1 X83.176 Y98.962 E70.8323 F800
G1 X83.466 Y99.118 E70.8406 F800
G1 X83.697 Y99.307 E70.8480 F800
G1 X83.864 Y99.523 E70.8549 F800
G1 X83.966 Y99.757 E70.8612 F800
G1 X84.000 Y100.000 E70.8674 F800
G1 X83.966 Y100.243 E70.8735 F800
G1 X83.864 Y100.477 E70.8799 F800
G1 X83.697 Y100.693 E70.8867 F800
G1 X83.466 Y100.882 E70.8942 F800
G1 X83.176 Y101.038 E70.9024 F800
G1 X82.831 Y101.151 E70.9115 F800
G1 X82.437 Y101.214 E70.9214 F800
G1 X82.000 Y101.223 E70.9324 F800
G1 X81.528 Y101.170 E70.9442 F800
G1 X81.029 Y101.052 E70.9571 F800
G1 X80.511 Y100.865 E70.9708 F800
G1 X79.982 Y100.606 E70.9856 F800
G1 X79.451 Y100.275 E71.0012 F800
G1 X78.928 Y99.871 E71.0177 F800
G1 X78.421 Y99.394 E71.0351 F800
G1 X77.940 Y98.848 E71.0533 F800
G1 X77.494 Y98.233 E71.0723 F800
G1 X77.089 Y97.556 E71.0920 F800
G1 X76.734 Y96.820 E71.1125 F800
G1 X76.436 Y96.032 E71.1335 F800
G1 X76.201 Y95.197 E71.1552 F800
G1 X76.035 Y94.325 E71.1774 F800
G1 X75.942 Y93.422 E71.2001 F800
G1 X75.925 Y92.498 E71.2232 F800
G1 X75.987 Y91.561 E71.2467 F800
G1 X76.128 Y90.620 E71.2705 F800
G1 X76.350 Y89.684 E71.2945 F800
G1 X76.652 Y88.763 E71.3187 F800
G1 X77.030 Y87.865 E71.3431 F800
G1 X77.483 Y87.000 E71.3675 F800
G1 X78.006 Y86.175 E71.3919 F800
G1 X78.594 Y85.398 E71.4163 F800
G1 X79.241 Y84.677 E71.4405 F800
G1 X79.941 Y84.017 E71.4646 F800
G1 X80.685 Y83.423 E71.4883 F800
G1 X81.466 Y82.901 E71.5118 F800
G1 X82.275 Y82.454 E71.5349 F800
G1 X83.103 Y82.083 E71.5576 F800
G1 X83.942 Y81.791 E71.5798 F800
G1 X84.781 Y81.577 E71.6015 F800
G1 X85.613 Y81.441 E71.6226 F800
G1 X86.428 Y81.381 E71.6430 F800
G1 X87.217 Y81.392 E71.6627 F800
G1 X87.972 Y81.472 E71.6817 F800
G1 X88.686 Y81.615 E71.6999 F800
G1 X89.352 Y81.816 E71.7173 F800
G1 X89.964 Y82.066 E71.7338 F800
G1 X90.516 Y82.360 E71.7495 F800
G1 X91.004 Y82.689 E71.7642 F800
G1 X91.425 Y83.045 E71.7780 F800
G1 X91.777 Y83.418 E71.7908 F800
G1 X92.059 Y83.801 E71.8027 F800
G1 X92.270 Y84.183 E71.8136 F800
G1 X92.412 Y84.556 E71.8235 F800
G1 X92.486 Y84.911 E71.8326 F800
G1 X92.497 Y85.240 E71.8408 F800
G1 X92.448 Y85.535 E71.8483 F800
G1 X92.345 Y85.788 E71.8552 F800
G1 X92.193 Y85.993 E71.8615 F800
G1 X92.000 Y86.144 E71.8677 F800
G1 X91.773 Y86.236 E71.8738 F800
G1 X91.519 Y86.264 E71.8802 F800
G1 X91.248 Y86.227 E71.8870 F800
G1 X90.969 Y86.122 E71.8945 F800
G1 X90.689 Y85.949 E71.9027 F800
G1 X90.419 Y85.706 E71.9118 F800
G1 X90.167 Y85.397 E71.9217 F800
G1 X89.941 Y85.023 E71.9327 F800
G1 X89.751 Y84.588 E71.9445 F800
G1 X89.604 Y84.097 E71.9574 F800
G1 X89.506 Y83.554 E71.9711 F800
G1 X89.466 Y82.967 E71.9859 F800
G1 X89.487 Y82.342 E72.0015 F800
G1 X89.576 Y81.687 E72.0180 F800
G1 X89.735 Y81.010 E72.0354 F800
G1 X89.968 Y80.320 E72.0536 F800
G1 X90.277 Y79.625 E72.0726 F800
G1 X90.661 Y78.936 E72.0923 F800
G1 X91.121 Y78.261 E72.1128 F800
G1 X91.655 Y77.609 E72.1338 F800
G1 X92.260 Y76.989 E72.1555 F800
G1 X92.932 Y76.408 E72.1777 F800
G1 X93.667 Y75.876 E72.2004 F800
G1 X94.459 Y75.399 E72.2235 F800
G1 X95.302 Y74.984 E72.2470 F800
G1 X96.188 Y74.636 E72.2708 F800
G1 X97.109 Y74.361 E72.2948 F800
G1 X98.058 Y74.161 E72.3190 F800
G1 X99.024 Y74.040 E72.3434 F800
G1 X100.000 Y74.000 E72.3678 F800
G1 X100.976 Y74.040 E72.3922 F800
G1 X101.942 Y74.161 E72.4166 F800
G1 X102.891 Y74.361 E72.4408 F800
G1 X103.812 Y74.636 E72.4649 F800
G1 X104.698 Y74.984 E72.4886 F800
G1 X105.541 Y75.399 E72.5121 F800
G1 X106.333 Y75.876 E72.5352 F800
G1 X107.068 Y76.408 E72.5579 F800
G1 X107.740 Y76.989 E72.5801 F800
G1 X108.345 Y77.609 E72.6018 F800
G1 X108.879 Y78.261 E72.6229 F800
G1 X109.339 Y78.936 E72.6433 F800
G1 X109.723 Y79.625 E72.6630 F800
G1 X110.032 Y80.320 E72.6820 F800
G1 X110.265 Y81.010 E72.7002 F800
G1 X110.424 Y81.687 E72.7176 F800
G1 X110.513 Y82.342 E72.7341 F800
G1 X110.534 Y82.967 E72.7498 F800
G1 X110.494 Y83.554 E72.7645 F800
G1 X110.396 Y84.097 E72.7783 F800
G1 X110.249 Y84.588 E72.7911 F800
G1 X110.059 Y85.023 E72.8030 F800
G1 X109.833 Y85.397 E72.8139 F800
G1 X109.581 Y85.706 E72.8238 F800
G1 X109.311 Y85.949 E72.8329 F800
G1 X109.031 Y86.122 E72.8411 F800
G1 X108.752 Y86.227 E72.8486 F800
G1 X108.481 Y86.264 E72.8555 F800
G1 X108.227 Y86.236 E72.8618 F800
G1 X108.000 Y86.144 E72.8680 F800
G1 X107.807 Y85.993 E72.8741 F800
G1 X107.655 Y85.788 E72.8805 F800
G1 X107.552 Y85.535 E72.8873 F800
G1 X107.503 Y85.240 E72.8948 F800
G1 X107.514 Y84.911 E72.9030 F800
G1 X107.588 Y84.556 E72.9121 F800
G1 X107.730 Y84.183 E72.9220 F800
G1 X107.941 Y83.801 E72.9330 F800
G1 X108.223 Y83.418 E72.9448 F800
G1 X108.575 Y83.045 E72.9577 F800
G1 X108.996 Y82.689 E72.9714 F800
G1 X109.484 Y82.360 E72.9862 F800
G1 X110.036 Y82.066 E73.0018 F800
G1 X110.648 Y81.816 E73.0183 F800
G1 X111.314 Y81.615 E73.0357 F800
G1 X112.028 Y81.472 E73.0539 F800
G1 X112.783 Y81.392 E73.0729 F800
G1 X113.572 Y81.381 E73.0926 F800
G1 X114.387 Y81.441 E73.1131 F800
G1 X115.219 Y81.577 E73.1341 F800
G1 X116.058 Y81.791 E73.1558 F800
G1 X116.897 Y82.083 E73.1780 F800
G1 X117.725 Y82.454 E73.2007 F800
G1 X118.534 Y82.901 E73.2238 F800
G1 X119.315 Y83.423 E73.2473 F800
G1 X120.059 Y84.017 E73.2711 F800
G1 X120.759 Y84.677 E73.2951 F800
G1 X121.406 Y85.398 E73.3193 F800
G1 X121.994 Y86.175 E73.3437 F800
G1 X122.517 Y87.000 E73.3681 F800
G1 X122.970 Y87.865 E73.3925 F800
G1 X123.348 Y88.763 E73.4169 F800
G1 X123.650 Y89.684 E73.4411 F800
G1 X123.872 Y90.620 E73.4652 F800
G1 X124.013 Y91.561 E73.4889 F800
G1 X124.075 Y92.498 E73.5124 F800
G1 X124.058 Y93.422 E73.5355 F800
G1 X123.965 Y94.325 E73.5582 F800
G1 X123.799 Y95.197 E73.5804 F800
G1 X123.564 Y96.032 E73.6021 F800
G1 X123.266 Y96.820 E73.6232 F800
G1 X122.911 Y97.556 E73.6436 F800
G1 X122.506 Y98.233 E73.6633 F800
G1 X122.060 Y98.848 E73.6823 F800
G1 X121.579 Y99.394 E73.7005 F800
G1 X121.072 Y99.871 E73.7179 F800
G1 X120.549 Y100.275 E73.7344 F800
G1 X120.018 Y100.606 E73.7501 F800
G1 X119.489 Y100.865 E73.7648 F800
G1 X118.971 Y101.052 E73.7786 F800
G1 X118.472 Y101.170 E73.7914 F800
G1 X118.000 Y101.223 E73.8033 F800
G1 X117.563 Y101.214 E73.8142 F800
G1 X117.169 Y101.151 E73.8241 F800
G1 X116.824 Y101.038 E73.8332 F800
G1 X116.534 Y100.882 E73.8414 F800
G1 X116.303 Y100.693 E73.8489 F800
G1 X116.136 Y100.477 E73.8558 F800
G1 X116.034 Y100.243 E73.8621 F800
G1 X116.000 Y100.000 E73.8683 F800
G1 E72.3683 F1200   ; Retract

; === LAYER 7 — WALL  (Z=11.50 mm) ===
G1 Z12.50 F600   ; Z-hop
G1 X116.000 Y100.000 F1200   ; Travel → outer spirograph wall
G1 Z11.50 F300   ; Lower to Z
G1 E73.8683 F1200   ; Prime
G1 X116.034 Y99.757 E73.8744 F800
G1 X116.136 Y99.523 E73.8808 F800
G1 X116.303 Y99.307 E73.8876 F800
G1 X116.534 Y99.118 E73.8951 F800
G1 X116.824 Y98.962 E73.9033 F800
G1 X117.169 Y98.849 E73.9124 F800
G1 X117.563 Y98.786 E73.9223 F800
G1 X118.000 Y98.777 E73.9333 F800
G1 X118.472 Y98.830 E73.9451 F800
G1 X118.971 Y98.948 E73.9580 F800
G1 X119.489 Y99.135 E73.9717 F800
G1 X120.018 Y99.394 E73.9865 F800
G1 X120.549 Y99.725 E74.0021 F800
G1 X121.072 Y100.129 E74.0186 F800
G1 X121.579 Y100.606 E74.0360 F800
G1 X122.060 Y101.152 E74.0542 F800
G1 X122.506 Y101.767 E74.0732 F800
G1 X122.911 Y102.444 E74.0929 F800
G1 X123.266 Y103.180 E74.1134 F800
G1 X123.564 Y103.968 E74.1344 F800
G1 X123.799 Y104.803 E74.1561 F800
G1 X123.965 Y105.675 E74.1783 F800
G1 X124.058 Y106.578 E74.2010 F800
G1 X124.075 Y107.502 E74.2241 F800
G1 X124.013 Y108.439 E74.2476 F800
G1 X123.872 Y109.380 E74.2714 F800
G1 X123.650 Y110.316 E74.2954 F800
G1 X123.348 Y111.237 E74.3196 F800
G1 X122.970 Y112.135 E74.3440 F800
G1 X122.517 Y113.000 E74.3684 F800
G1 X121.994 Y113.825 E74.3928 F800
G1 X121.406 Y114.602 E74.4172 F800
G1 X120.759 Y115.323 E74.4414 F800
G1 X120.059 Y115.983 E74.4655 F800
G1 X119.315 Y116.577 E74.4892 F800
G1 X118.534 Y117.099 E74.5127 F800
G1 X117.725 Y117.546 E74.5358 F800
G1 X116.897 Y117.917 E74.5585 F800
G1 X116.058 Y118.209 E74.5807 F800
G1 X115.219 Y118.423 E74.6024 F800
G1 X114.387 Y118.559 E74.6235 F800
G1 X113.572 Y118.619 E74.6439 F800
G1 X112.783 Y118.608 E74.6636 F800
G1 X112.028 Y118.528 E74.6826 F800
G1 X111.314 Y118.385 E74.7008 F800
G1 X110.648 Y118.184 E74.7182 F800
G1 X110.036 Y117.934 E74.7347 F800
G1 X109.484 Y117.640 E74.7504 F800
G1 X108.996 Y117.311 E74.7651 F800
G1 X108.575 Y116.955 E74.7789 F800
G1 X108.223 Y116.582 E74.7917 F800
G1 X107.941 Y116.199 E74.8036 F800
G1 X107.730 Y115.817 E74.8145 F800
G1 X107.588 Y115.444 E74.8244 F800
G1 X107.514 Y115.089 E74.8335 F800
G1 X107.503 Y114.760 E74.8417 F800
G1 X107.552 Y114.465 E74.8492 F800
G1 X107.655 Y114.212 E74.8561 F800
G1 X107.807 Y114.007 E74.8624 F800
G1 X108.000 Y113.856 E74.8686 F800
G1 X108.227 Y113.764 E74.8747 F800
G1 X108.481 Y113.736 E74.8811 F800
G1 X108.752 Y113.773 E74.8879 F800
G1 X109.031 Y113.878 E74.8954 F800
G1 X109.311 Y114.051 E74.9036 F800
G1 X109.581 Y114.294 E74.9127 F800
G1 X109.833 Y114.603 E74.9226 F800
G1 X110.059 Y114.977 E74.9336 F800
G1 X110.249 Y115.412 E74.9454 F800
G1 X110.396 Y115.903 E74.9583 F800
G1 X110.494 Y116.446 E74.9720 F800
G1 X110.534 Y117.033 E74.9868 F800
G1 X110.513 Y117.658 E75.0024 F800
G1 X110.424 Y118.313 E75.0189 F800
G1 X110.265 Y118.990 E75.0363 F800
G1 X110.032 Y119.680 E75.0545 F800
G1 X109.723 Y120.375 E75.0735 F800
G1 X109.339 Y121.064 E75.0932 F800
G1 X108.879 Y121.739 E75.1137 F800
G1 X108.345 Y122.391 E75.1347 F800
G1 X107.740 Y123.011 E75.1564 F800
G1 X107.068 Y123.592 E75.1786 F800
G1 X106.333 Y124.124 E75.2013 F800
G1 X105.541 Y124.601 E75.2244 F800
G1 X104.698 Y125.016 E75.2479 F800
G1 X103.812 Y125.364 E75.2717 F800
G1 X102.891 Y125.639 E75.2957 F800
G1 X101.942 Y125.839 E75.3199 F800
G1 X100.976 Y125.960 E75.3443 F800
G1 X100.000 Y126.000 E75.3687 F800
G1 X99.024 Y125.960 E75.3931 F800
G1 X98.058 Y125.839 E75.4175 F800
G1 X97.109 Y125.639 E75.4417 F800
G1 X96.188 Y125.364 E75.4657 F800
G1 X95.302 Y125.016 E75.4895 F800
G1 X94.459 Y124.601 E75.5130 F800
G1 X93.667 Y124.124 E75.5361 F800
G1 X92.932 Y123.592 E75.5588 F800
G1 X92.260 Y123.011 E75.5810 F800
G1 X91.655 Y122.391 E75.6027 F800
G1 X91.121 Y121.739 E75.6238 F800
G1 X90.661 Y121.064 E75.6442 F800
G1 X90.277 Y120.375 E75.6639 F800
G1 X89.968 Y119.680 E75.6829 F800
G1 X89.735 Y118.990 E75.7011 F800
G1 X89.576 Y118.313 E75.7185 F800
G1 X89.487 Y117.658 E75.7350 F800
G1 X89.466 Y117.033 E75.7507 F800
G1 X89.506 Y116.446 E75.7654 F800
G1 X89.604 Y115.903 E75.7792 F800
G1 X89.751 Y115.412 E75.7920 F800
G1 X89.941 Y114.977 E75.8039 F800
G1 X90.167 Y114.603 E75.8148 F800
G1 X90.419 Y114.294 E75.8247 F800
G1 X90.689 Y114.051 E75.8338 F800
G1 X90.969 Y113.878 E75.8420 F800
G1 X91.248 Y113.773 E75.8495 F800
G1 X91.519 Y113.736 E75.8564 F800
G1 X91.773 Y113.764 E75.8627 F800
G1 X92.000 Y113.856 E75.8689 F800
G1 X92.193 Y114.007 E75.8750 F800
G1 X92.345 Y114.212 E75.8814 F800
G1 X92.448 Y114.465 E75.8882 F800
G1 X92.497 Y114.760 E75.8957 F800
G1 X92.486 Y115.089 E75.9039 F800
G1 X92.412 Y115.444 E75.9130 F800
G1 X92.270 Y115.817 E75.9229 F800
G1 X92.059 Y116.199 E75.9339 F800
G1 X91.777 Y116.582 E75.9457 F800
G1 X91.425 Y116.955 E75.9586 F800
G1 X91.004 Y117.311 E75.9723 F800
G1 X90.516 Y117.640 E75.9871 F800
G1 X89.964 Y117.934 E76.0027 F800
G1 X89.352 Y118.184 E76.0192 F800
G1 X88.686 Y118.385 E76.0366 F800
G1 X87.972 Y118.528 E76.0548 F800
G1 X87.217 Y118.608 E76.0738 F800
G1 X86.428 Y118.619 E76.0935 F800
G1 X85.613 Y118.559 E76.1140 F800
G1 X84.781 Y118.423 E76.1350 F800
G1 X83.942 Y118.209 E76.1567 F800
G1 X83.103 Y117.917 E76.1789 F800
G1 X82.275 Y117.546 E76.2016 F800
G1 X81.466 Y117.099 E76.2247 F800
G1 X80.685 Y116.577 E76.2482 F800
G1 X79.941 Y115.983 E76.2720 F800
G1 X79.241 Y115.323 E76.2960 F800
G1 X78.594 Y114.602 E76.3202 F800
G1 X78.006 Y113.825 E76.3446 F800
G1 X77.483 Y113.000 E76.3690 F800
G1 X77.030 Y112.135 E76.3934 F800
G1 X76.652 Y111.237 E76.4178 F800
G1 X76.350 Y110.316 E76.4420 F800
G1 X76.128 Y109.380 E76.4660 F800
G1 X75.987 Y108.439 E76.4898 F800
G1 X75.925 Y107.502 E76.5133 F800
G1 X75.942 Y106.578 E76.5364 F800
G1 X76.035 Y105.675 E76.5591 F800
G1 X76.201 Y104.803 E76.5813 F800
G1 X76.436 Y103.968 E76.6030 F800
G1 X76.734 Y103.180 E76.6241 F800
G1 X77.089 Y102.444 E76.6445 F800
G1 X77.494 Y101.767 E76.6642 F800
G1 X77.940 Y101.152 E76.6832 F800
G1 X78.421 Y100.606 E76.7014 F800
G1 X78.928 Y100.129 E76.7188 F800
G1 X79.451 Y99.725 E76.7353 F800
G1 X79.982 Y99.394 E76.7510 F800
G1 X80.511 Y99.135 E76.7657 F800
G1 X81.029 Y98.948 E76.7795 F800
G1 X81.528 Y98.830 E76.7923 F800
G1 X82.000 Y98.777 E76.8042 F800
G1 X82.437 Y98.786 E76.8151 F800
G1 X82.831 Y98.849 E76.8250 F800
G1 X83.176 Y98.962 E76.8341 F800
G1 X83.466 Y99.118 E76.8423 F800
G1 X83.697 Y99.307 E76.8498 F800
G1 X83.864 Y99.523 E76.8567 F800
G1 X83.966 Y99.757 E76.8630 F800
G1 X84.000 Y100.000 E76.8692 F800
G1 X83.966 Y100.243 E76.8753 F800
G1 X83.864 Y100.477 E76.8817 F800
G1 X83.697 Y100.693 E76.8885 F800
G1 X83.466 Y100.882 E76.8960 F800
G1 X83.176 Y101.038 E76.9042 F800
G1 X82.831 Y101.151 E76.9133 F800
G1 X82.437 Y101.214 E76.9232 F800
G1 X82.000 Y101.223 E76.9342 F800
G1 X81.528 Y101.170 E76.9460 F800
G1 X81.029 Y101.052 E76.9589 F800
G1 X80.511 Y100.865 E76.9726 F800
G1 X79.982 Y100.606 E76.9874 F800
G1 X79.451 Y100.275 E77.0030 F800
G1 X78.928 Y99.871 E77.0195 F800
G1 X78.421 Y99.394 E77.0369 F800
G1 X77.940 Y98.848 E77.0551 F800
G1 X77.494 Y98.233 E77.0741 F800
G1 X77.089 Y97.556 E77.0938 F800
G1 X76.734 Y96.820 E77.1143 F800
G1 X76.436 Y96.032 E77.1353 F800
G1 X76.201 Y95.197 E77.1570 F800
G1 X76.035 Y94.325 E77.1792 F800
G1 X75.942 Y93.422 E77.2019 F800
G1 X75.925 Y92.498 E77.2250 F800
G1 X75.987 Y91.561 E77.2485 F800
G1 X76.128 Y90.620 E77.2723 F800
G1 X76.350 Y89.684 E77.2963 F800
G1 X76.652 Y88.763 E77.3205 F800
G1 X77.030 Y87.865 E77.3449 F800
G1 X77.483 Y87.000 E77.3693 F800
G1 X78.006 Y86.175 E77.3937 F800
G1 X78.594 Y85.398 E77.4181 F800
G1 X79.241 Y84.677 E77.4423 F800
G1 X79.941 Y84.017 E77.4663 F800
G1 X80.685 Y83.423 E77.4901 F800
G1 X81.466 Y82.901 E77.5136 F800
G1 X82.275 Y82.454 E77.5367 F800
G1 X83.103 Y82.083 E77.5594 F800
G1 X83.942 Y81.791 E77.5816 F800
G1 X84.781 Y81.577 E77.6033 F800
G1 X85.613 Y81.441 E77.6244 F800
G1 X86.428 Y81.381 E77.6448 F800
G1 X87.217 Y81.392 E77.6645 F800
G1 X87.972 Y81.472 E77.6835 F800
G1 X88.686 Y81.615 E77.7017 F800
G1 X89.352 Y81.816 E77.7191 F800
G1 X89.964 Y82.066 E77.7356 F800
G1 X90.516 Y82.360 E77.7513 F800
G1 X91.004 Y82.689 E77.7660 F800
G1 X91.425 Y83.045 E77.7798 F800
G1 X91.777 Y83.418 E77.7926 F800
G1 X92.059 Y83.801 E77.8045 F800
G1 X92.270 Y84.183 E77.8154 F800
G1 X92.412 Y84.556 E77.8253 F800
G1 X92.486 Y84.911 E77.8344 F800
G1 X92.497 Y85.240 E77.8426 F800
G1 X92.448 Y85.535 E77.8501 F800
G1 X92.345 Y85.788 E77.8569 F800
G1 X92.193 Y85.993 E77.8633 F800
G1 X92.000 Y86.144 E77.8695 F800
G1 X91.773 Y86.236 E77.8756 F800
G1 X91.519 Y86.264 E77.8820 F800
G1 X91.248 Y86.227 E77.8888 F800
G1 X90.969 Y86.122 E77.8963 F800
G1 X90.689 Y85.949 E77.9045 F800
G1 X90.419 Y85.706 E77.9136 F800
G1 X90.167 Y85.397 E77.9235 F800
G1 X89.941 Y85.023 E77.9345 F800
G1 X89.751 Y84.588 E77.9463 F800
G1 X89.604 Y84.097 E77.9592 F800
G1 X89.506 Y83.554 E77.9729 F800
G1 X89.466 Y82.967 E77.9877 F800
G1 X89.487 Y82.342 E78.0033 F800
G1 X89.576 Y81.687 E78.0198 F800
G1 X89.735 Y81.010 E78.0372 F800
G1 X89.968 Y80.320 E78.0554 F800
G1 X90.277 Y79.625 E78.0744 F800
G1 X90.661 Y78.936 E78.0941 F800
G1 X91.121 Y78.261 E78.1146 F800
G1 X91.655 Y77.609 E78.1356 F800
G1 X92.260 Y76.989 E78.1573 F800
G1 X92.932 Y76.408 E78.1795 F800
G1 X93.667 Y75.876 E78.2022 F800
G1 X94.459 Y75.399 E78.2253 F800
G1 X95.302 Y74.984 E78.2488 F800
G1 X96.188 Y74.636 E78.2726 F800
G1 X97.109 Y74.361 E78.2966 F800
G1 X98.058 Y74.161 E78.3208 F800
G1 X99.024 Y74.040 E78.3452 F800
G1 X100.000 Y74.000 E78.3696 F800
G1 X100.976 Y74.040 E78.3940 F800
G1 X101.942 Y74.161 E78.4184 F800
G1 X102.891 Y74.361 E78.4426 F800
G1 X103.812 Y74.636 E78.4666 F800
G1 X104.698 Y74.984 E78.4904 F800
G1 X105.541 Y75.399 E78.5139 F800
G1 X106.333 Y75.876 E78.5370 F800
G1 X107.068 Y76.408 E78.5597 F800
G1 X107.740 Y76.989 E78.5819 F800
G1 X108.345 Y77.609 E78.6036 F800
G1 X108.879 Y78.261 E78.6247 F800
G1 X109.339 Y78.936 E78.6451 F800
G1 X109.723 Y79.625 E78.6648 F800
G1 X110.032 Y80.320 E78.6838 F800
G1 X110.265 Y81.010 E78.7020 F800
G1 X110.424 Y81.687 E78.7194 F800
G1 X110.513 Y82.342 E78.7359 F800
G1 X110.534 Y82.967 E78.7516 F800
G1 X110.494 Y83.554 E78.7663 F800
G1 X110.396 Y84.097 E78.7801 F800
G1 X110.249 Y84.588 E78.7929 F800
G1 X110.059 Y85.023 E78.8048 F800
G1 X109.833 Y85.397 E78.8157 F800
G1 X109.581 Y85.706 E78.8256 F800
G1 X109.311 Y85.949 E78.8347 F800
G1 X109.031 Y86.122 E78.8429 F800
G1 X108.752 Y86.227 E78.8504 F800
G1 X108.481 Y86.264 E78.8572 F800
G1 X108.227 Y86.236 E78.8636 F800
G1 X108.000 Y86.144 E78.8698 F800
G1 X107.807 Y85.993 E78.8759 F800
G1 X107.655 Y85.788 E78.8823 F800
G1 X107.552 Y85.535 E78.8891 F800
G1 X107.503 Y85.240 E78.8966 F800
G1 X107.514 Y84.911 E78.9048 F800
G1 X107.588 Y84.556 E78.9139 F800
G1 X107.730 Y84.183 E78.9238 F800
G1 X107.941 Y83.801 E78.9348 F800
G1 X108.223 Y83.418 E78.9466 F800
G1 X108.575 Y83.045 E78.9595 F800
G1 X108.996 Y82.689 E78.9732 F800
G1 X109.484 Y82.360 E78.9880 F800
G1 X110.036 Y82.066 E79.0036 F800
G1 X110.648 Y81.816 E79.0201 F800
G1 X111.314 Y81.615 E79.0375 F800
G1 X112.028 Y81.472 E79.0557 F800
G1 X112.783 Y81.392 E79.0747 F800
G1 X113.572 Y81.381 E79.0944 F800
G1 X114.387 Y81.441 E79.1149 F800
G1 X115.219 Y81.577 E79.1359 F800
G1 X116.058 Y81.791 E79.1576 F800
G1 X116.897 Y82.083 E79.1798 F800
G1 X117.725 Y82.454 E79.2025 F800
G1 X118.534 Y82.901 E79.2256 F800
G1 X119.315 Y83.423 E79.2491 F800
G1 X120.059 Y84.017 E79.2729 F800
G1 X120.759 Y84.677 E79.2969 F800
G1 X121.406 Y85.398 E79.3211 F800
G1 X121.994 Y86.175 E79.3455 F800
G1 X122.517 Y87.000 E79.3699 F800
G1 X122.970 Y87.865 E79.3943 F800
G1 X123.348 Y88.763 E79.4187 F800
G1 X123.650 Y89.684 E79.4429 F800
G1 X123.872 Y90.620 E79.4669 F800
G1 X124.013 Y91.561 E79.4907 F800
G1 X124.075 Y92.498 E79.5142 F800
G1 X124.058 Y93.422 E79.5373 F800
G1 X123.965 Y94.325 E79.5600 F800
G1 X123.799 Y95.197 E79.5822 F800
G1 X123.564 Y96.032 E79.6039 F800
G1 X123.266 Y96.820 E79.6250 F800
G1 X122.911 Y97.556 E79.6454 F800
G1 X122.506 Y98.233 E79.6651 F800
G1 X122.060 Y98.848 E79.6841 F800
G1 X121.579 Y99.394 E79.7023 F800
G1 X121.072 Y99.871 E79.7197 F800
G1 X120.549 Y100.275 E79.7362 F800
G1 X120.018 Y100.606 E79.7519 F800
G1 X119.489 Y100.865 E79.7666 F800
G1 X118.971 Y101.052 E79.7804 F800
G1 X118.472 Y101.170 E79.7932 F800
G1 X118.000 Y101.223 E79.8051 F800
G1 X117.563 Y101.214 E79.8160 F800
G1 X117.169 Y101.151 E79.8259 F800
G1 X116.824 Y101.038 E79.8350 F800
G1 X116.534 Y100.882 E79.8432 F800
G1 X116.303 Y100.693 E79.8507 F800
G1 X116.136 Y100.477 E79.8575 F800
G1 X116.034 Y100.243 E79.8639 F800
G1 X116.000 Y100.000 E79.8701 F800
G1 E78.3701 F1200   ; Retract

; === LAYER 8 — WALL  (Z=12.50 mm) ===
G1 Z13.50 F600   ; Z-hop
G1 X116.000 Y100.000 F1200   ; Travel → outer spirograph wall
G1 Z12.50 F300   ; Lower to Z
G1 E79.8701 F1200   ; Prime
G1 X116.034 Y99.757 E79.8762 F800
G1 X116.136 Y99.523 E79.8826 F800
G1 X116.303 Y99.307 E79.8894 F800
G1 X116.534 Y99.118 E79.8969 F800
G1 X116.824 Y98.962 E79.9051 F800
G1 X117.169 Y98.849 E79.9142 F800
G1 X117.563 Y98.786 E79.9241 F800
G1 X118.000 Y98.777 E79.9351 F800
G1 X118.472 Y98.830 E79.9469 F800
G1 X118.971 Y98.948 E79.9598 F800
G1 X119.489 Y99.135 E79.9735 F800
G1 X120.018 Y99.394 E79.9883 F800
G1 X120.549 Y99.725 E80.0039 F800
G1 X121.072 Y100.129 E80.0204 F800
G1 X121.579 Y100.606 E80.0378 F800
G1 X122.060 Y101.152 E80.0560 F800
G1 X122.506 Y101.767 E80.0750 F800
G1 X122.911 Y102.444 E80.0947 F800
G1 X123.266 Y103.180 E80.1152 F800
G1 X123.564 Y103.968 E80.1362 F800
G1 X123.799 Y104.803 E80.1579 F800
G1 X123.965 Y105.675 E80.1801 F800
G1 X124.058 Y106.578 E80.2028 F800
G1 X124.075 Y107.502 E80.2259 F800
G1 X124.013 Y108.439 E80.2494 F800
G1 X123.872 Y109.380 E80.2732 F800
G1 X123.650 Y110.316 E80.2972 F800
G1 X123.348 Y111.237 E80.3214 F800
G1 X122.970 Y112.135 E80.3458 F800
G1 X122.517 Y113.000 E80.3702 F800
G1 X121.994 Y113.825 E80.3946 F800
G1 X121.406 Y114.602 E80.4190 F800
G1 X120.759 Y115.323 E80.4432 F800
G1 X120.059 Y115.983 E80.4672 F800
G1 X119.315 Y116.577 E80.4910 F800
G1 X118.534 Y117.099 E80.5145 F800
G1 X117.725 Y117.546 E80.5376 F800
G1 X116.897 Y117.917 E80.5603 F800
G1 X116.058 Y118.209 E80.5825 F800
G1 X115.219 Y118.423 E80.6042 F800
G1 X114.387 Y118.559 E80.6253 F800
G1 X113.572 Y118.619 E80.6457 F800
G1 X112.783 Y118.608 E80.6654 F800
G1 X112.028 Y118.528 E80.6844 F800
G1 X111.314 Y118.385 E80.7026 F800
G1 X110.648 Y118.184 E80.7200 F800
G1 X110.036 Y117.934 E80.7365 F800
G1 X109.484 Y117.640 E80.7522 F800
G1 X108.996 Y117.311 E80.7669 F800
G1 X108.575 Y116.955 E80.7807 F800
G1 X108.223 Y116.582 E80.7935 F800
G1 X107.941 Y116.199 E80.8054 F800
G1 X107.730 Y115.817 E80.8163 F800
G1 X107.588 Y115.444 E80.8262 F800
G1 X107.514 Y115.089 E80.8353 F800
G1 X107.503 Y114.760 E80.8435 F800
G1 X107.552 Y114.465 E80.8510 F800
G1 X107.655 Y114.212 E80.8578 F800
G1 X107.807 Y114.007 E80.8642 F800
G1 X108.000 Y113.856 E80.8704 F800
G1 X108.227 Y113.764 E80.8765 F800
G1 X108.481 Y113.736 E80.8829 F800
G1 X108.752 Y113.773 E80.8897 F800
G1 X109.031 Y113.878 E80.8972 F800
G1 X109.311 Y114.051 E80.9054 F800
G1 X109.581 Y114.294 E80.9145 F800
G1 X109.833 Y114.603 E80.9244 F800
G1 X110.059 Y114.977 E80.9354 F800
G1 X110.249 Y115.412 E80.9472 F800
G1 X110.396 Y115.903 E80.9601 F800
G1 X110.494 Y116.446 E80.9738 F800
G1 X110.534 Y117.033 E80.9886 F800
G1 X110.513 Y117.658 E81.0042 F800
G1 X110.424 Y118.313 E81.0207 F800
G1 X110.265 Y118.990 E81.0381 F800
G1 X110.032 Y119.680 E81.0563 F800
G1 X109.723 Y120.375 E81.0753 F800
G1 X109.339 Y121.064 E81.0950 F800
G1 X108.879 Y121.739 E81.1155 F800
G1 X108.345 Y122.391 E81.1365 F800
G1 X107.740 Y123.011 E81.1582 F800
G1 X107.068 Y123.592 E81.1804 F800
G1 X106.333 Y124.124 E81.2031 F800
G1 X105.541 Y124.601 E81.2262 F800
G1 X104.698 Y125.016 E81.2497 F800
G1 X103.812 Y125.364 E81.2735 F800
G1 X102.891 Y125.639 E81.2975 F800
G1 X101.942 Y125.839 E81.3217 F800
G1 X100.976 Y125.960 E81.3461 F800
G1 X100.000 Y126.000 E81.3705 F800
G1 X99.024 Y125.960 E81.3949 F800
G1 X98.058 Y125.839 E81.4193 F800
G1 X97.109 Y125.639 E81.4435 F800
G1 X96.188 Y125.364 E81.4675 F800
G1 X95.302 Y125.016 E81.4913 F800
G1 X94.459 Y124.601 E81.5148 F800
G1 X93.667 Y124.124 E81.5379 F800
G1 X92.932 Y123.592 E81.5606 F800
G1 X92.260 Y123.011 E81.5828 F800
G1 X91.655 Y122.391 E81.6045 F800
G1 X91.121 Y121.739 E81.6256 F800
G1 X90.661 Y121.064 E81.6460 F800
G1 X90.277 Y120.375 E81.6657 F800
G1 X89.968 Y119.680 E81.6847 F800
G1 X89.735 Y118.990 E81.7029 F800
G1 X89.576 Y118.313 E81.7203 F800
G1 X89.487 Y117.658 E81.7368 F800
G1 X89.466 Y117.033 E81.7525 F800
G1 X89.506 Y116.446 E81.7672 F800
G1 X89.604 Y115.903 E81.7810 F800
G1 X89.751 Y115.412 E81.7938 F800
G1 X89.941 Y114.977 E81.8057 F800
G1 X90.167 Y114.603 E81.8166 F800
G1 X90.419 Y114.294 E81.8265 F800
G1 X90.689 Y114.051 E81.8356 F800
G1 X90.969 Y113.878 E81.8438 F800
G1 X91.248 Y113.773 E81.8513 F800
G1 X91.519 Y113.736 E81.8581 F800
G1 X91.773 Y113.764 E81.8645 F800
G1 X92.000 Y113.856 E81.8707 F800
G1 X92.193 Y114.007 E81.8768 F800
G1 X92.345 Y114.212 E81.8832 F800
G1 X92.448 Y114.465 E81.8900 F800
G1 X92.497 Y114.760 E81.8975 F800
G1 X92.486 Y115.089 E81.9057 F800
G1 X92.412 Y115.444 E81.9148 F800
G1 X92.270 Y115.817 E81.9247 F800
G1 X92.059 Y116.199 E81.9357 F800
G1 X91.777 Y116.582 E81.9475 F800
G1 X91.425 Y116.955 E81.9604 F800
G1 X91.004 Y117.311 E81.9741 F800
G1 X90.516 Y117.640 E81.9889 F800
G1 X89.964 Y117.934 E82.0045 F800
G1 X89.352 Y118.184 E82.0210 F800
G1 X88.686 Y118.385 E82.0384 F800
G1 X87.972 Y118.528 E82.0566 F800
G1 X87.217 Y118.608 E82.0756 F800
G1 X86.428 Y118.619 E82.0953 F800
G1 X85.613 Y118.559 E82.1158 F800
G1 X84.781 Y118.423 E82.1368 F800
G1 X83.942 Y118.209 E82.1585 F800
G1 X83.103 Y117.917 E82.1807 F800
G1 X82.275 Y117.546 E82.2034 F800
G1 X81.466 Y117.099 E82.2265 F800
G1 X80.685 Y116.577 E82.2500 F800
G1 X79.941 Y115.983 E82.2738 F800
G1 X79.241 Y115.323 E82.2978 F800
G1 X78.594 Y114.602 E82.3220 F800
G1 X78.006 Y113.825 E82.3464 F800
G1 X77.483 Y113.000 E82.3708 F800
G1 X77.030 Y112.135 E82.3952 F800
G1 X76.652 Y111.237 E82.4196 F800
G1 X76.350 Y110.316 E82.4438 F800
G1 X76.128 Y109.380 E82.4678 F800
G1 X75.987 Y108.439 E82.4916 F800
G1 X75.925 Y107.502 E82.5151 F800
G1 X75.942 Y106.578 E82.5382 F800
G1 X76.035 Y105.675 E82.5609 F800
G1 X76.201 Y104.803 E82.5831 F800
G1 X76.436 Y103.968 E82.6048 F800
G1 X76.734 Y103.180 E82.6259 F800
G1 X77.089 Y102.444 E82.6463 F800
G1 X77.494 Y101.767 E82.6660 F800
G1 X77.940 Y101.152 E82.6850 F800
G1 X78.421 Y100.606 E82.7032 F800
G1 X78.928 Y100.129 E82.7206 F800
G1 X79.451 Y99.725 E82.7371 F800
G1 X79.982 Y99.394 E82.7528 F800
G1 X80.511 Y99.135 E82.7675 F800
G1 X81.029 Y98.948 E82.7813 F800
G1 X81.528 Y98.830 E82.7941 F800
G1 X82.000 Y98.777 E82.8060 F800
G1 X82.437 Y98.786 E82.8169 F800
G1 X82.831 Y98.849 E82.8268 F800
G1 X83.176 Y98.962 E82.8359 F800
G1 X83.466 Y99.118 E82.8441 F800
G1 X83.697 Y99.307 E82.8516 F800
G1 X83.864 Y99.523 E82.8584 F800
G1 X83.966 Y99.757 E82.8648 F800
G1 X84.000 Y100.000 E82.8710 F800
G1 X83.966 Y100.243 E82.8771 F800
G1 X83.864 Y100.477 E82.8835 F800
G1 X83.697 Y100.693 E82.8903 F800
G1 X83.466 Y100.882 E82.8978 F800
G1 X83.176 Y101.038 E82.9060 F800
G1 X82.831 Y101.151 E82.9151 F800
G1 X82.437 Y101.214 E82.9250 F800
G1 X82.000 Y101.223 E82.9360 F800
G1 X81.528 Y101.170 E82.9478 F800
G1 X81.029 Y101.052 E82.9607 F800
G1 X80.511 Y100.865 E82.9744 F800
G1 X79.982 Y100.606 E82.9892 F800
G1 X79.451 Y100.275 E83.0048 F800
G1 X78.928 Y99.871 E83.0213 F800
G1 X78.421 Y99.394 E83.0387 F800
G1 X77.940 Y98.848 E83.0569 F800
G1 X77.494 Y98.233 E83.0759 F800
G1 X77.089 Y97.556 E83.0956 F800
G1 X76.734 Y96.820 E83.1161 F800
G1 X76.436 Y96.032 E83.1371 F800
G1 X76.201 Y95.197 E83.1588 F800
G1 X76.035 Y94.325 E83.1810 F800
G1 X75.942 Y93.422 E83.2037 F800
G1 X75.925 Y92.498 E83.2268 F800
G1 X75.987 Y91.561 E83.2503 F800
G1 X76.128 Y90.620 E83.2741 F800
G1 X76.350 Y89.684 E83.2981 F800
G1 X76.652 Y88.763 E83.3223 F800
G1 X77.030 Y87.865 E83.3467 F800
G1 X77.483 Y87.000 E83.3711 F800
G1 X78.006 Y86.175 E83.3955 F800
G1 X78.594 Y85.398 E83.4199 F800
G1 X79.241 Y84.677 E83.4441 F800
G1 X79.941 Y84.017 E83.4681 F800
G1 X80.685 Y83.423 E83.4919 F800
G1 X81.466 Y82.901 E83.5154 F800
G1 X82.275 Y82.454 E83.5385 F800
G1 X83.103 Y82.083 E83.5612 F800
G1 X83.942 Y81.791 E83.5834 F800
G1 X84.781 Y81.577 E83.6051 F800
G1 X85.613 Y81.441 E83.6262 F800
G1 X86.428 Y81.381 E83.6466 F800
G1 X87.217 Y81.392 E83.6663 F800
G1 X87.972 Y81.472 E83.6853 F800
G1 X88.686 Y81.615 E83.7035 F800
G1 X89.352 Y81.816 E83.7209 F800
G1 X89.964 Y82.066 E83.7374 F800
G1 X90.516 Y82.360 E83.7531 F800
G1 X91.004 Y82.689 E83.7678 F800
G1 X91.425 Y83.045 E83.7816 F800
G1 X91.777 Y83.418 E83.7944 F800
G1 X92.059 Y83.801 E83.8063 F800
G1 X92.270 Y84.183 E83.8172 F800
G1 X92.412 Y84.556 E83.8271 F800
G1 X92.486 Y84.911 E83.8362 F800
G1 X92.497 Y85.240 E83.8444 F800
G1 X92.448 Y85.535 E83.8519 F800
G1 X92.345 Y85.788 E83.8587 F800
G1 X92.193 Y85.993 E83.8651 F800
G1 X92.000 Y86.144 E83.8713 F800
G1 X91.773 Y86.236 E83.8774 F800
G1 X91.519 Y86.264 E83.8838 F800
G1 X91.248 Y86.227 E83.8906 F800
G1 X90.969 Y86.122 E83.8981 F800
G1 X90.689 Y85.949 E83.9063 F800
G1 X90.419 Y85.706 E83.9154 F800
G1 X90.167 Y85.397 E83.9253 F800
G1 X89.941 Y85.023 E83.9363 F800
G1 X89.751 Y84.588 E83.9481 F800
G1 X89.604 Y84.097 E83.9610 F800
G1 X89.506 Y83.554 E83.9747 F800
G1 X89.466 Y82.967 E83.9895 F800
G1 X89.487 Y82.342 E84.0051 F800
G1 X89.576 Y81.687 E84.0216 F800
G1 X89.735 Y81.010 E84.0390 F800
G1 X89.968 Y80.320 E84.0572 F800
G1 X90.277 Y79.625 E84.0762 F800
G1 X90.661 Y78.936 E84.0959 F800
G1 X91.121 Y78.261 E84.1164 F800
G1 X91.655 Y77.609 E84.1374 F800
G1 X92.260 Y76.989 E84.1591 F800
G1 X92.932 Y76.408 E84.1813 F800
G1 X93.667 Y75.876 E84.2040 F800
G1 X94.459 Y75.399 E84.2271 F800
G1 X95.302 Y74.984 E84.2506 F800
G1 X96.188 Y74.636 E84.2744 F800
G1 X97.109 Y74.361 E84.2984 F800
G1 X98.058 Y74.161 E84.3226 F800
G1 X99.024 Y74.040 E84.3470 F800
G1 X100.000 Y74.000 E84.3714 F800
G1 X100.976 Y74.040 E84.3958 F800
G1 X101.942 Y74.161 E84.4202 F800
G1 X102.891 Y74.361 E84.4444 F800
G1 X103.812 Y74.636 E84.4684 F800
G1 X104.698 Y74.984 E84.4922 F800
G1 X105.541 Y75.399 E84.5157 F800
G1 X106.333 Y75.876 E84.5388 F800
G1 X107.068 Y76.408 E84.5615 F800
G1 X107.740 Y76.989 E84.5837 F800
G1 X108.345 Y77.609 E84.6054 F800
G1 X108.879 Y78.261 E84.6265 F800
G1 X109.339 Y78.936 E84.6469 F800
G1 X109.723 Y79.625 E84.6666 F800
G1 X110.032 Y80.320 E84.6856 F800
G1 X110.265 Y81.010 E84.7038 F800
G1 X110.424 Y81.687 E84.7212 F800
G1 X110.513 Y82.342 E84.7377 F800
G1 X110.534 Y82.967 E84.7534 F800
G1 X110.494 Y83.554 E84.7681 F800
G1 X110.396 Y84.097 E84.7819 F800
G1 X110.249 Y84.588 E84.7947 F800
G1 X110.059 Y85.023 E84.8065 F800
G1 X109.833 Y85.397 E84.8175 F800
G1 X109.581 Y85.706 E84.8274 F800
G1 X109.311 Y85.949 E84.8365 F800
G1 X109.031 Y86.122 E84.8447 F800
G1 X108.752 Y86.227 E84.8522 F800
G1 X108.481 Y86.264 E84.8590 F800
G1 X108.227 Y86.236 E84.8654 F800
G1 X108.000 Y86.144 E84.8716 F800
G1 X107.807 Y85.993 E84.8777 F800
G1 X107.655 Y85.788 E84.8841 F800
G1 X107.552 Y85.535 E84.8909 F800
G1 X107.503 Y85.240 E84.8984 F800
G1 X107.514 Y84.911 E84.9066 F800
G1 X107.588 Y84.556 E84.9157 F800
G1 X107.730 Y84.183 E84.9256 F800
G1 X107.941 Y83.801 E84.9366 F800
G1 X108.223 Y83.418 E84.9484 F800
G1 X108.575 Y83.045 E84.9613 F800
G1 X108.996 Y82.689 E84.9750 F800
G1 X109.484 Y82.360 E84.9898 F800
G1 X110.036 Y82.066 E85.0054 F800
G1 X110.648 Y81.816 E85.0219 F800
G1 X111.314 Y81.615 E85.0393 F800
G1 X112.028 Y81.472 E85.0575 F800
G1 X112.783 Y81.392 E85.0765 F800
G1 X113.572 Y81.381 E85.0962 F800
G1 X114.387 Y81.441 E85.1167 F800
G1 X115.219 Y81.577 E85.1377 F800
G1 X116.058 Y81.791 E85.1594 F800
G1 X116.897 Y82.083 E85.1816 F800
G1 X117.725 Y82.454 E85.2043 F800
G1 X118.534 Y82.901 E85.2274 F800
G1 X119.315 Y83.423 E85.2509 F800
G1 X120.059 Y84.017 E85.2747 F800
G1 X120.759 Y84.677 E85.2987 F800
G1 X121.406 Y85.398 E85.3229 F800
G1 X121.994 Y86.175 E85.3473 F800
G1 X122.517 Y87.000 E85.3717 F800
G1 X122.970 Y87.865 E85.3961 F800
G1 X123.348 Y88.763 E85.4205 F800
G1 X123.650 Y89.684 E85.4447 F800
G1 X123.872 Y90.620 E85.4687 F800
G1 X124.013 Y91.561 E85.4925 F800
G1 X124.075 Y92.498 E85.5160 F800
G1 X124.058 Y93.422 E85.5391 F800
G1 X123.965 Y94.325 E85.5618 F800
G1 X123.799 Y95.197 E85.5840 F800
G1 X123.564 Y96.032 E85.6057 F800
G1 X123.266 Y96.820 E85.6268 F800
G1 X122.911 Y97.556 E85.6472 F800
G1 X122.506 Y98.233 E85.6669 F800
G1 X122.060 Y98.848 E85.6859 F800
G1 X121.579 Y99.394 E85.7041 F800
G1 X121.072 Y99.871 E85.7215 F800
G1 X120.549 Y100.275 E85.7380 F800
G1 X120.018 Y100.606 E85.7537 F800
G1 X119.489 Y100.865 E85.7684 F800
G1 X118.971 Y101.052 E85.7822 F800
G1 X118.472 Y101.170 E85.7950 F800
G1 X118.000 Y101.223 E85.8068 F800
G1 X117.563 Y101.214 E85.8178 F800
G1 X117.169 Y101.151 E85.8277 F800
G1 X116.824 Y101.038 E85.8368 F800
G1 X116.534 Y100.882 E85.8450 F800
G1 X116.303 Y100.693 E85.8525 F800
G1 X116.136 Y100.477 E85.8593 F800
G1 X116.034 Y100.243 E85.8657 F800
G1 X116.000 Y100.000 E85.8719 F800
G1 E84.3719 F1200   ; Retract

; === LAYER 9 — WALL  (Z=13.50 mm) ===
G1 Z14.50 F600   ; Z-hop
G1 X116.000 Y100.000 F1200   ; Travel → outer spirograph wall
G1 Z13.50 F300   ; Lower to Z
G1 E85.8719 F1200   ; Prime
G1 X116.034 Y99.757 E85.8780 F800
G1 X116.136 Y99.523 E85.8844 F800
G1 X116.303 Y99.307 E85.8912 F800
G1 X116.534 Y99.118 E85.8987 F800
G1 X116.824 Y98.962 E85.9069 F800
G1 X117.169 Y98.849 E85.9160 F800
G1 X117.563 Y98.786 E85.9259 F800
G1 X118.000 Y98.777 E85.9369 F800
G1 X118.472 Y98.830 E85.9487 F800
G1 X118.971 Y98.948 E85.9615 F800
G1 X119.489 Y99.135 E85.9753 F800
G1 X120.018 Y99.394 E85.9900 F800
G1 X120.549 Y99.725 E86.0057 F800
G1 X121.072 Y100.129 E86.0222 F800
G1 X121.579 Y100.606 E86.0396 F800
G1 X122.060 Y101.152 E86.0578 F800
G1 X122.506 Y101.767 E86.0768 F800
G1 X122.911 Y102.444 E86.0965 F800
G1 X123.266 Y103.180 E86.1170 F800
G1 X123.564 Y103.968 E86.1380 F800
G1 X123.799 Y104.803 E86.1597 F800
G1 X123.965 Y105.675 E86.1819 F800
G1 X124.058 Y106.578 E86.2046 F800
G1 X124.075 Y107.502 E86.2277 F800
G1 X124.013 Y108.439 E86.2512 F800
G1 X123.872 Y109.380 E86.2750 F800
G1 X123.650 Y110.316 E86.2990 F800
G1 X123.348 Y111.237 E86.3232 F800
G1 X122.970 Y112.135 E86.3476 F800
G1 X122.517 Y113.000 E86.3720 F800
G1 X121.994 Y113.825 E86.3964 F800
G1 X121.406 Y114.602 E86.4208 F800
G1 X120.759 Y115.323 E86.4450 F800
G1 X120.059 Y115.983 E86.4690 F800
G1 X119.315 Y116.577 E86.4928 F800
G1 X118.534 Y117.099 E86.5163 F800
G1 X117.725 Y117.546 E86.5394 F800
G1 X116.897 Y117.917 E86.5621 F800
G1 X116.058 Y118.209 E86.5843 F800
G1 X115.219 Y118.423 E86.6060 F800
G1 X114.387 Y118.559 E86.6270 F800
G1 X113.572 Y118.619 E86.6475 F800
G1 X112.783 Y118.608 E86.6672 F800
G1 X112.028 Y118.528 E86.6862 F800
G1 X111.314 Y118.385 E86.7044 F800
G1 X110.648 Y118.184 E86.7218 F800
G1 X110.036 Y117.934 E86.7383 F800
G1 X109.484 Y117.640 E86.7540 F800
G1 X108.996 Y117.311 E86.7687 F800
G1 X108.575 Y116.955 E86.7825 F800
G1 X108.223 Y116.582 E86.7953 F800
G1 X107.941 Y116.199 E86.8071 F800
G1 X107.730 Y115.817 E86.8181 F800
G1 X107.588 Y115.444 E86.8280 F800
G1 X107.514 Y115.089 E86.8371 F800
G1 X107.503 Y114.760 E86.8453 F800
G1 X107.552 Y114.465 E86.8528 F800
G1 X107.655 Y114.212 E86.8596 F800
G1 X107.807 Y114.007 E86.8660 F800
G1 X108.000 Y113.856 E86.8721 F800
G1 X108.227 Y113.764 E86.8783 F800
G1 X108.481 Y113.736 E86.8847 F800
G1 X108.752 Y113.773 E86.8915 F800
G1 X109.031 Y113.878 E86.8990 F800
G1 X109.311 Y114.051 E86.9072 F800
G1 X109.581 Y114.294 E86.9163 F800
G1 X109.833 Y114.603 E86.9262 F800
G1 X110.059 Y114.977 E86.9372 F800
G1 X110.249 Y115.412 E86.9490 F800
G1 X110.396 Y115.903 E86.9618 F800
G1 X110.494 Y116.446 E86.9756 F800
G1 X110.534 Y117.033 E86.9903 F800
G1 X110.513 Y117.658 E87.0060 F800
G1 X110.424 Y118.313 E87.0225 F800
G1 X110.265 Y118.990 E87.0399 F800
G1 X110.032 Y119.680 E87.0581 F800
G1 X109.723 Y120.375 E87.0771 F800
G1 X109.339 Y121.064 E87.0968 F800
G1 X108.879 Y121.739 E87.1173 F800
G1 X108.345 Y122.391 E87.1383 F800
G1 X107.740 Y123.011 E87.1600 F800
G1 X107.068 Y123.592 E87.1822 F800
G1 X106.333 Y124.124 E87.2049 F800
G1 X105.541 Y124.601 E87.2280 F800
G1 X104.698 Y125.016 E87.2515 F800
G1 X103.812 Y125.364 E87.2753 F800
G1 X102.891 Y125.639 E87.2993 F800
G1 X101.942 Y125.839 E87.3235 F800
G1 X100.976 Y125.960 E87.3479 F800
G1 X100.000 Y126.000 E87.3723 F800
G1 X99.024 Y125.960 E87.3967 F800
G1 X98.058 Y125.839 E87.4211 F800
G1 X97.109 Y125.639 E87.4453 F800
G1 X96.188 Y125.364 E87.4693 F800
G1 X95.302 Y125.016 E87.4931 F800
G1 X94.459 Y124.601 E87.5166 F800
G1 X93.667 Y124.124 E87.5397 F800
G1 X92.932 Y123.592 E87.5624 F800
G1 X92.260 Y123.011 E87.5846 F800
G1 X91.655 Y122.391 E87.6063 F800
G1 X91.121 Y121.739 E87.6273 F800
G1 X90.661 Y121.064 E87.6478 F800
G1 X90.277 Y120.375 E87.6675 F800
G1 X89.968 Y119.680 E87.6865 F800
G1 X89.735 Y118.990 E87.7047 F800
G1 X89.576 Y118.313 E87.7221 F800
G1 X89.487 Y117.658 E87.7386 F800
G1 X89.466 Y117.033 E87.7543 F800
G1 X89.506 Y116.446 E87.7690 F800
G1 X89.604 Y115.903 E87.7828 F800
G1 X89.751 Y115.412 E87.7956 F800
G1 X89.941 Y114.977 E87.8074 F800
G1 X90.167 Y114.603 E87.8184 F800
G1 X90.419 Y114.294 E87.8283 F800
G1 X90.689 Y114.051 E87.8374 F800
G1 X90.969 Y113.878 E87.8456 F800
G1 X91.248 Y113.773 E87.8531 F800
G1 X91.519 Y113.736 E87.8599 F800
G1 X91.773 Y113.764 E87.8663 F800
G1 X92.000 Y113.856 E87.8724 F800
G1 X92.193 Y114.007 E87.8786 F800
G1 X92.345 Y114.212 E87.8850 F800
G1 X92.448 Y114.465 E87.8918 F800
G1 X92.497 Y114.760 E87.8993 F800
G1 X92.486 Y115.089 E87.9075 F800
G1 X92.412 Y115.444 E87.9166 F800
G1 X92.270 Y115.817 E87.9265 F800
G1 X92.059 Y116.199 E87.9375 F800
G1 X91.777 Y116.582 E87.9493 F800
G1 X91.425 Y116.955 E87.9621 F800
G1 X91.004 Y117.311 E87.9759 F800
G1 X90.516 Y117.640 E87.9906 F800
G1 X89.964 Y117.934 E88.0063 F800
G1 X89.352 Y118.184 E88.0228 F800
G1 X88.686 Y118.385 E88.0402 F800
G1 X87.972 Y118.528 E88.0584 F800
G1 X87.217 Y118.608 E88.0774 F800
G1 X86.428 Y118.619 E88.0971 F800
G1 X85.613 Y118.559 E88.1175 F800
G1 X84.781 Y118.423 E88.1386 F800
G1 X83.942 Y118.209 E88.1603 F800
G1 X83.103 Y117.917 E88.1825 F800
G1 X82.275 Y117.546 E88.2052 F800
G1 X81.466 Y117.099 E88.2283 F800
G1 X80.685 Y116.577 E88.2518 F800
G1 X79.941 Y115.983 E88.2756 F800
G1 X79.241 Y115.323 E88.2996 F800
G1 X78.594 Y114.602 E88.3238 F800
G1 X78.006 Y113.825 E88.3482 F800
G1 X77.483 Y113.000 E88.3726 F800
G1 X77.030 Y112.135 E88.3970 F800
G1 X76.652 Y111.237 E88.4214 F800
G1 X76.350 Y110.316 E88.4456 F800
G1 X76.128 Y109.380 E88.4696 F800
G1 X75.987 Y108.439 E88.4934 F800
G1 X75.925 Y107.502 E88.5169 F800
G1 X75.942 Y106.578 E88.5400 F800
G1 X76.035 Y105.675 E88.5627 F800
G1 X76.201 Y104.803 E88.5849 F800
G1 X76.436 Y103.968 E88.6066 F800
G1 X76.734 Y103.180 E88.6276 F800
G1 X77.089 Y102.444 E88.6481 F800
G1 X77.494 Y101.767 E88.6678 F800
G1 X77.940 Y101.152 E88.6868 F800
G1 X78.421 Y100.606 E88.7050 F800
G1 X78.928 Y100.129 E88.7224 F800
G1 X79.451 Y99.725 E88.7389 F800
G1 X79.982 Y99.394 E88.7545 F800
G1 X80.511 Y99.135 E88.7693 F800
G1 X81.029 Y98.948 E88.7830 F800
G1 X81.528 Y98.830 E88.7959 F800
G1 X82.000 Y98.777 E88.8077 F800
G1 X82.437 Y98.786 E88.8187 F800
G1 X82.831 Y98.849 E88.8286 F800
G1 X83.176 Y98.962 E88.8377 F800
G1 X83.466 Y99.118 E88.8459 F800
G1 X83.697 Y99.307 E88.8534 F800
G1 X83.864 Y99.523 E88.8602 F800
G1 X83.966 Y99.757 E88.8666 F800
G1 X84.000 Y100.000 E88.8727 F800
G1 X83.966 Y100.243 E88.8789 F800
G1 X83.864 Y100.477 E88.8853 F800
G1 X83.697 Y100.693 E88.8921 F800
G1 X83.466 Y100.882 E88.8996 F800
G1 X83.176 Y101.038 E88.9078 F800
G1 X82.831 Y101.151 E88.9169 F800
G1 X82.437 Y101.214 E88.9268 F800
G1 X82.000 Y101.223 E88.9378 F800
G1 X81.528 Y101.170 E88.9496 F800
G1 X81.029 Y101.052 E88.9624 F800
G1 X80.511 Y100.865 E88.9762 F800
G1 X79.982 Y100.606 E88.9909 F800
G1 X79.451 Y100.275 E89.0066 F800
G1 X78.928 Y99.871 E89.0231 F800
G1 X78.421 Y99.394 E89.0405 F800
G1 X77.940 Y98.848 E89.0587 F800
G1 X77.494 Y98.233 E89.0777 F800
G1 X77.089 Y97.556 E89.0974 F800
G1 X76.734 Y96.820 E89.1178 F800
G1 X76.436 Y96.032 E89.1389 F800
G1 X76.201 Y95.197 E89.1606 F800
G1 X76.035 Y94.325 E89.1828 F800
G1 X75.942 Y93.422 E89.2055 F800
G1 X75.925 Y92.498 E89.2286 F800
G1 X75.987 Y91.561 E89.2521 F800
G1 X76.128 Y90.620 E89.2759 F800
G1 X76.350 Y89.684 E89.2999 F800
G1 X76.652 Y88.763 E89.3241 F800
G1 X77.030 Y87.865 E89.3485 F800
G1 X77.483 Y87.000 E89.3729 F800
G1 X78.006 Y86.175 E89.3973 F800
G1 X78.594 Y85.398 E89.4217 F800
G1 X79.241 Y84.677 E89.4459 F800
G1 X79.941 Y84.017 E89.4699 F800
G1 X80.685 Y83.423 E89.4937 F800
G1 X81.466 Y82.901 E89.5172 F800
G1 X82.275 Y82.454 E89.5403 F800
G1 X83.103 Y82.083 E89.5630 F800
G1 X83.942 Y81.791 E89.5852 F800
G1 X84.781 Y81.577 E89.6069 F800
G1 X85.613 Y81.441 E89.6279 F800
G1 X86.428 Y81.381 E89.6484 F800
G1 X87.217 Y81.392 E89.6681 F800
G1 X87.972 Y81.472 E89.6871 F800
G1 X88.686 Y81.615 E89.7053 F800
G1 X89.352 Y81.816 E89.7227 F800
G1 X89.964 Y82.066 E89.7392 F800
G1 X90.516 Y82.360 E89.7548 F800
G1 X91.004 Y82.689 E89.7696 F800
G1 X91.425 Y83.045 E89.7833 F800
G1 X91.777 Y83.418 E89.7962 F800
G1 X92.059 Y83.801 E89.8080 F800
G1 X92.270 Y84.183 E89.8190 F800
G1 X92.412 Y84.556 E89.8289 F800
G1 X92.486 Y84.911 E89.8380 F800
G1 X92.497 Y85.240 E89.8462 F800
G1 X92.448 Y85.535 E89.8537 F800
G1 X92.345 Y85.788 E89.8605 F800
G1 X92.193 Y85.993 E89.8669 F800
G1 X92.000 Y86.144 E89.8730 F800
G1 X91.773 Y86.236 E89.8792 F800
G1 X91.519 Y86.264 E89.8856 F800
G1 X91.248 Y86.227 E89.8924 F800
G1 X90.969 Y86.122 E89.8999 F800
G1 X90.689 Y85.949 E89.9081 F800
G1 X90.419 Y85.706 E89.9172 F800
G1 X90.167 Y85.397 E89.9271 F800
G1 X89.941 Y85.023 E89.9380 F800
G1 X89.751 Y84.588 E89.9499 F800
G1 X89.604 Y84.097 E89.9627 F800
G1 X89.506 Y83.554 E89.9765 F800
G1 X89.466 Y82.967 E89.9912 F800
G1 X89.487 Y82.342 E90.0069 F800
G1 X89.576 Y81.687 E90.0234 F800
G1 X89.735 Y81.010 E90.0408 F800
G1 X89.968 Y80.320 E90.0590 F800
G1 X90.277 Y79.625 E90.0780 F800
G1 X90.661 Y78.936 E90.0977 F800
G1 X91.121 Y78.261 E90.1181 F800
G1 X91.655 Y77.609 E90.1392 F800
G1 X92.260 Y76.989 E90.1609 F800
G1 X92.932 Y76.408 E90.1831 F800
G1 X93.667 Y75.876 E90.2058 F800
G1 X94.459 Y75.399 E90.2289 F800
G1 X95.302 Y74.984 E90.2524 F800
G1 X96.188 Y74.636 E90.2762 F800
G1 X97.109 Y74.361 E90.3002 F800
G1 X98.058 Y74.161 E90.3244 F800
G1 X99.024 Y74.040 E90.3488 F800
G1 X100.000 Y74.000 E90.3732 F800
G1 X100.976 Y74.040 E90.3976 F800
G1 X101.942 Y74.161 E90.4220 F800
G1 X102.891 Y74.361 E90.4462 F800
G1 X103.812 Y74.636 E90.4702 F800
G1 X104.698 Y74.984 E90.4940 F800
G1 X105.541 Y75.399 E90.5175 F800
G1 X106.333 Y75.876 E90.5406 F800
G1 X107.068 Y76.408 E90.5633 F800
G1 X107.740 Y76.989 E90.5855 F800
G1 X108.345 Y77.609 E90.6072 F800
G1 X108.879 Y78.261 E90.6282 F800
G1 X109.339 Y78.936 E90.6487 F800
G1 X109.723 Y79.625 E90.6684 F800
G1 X110.032 Y80.320 E90.6874 F800
G1 X110.265 Y81.010 E90.7056 F800
G1 X110.424 Y81.687 E90.7230 F800
G1 X110.513 Y82.342 E90.7395 F800
G1 X110.534 Y82.967 E90.7551 F800
G1 X110.494 Y83.554 E90.7699 F800
G1 X110.396 Y84.097 E90.7836 F800
G1 X110.249 Y84.588 E90.7965 F800
G1 X110.059 Y85.023 E90.8083 F800
G1 X109.833 Y85.397 E90.8193 F800
G1 X109.581 Y85.706 E90.8292 F800
G1 X109.311 Y85.949 E90.8383 F800
G1 X109.031 Y86.122 E90.8465 F800
G1 X108.752 Y86.227 E90.8540 F800
G1 X108.481 Y86.264 E90.8608 F800
G1 X108.227 Y86.236 E90.8672 F800
G1 X108.000 Y86.144 E90.8733 F800
G1 X107.807 Y85.993 E90.8795 F800
G1 X107.655 Y85.788 E90.8859 F800
G1 X107.552 Y85.535 E90.8927 F800
G1 X107.503 Y85.240 E90.9002 F800
G1 X107.514 Y84.911 E90.9084 F800
G1 X107.588 Y84.556 E90.9175 F800
G1 X107.730 Y84.183 E90.9274 F800
G1 X107.941 Y83.801 E90.9383 F800
G1 X108.223 Y83.418 E90.9502 F800
G1 X108.575 Y83.045 E90.9630 F800
G1 X108.996 Y82.689 E90.9768 F800
G1 X109.484 Y82.360 E90.9915 F800
G1 X110.036 Y82.066 E91.0072 F800
G1 X110.648 Y81.816 E91.0237 F800
G1 X111.314 Y81.615 E91.0411 F800
G1 X112.028 Y81.472 E91.0593 F800
G1 X112.783 Y81.392 E91.0783 F800
G1 X113.572 Y81.381 E91.0980 F800
G1 X114.387 Y81.441 E91.1184 F800
G1 X115.219 Y81.577 E91.1395 F800
G1 X116.058 Y81.791 E91.1612 F800
G1 X116.897 Y82.083 E91.1834 F800
G1 X117.725 Y82.454 E91.2061 F800
G1 X118.534 Y82.901 E91.2292 F800
G1 X119.315 Y83.423 E91.2527 F800
G1 X120.059 Y84.017 E91.2765 F800
G1 X120.759 Y84.677 E91.3005 F800
G1 X121.406 Y85.398 E91.3247 F800
G1 X121.994 Y86.175 E91.3491 F800
G1 X122.517 Y87.000 E91.3735 F800
G1 X122.970 Y87.865 E91.3979 F800
G1 X123.348 Y88.763 E91.4223 F800
G1 X123.650 Y89.684 E91.4465 F800
G1 X123.872 Y90.620 E91.4705 F800
G1 X124.013 Y91.561 E91.4943 F800
G1 X124.075 Y92.498 E91.5178 F800
G1 X124.058 Y93.422 E91.5409 F800
G1 X123.965 Y94.325 E91.5636 F800
G1 X123.799 Y95.197 E91.5858 F800
G1 X123.564 Y96.032 E91.6075 F800
G1 X123.266 Y96.820 E91.6285 F800
G1 X122.911 Y97.556 E91.6490 F800
G1 X122.506 Y98.233 E91.6687 F800
G1 X122.060 Y98.848 E91.6877 F800
G1 X121.579 Y99.394 E91.7059 F800
G1 X121.072 Y99.871 E91.7233 F800
G1 X120.549 Y100.275 E91.7398 F800
G1 X120.018 Y100.606 E91.7554 F800
G1 X119.489 Y100.865 E91.7702 F800
G1 X118.971 Y101.052 E91.7839 F800
G1 X118.472 Y101.170 E91.7968 F800
G1 X118.000 Y101.223 E91.8086 F800
G1 X117.563 Y101.214 E91.8196 F800
G1 X117.169 Y101.151 E91.8295 F800
G1 X116.824 Y101.038 E91.8386 F800
G1 X116.534 Y100.882 E91.8468 F800
G1 X116.303 Y100.693 E91.8543 F800
G1 X116.136 Y100.477 E91.8611 F800
G1 X116.034 Y100.243 E91.8675 F800
G1 X116.000 Y100.000 E91.8736 F800
G1 E90.3736 F1200   ; Retract

; === FINISH ===
G1 Z33.5 F600      ; Raise nozzle clear
G1 X0 Y0 F1200   ; Move to home position
M84              ; Disable motors

; === END ===
