; Diane Fort V2 Circular Tower — Fill G-code
; Food Printing assignment
;
; Circular tower layers: 20
; Total layers: 20
; Layer height: 2.0mm
; First layer Z: 1.0mm
; Center: (100, 100)
; Tower radius: 26.0mm
; Tower diameter: 52.0mm

; === INITIALIZATION ===
G21              ; Set units to millimeters
G90              ; Absolute positioning
M82              ; Absolute extrusion mode
G28              ; Home all axes


; === TOWER LAYER 1/20 (Z=1.0mm, tower fill) ===
G1 Z2.00 F600   ; Z-hop
G1 X123.000 Y100.000 F1200   ; Travel to tower fill ring 1
G1 Z1.00 F300   ; Lower to layer height
G1 X122.912 Y102.005 E0.1304 F300
G1 X122.651 Y103.994 E0.2608 F300
G1 X122.216 Y105.953 E0.3913 F300
G1 X121.613 Y107.866 E0.5217 F300
G1 X120.845 Y109.720 E0.6521 F300
G1 X119.919 Y111.500 E0.7825 F300
G1 X118.840 Y113.192 E0.9130 F300
G1 X117.619 Y114.784 E1.0434 F300
G1 X116.263 Y116.263 E1.1738 F300
G1 X114.784 Y117.619 E1.3042 F300
G1 X113.192 Y118.840 E1.4346 F300
G1 X111.500 Y119.919 E1.5651 F300
G1 X109.720 Y120.845 E1.6955 F300
G1 X107.866 Y121.613 E1.8259 F300
G1 X105.953 Y122.216 E1.9563 F300
G1 X103.994 Y122.651 E2.0868 F300
G1 X102.005 Y122.912 E2.2172 F300
G1 X100.000 Y123.000 E2.3476 F300
G1 X97.995 Y122.912 E2.4780 F300
G1 X96.006 Y122.651 E2.6084 F300
G1 X94.047 Y122.216 E2.7389 F300
G1 X92.134 Y121.613 E2.8693 F300
G1 X90.280 Y120.845 E2.9997 F300
G1 X88.500 Y119.919 E3.1301 F300
G1 X86.808 Y118.840 E3.2605 F300
G1 X85.216 Y117.619 E3.3910 F300
G1 X83.737 Y116.263 E3.5214 F300
G1 X82.381 Y114.784 E3.6518 F300
G1 X81.160 Y113.192 E3.7822 F300
G1 X80.081 Y111.500 E3.9127 F300
G1 X79.155 Y109.720 E4.0431 F300
G1 X78.387 Y107.866 E4.1735 F300
G1 X77.784 Y105.953 E4.3039 F300
G1 X77.349 Y103.994 E4.4343 F300
G1 X77.088 Y102.005 E4.5648 F300
G1 X77.000 Y100.000 E4.6952 F300
G1 X77.088 Y97.995 E4.8256 F300
G1 X77.349 Y96.006 E4.9560 F300
G1 X77.784 Y94.047 E5.0865 F300
G1 X78.387 Y92.134 E5.2169 F300
G1 X79.155 Y90.280 E5.3473 F300
G1 X80.081 Y88.500 E5.4777 F300
G1 X81.160 Y86.808 E5.6081 F300
G1 X82.381 Y85.216 E5.7386 F300
G1 X83.737 Y83.737 E5.8690 F300
G1 X85.216 Y82.381 E5.9994 F300
G1 X86.808 Y81.160 E6.1298 F300
G1 X88.500 Y80.081 E6.2603 F300
G1 X90.280 Y79.155 E6.3907 F300
G1 X92.134 Y78.387 E6.5211 F300
G1 X94.047 Y77.784 E6.6515 F300
G1 X96.006 Y77.349 E6.7819 F300
G1 X97.995 Y77.088 E6.9124 F300
G1 X100.000 Y77.000 E7.0428 F300
G1 X102.005 Y77.088 E7.1732 F300
G1 X103.994 Y77.349 E7.3036 F300
G1 X105.953 Y77.784 E7.4341 F300
G1 X107.866 Y78.387 E7.5645 F300
G1 X109.720 Y79.155 E7.6949 F300
G1 X111.500 Y80.081 E7.8253 F300
G1 X113.192 Y81.160 E7.9557 F300
G1 X114.784 Y82.381 E8.0862 F300
G1 X116.263 Y83.737 E8.2166 F300
G1 X117.619 Y85.216 E8.3470 F300
G1 X118.840 Y86.808 E8.4774 F300
G1 X119.919 Y88.500 E8.6078 F300
G1 X120.845 Y90.280 E8.7383 F300
G1 X121.613 Y92.134 E8.8687 F300
G1 X122.216 Y94.047 E8.9991 F300
G1 X122.651 Y96.006 E9.1295 F300
G1 X122.912 Y97.995 E9.2600 F300
G1 X123.000 Y100.000 E9.3904 F300
G1 E7.8904 F1200   ; Retract
G1 Z2.00 F600   ; Z-hop
G1 X119.000 Y100.000 F1200   ; Travel to tower fill ring 2
G1 Z1.00 F300   ; Lower to layer height
G1 E9.3904 F1200   ; Prime
G1 X118.928 Y98.344 E9.4981 F300
G1 X118.711 Y96.701 E9.6059 F300
G1 X118.353 Y95.082 E9.7136 F300
G1 X117.854 Y93.502 E9.8213 F300
G1 X117.220 Y91.970 E9.9291 F300
G1 X116.454 Y90.500 E10.0368 F300
G1 X115.564 Y89.102 E10.1446 F300
G1 X114.555 Y87.787 E10.2523 F300
G1 X113.435 Y86.565 E10.3600 F300
G1 X112.213 Y85.445 E10.4678 F300
G1 X110.898 Y84.436 E10.5755 F300
G1 X109.500 Y83.546 E10.6833 F300
G1 X108.030 Y82.780 E10.7910 F300
G1 X106.498 Y82.146 E10.8987 F300
G1 X104.918 Y81.647 E11.0065 F300
G1 X103.299 Y81.289 E11.1142 F300
G1 X101.656 Y81.072 E11.2220 F300
G1 X100.000 Y81.000 E11.3297 F300
G1 X98.344 Y81.072 E11.4374 F300
G1 X96.701 Y81.289 E11.5452 F300
G1 X95.082 Y81.647 E11.6529 F300
G1 X93.502 Y82.146 E11.7607 F300
G1 X91.970 Y82.780 E11.8684 F300
G1 X90.500 Y83.546 E11.9761 F300
G1 X89.102 Y84.436 E12.0839 F300
G1 X87.787 Y85.445 E12.1916 F300
G1 X86.565 Y86.565 E12.2994 F300
G1 X85.445 Y87.787 E12.4071 F300
G1 X84.436 Y89.102 E12.5148 F300
G1 X83.546 Y90.500 E12.6226 F300
G1 X82.780 Y91.970 E12.7303 F300
G1 X82.146 Y93.502 E12.8381 F300
G1 X81.647 Y95.082 E12.9458 F300
G1 X81.289 Y96.701 E13.0535 F300
G1 X81.072 Y98.344 E13.1613 F300
G1 X81.000 Y100.000 E13.2690 F300
G1 X81.072 Y101.656 E13.3768 F300
G1 X81.289 Y103.299 E13.4845 F300
G1 X81.647 Y104.918 E13.5922 F300
G1 X82.146 Y106.498 E13.7000 F300
G1 X82.780 Y108.030 E13.8077 F300
G1 X83.546 Y109.500 E13.9155 F300
G1 X84.436 Y110.898 E14.0232 F300
G1 X85.445 Y112.213 E14.1309 F300
G1 X86.565 Y113.435 E14.2387 F300
G1 X87.787 Y114.555 E14.3464 F300
G1 X89.102 Y115.564 E14.4542 F300
G1 X90.500 Y116.454 E14.5619 F300
G1 X91.970 Y117.220 E14.6696 F300
G1 X93.502 Y117.854 E14.7774 F300
G1 X95.082 Y118.353 E14.8851 F300
G1 X96.701 Y118.711 E14.9929 F300
G1 X98.344 Y118.928 E15.1006 F300
G1 X100.000 Y119.000 E15.2083 F300
G1 X101.656 Y118.928 E15.3161 F300
G1 X103.299 Y118.711 E15.4238 F300
G1 X104.918 Y118.353 E15.5316 F300
G1 X106.498 Y117.854 E15.6393 F300
G1 X108.030 Y117.220 E15.7470 F300
G1 X109.500 Y116.454 E15.8548 F300
G1 X110.898 Y115.564 E15.9625 F300
G1 X112.213 Y114.555 E16.0703 F300
G1 X113.435 Y113.435 E16.1780 F300
G1 X114.555 Y112.213 E16.2857 F300
G1 X115.564 Y110.898 E16.3935 F300
G1 X116.454 Y109.500 E16.5012 F300
G1 X117.220 Y108.030 E16.6090 F300
G1 X117.854 Y106.498 E16.7167 F300
G1 X118.353 Y104.918 E16.8244 F300
G1 X118.711 Y103.299 E16.9322 F300
G1 X118.928 Y101.656 E17.0399 F300
G1 X119.000 Y100.000 E17.1477 F300
G1 E15.6477 F1200   ; Retract
G1 Z2.00 F600   ; Z-hop
G1 X115.000 Y100.000 F1200   ; Travel to tower fill ring 3
G1 Z1.00 F300   ; Lower to layer height
G1 E17.1477 F1200   ; Prime
G1 X114.943 Y101.307 E17.2327 F300
G1 X114.772 Y102.605 E17.3178 F300
G1 X114.489 Y103.882 E17.4028 F300
G1 X114.095 Y105.130 E17.4879 F300
G1 X113.595 Y106.339 E17.5729 F300
G1 X112.990 Y107.500 E17.6580 F300
G1 X112.287 Y108.604 E17.7431 F300
G1 X111.491 Y109.642 E17.8281 F300
G1 X110.607 Y110.607 E17.9132 F300
G1 X109.642 Y111.491 E17.9982 F300
G1 X108.604 Y112.287 E18.0833 F300
G1 X107.500 Y112.990 E18.1683 F300
G1 X106.339 Y113.595 E18.2534 F300
G1 X105.130 Y114.095 E18.3385 F300
G1 X103.882 Y114.489 E18.4235 F300
G1 X102.605 Y114.772 E18.5086 F300
G1 X101.307 Y114.943 E18.5936 F300
G1 X100.000 Y115.000 E18.6787 F300
G1 X98.693 Y114.943 E18.7638 F300
G1 X97.395 Y114.772 E18.8488 F300
G1 X96.118 Y114.489 E18.9339 F300
G1 X94.870 Y114.095 E19.0189 F300
G1 X93.661 Y113.595 E19.1040 F300
G1 X92.500 Y112.990 E19.1890 F300
G1 X91.396 Y112.287 E19.2741 F300
G1 X90.358 Y111.491 E19.3592 F300
G1 X89.393 Y110.607 E19.4442 F300
G1 X88.509 Y109.642 E19.5293 F300
G1 X87.713 Y108.604 E19.6143 F300
G1 X87.010 Y107.500 E19.6994 F300
G1 X86.405 Y106.339 E19.7844 F300
G1 X85.905 Y105.130 E19.8695 F300
G1 X85.511 Y103.882 E19.9546 F300
G1 X85.228 Y102.605 E20.0396 F300
G1 X85.057 Y101.307 E20.1247 F300
G1 X85.000 Y100.000 E20.2097 F300
G1 X85.057 Y98.693 E20.2948 F300
G1 X85.228 Y97.395 E20.3799 F300
G1 X85.511 Y96.118 E20.4649 F300
G1 X85.905 Y94.870 E20.5500 F300
G1 X86.405 Y93.661 E20.6350 F300
G1 X87.010 Y92.500 E20.7201 F300
G1 X87.713 Y91.396 E20.8051 F300
G1 X88.509 Y90.358 E20.8902 F300
G1 X89.393 Y89.393 E20.9753 F300
G1 X90.358 Y88.509 E21.0603 F300
G1 X91.396 Y87.713 E21.1454 F300
G1 X92.500 Y87.010 E21.2304 F300
G1 X93.661 Y86.405 E21.3155 F300
G1 X94.870 Y85.905 E21.4005 F300
G1 X96.118 Y85.511 E21.4856 F300
G1 X97.395 Y85.228 E21.5707 F300
G1 X98.693 Y85.057 E21.6557 F300
G1 X100.000 Y85.000 E21.7408 F300
G1 X101.307 Y85.057 E21.8258 F300
G1 X102.605 Y85.228 E21.9109 F300
G1 X103.882 Y85.511 E21.9959 F300
G1 X105.130 Y85.905 E22.0810 F300
G1 X106.339 Y86.405 E22.1661 F300
G1 X107.500 Y87.010 E22.2511 F300
G1 X108.604 Y87.713 E22.3362 F300
G1 X109.642 Y88.509 E22.4212 F300
G1 X110.607 Y89.393 E22.5063 F300
G1 X111.491 Y90.358 E22.5914 F300
G1 X112.287 Y91.396 E22.6764 F300
G1 X112.990 Y92.500 E22.7615 F300
G1 X113.595 Y93.661 E22.8465 F300
G1 X114.095 Y94.870 E22.9316 F300
G1 X114.489 Y96.118 E23.0166 F300
G1 X114.772 Y97.395 E23.1017 F300
G1 X114.943 Y98.693 E23.1868 F300
G1 X115.000 Y100.000 E23.2718 F300
G1 E21.7718 F1200   ; Retract
G1 Z2.00 F600   ; Z-hop
G1 X111.000 Y100.000 F1200   ; Travel to tower fill ring 4
G1 Z1.00 F300   ; Lower to layer height
G1 E23.2718 F1200   ; Prime
G1 X110.958 Y99.041 E23.3342 F300
G1 X110.833 Y98.090 E23.3966 F300
G1 X110.625 Y97.153 E23.4589 F300
G1 X110.337 Y96.238 E23.5213 F300
G1 X109.969 Y95.351 E23.5837 F300
G1 X109.526 Y94.500 E23.6461 F300
G1 X109.011 Y93.691 E23.7084 F300
G1 X108.426 Y92.929 E23.7708 F300
G1 X107.778 Y92.222 E23.8332 F300
G1 X107.071 Y91.574 E23.8956 F300
G1 X106.309 Y90.989 E23.9579 F300
G1 X105.500 Y90.474 E24.0203 F300
G1 X104.649 Y90.031 E24.0827 F300
G1 X103.762 Y89.663 E24.1451 F300
G1 X102.847 Y89.375 E24.2075 F300
G1 X101.910 Y89.167 E24.2698 F300
G1 X100.959 Y89.042 E24.3322 F300
G1 X100.000 Y89.000 E24.3946 F300
G1 X99.041 Y89.042 E24.4570 F300
G1 X98.090 Y89.167 E24.5193 F300
G1 X97.153 Y89.375 E24.5817 F300
G1 X96.238 Y89.663 E24.6441 F300
G1 X95.351 Y90.031 E24.7065 F300
G1 X94.500 Y90.474 E24.7688 F300
G1 X93.691 Y90.989 E24.8312 F300
G1 X92.929 Y91.574 E24.8936 F300
G1 X92.222 Y92.222 E24.9560 F300
G1 X91.574 Y92.929 E25.0183 F300
G1 X90.989 Y93.691 E25.0807 F300
G1 X90.474 Y94.500 E25.1431 F300
G1 X90.031 Y95.351 E25.2055 F300
G1 X89.663 Y96.238 E25.2678 F300
G1 X89.375 Y97.153 E25.3302 F300
G1 X89.167 Y98.090 E25.3926 F300
G1 X89.042 Y99.041 E25.4550 F300
G1 X89.000 Y100.000 E25.5173 F300
G1 X89.042 Y100.959 E25.5797 F300
G1 X89.167 Y101.910 E25.6421 F300
G1 X89.375 Y102.847 E25.7045 F300
G1 X89.663 Y103.762 E25.7668 F300
G1 X90.031 Y104.649 E25.8292 F300
G1 X90.474 Y105.500 E25.8916 F300
G1 X90.989 Y106.309 E25.9540 F300
G1 X91.574 Y107.071 E26.0163 F300
G1 X92.222 Y107.778 E26.0787 F300
G1 X92.929 Y108.426 E26.1411 F300
G1 X93.691 Y109.011 E26.2035 F300
G1 X94.500 Y109.526 E26.2659 F300
G1 X95.351 Y109.969 E26.3282 F300
G1 X96.238 Y110.337 E26.3906 F300
G1 X97.153 Y110.625 E26.4530 F300
G1 X98.090 Y110.833 E26.5154 F300
G1 X99.041 Y110.958 E26.5777 F300
G1 X100.000 Y111.000 E26.6401 F300
G1 X100.959 Y110.958 E26.7025 F300
G1 X101.910 Y110.833 E26.7649 F300
G1 X102.847 Y110.625 E26.8272 F300
G1 X103.762 Y110.337 E26.8896 F300
G1 X104.649 Y109.969 E26.9520 F300
G1 X105.500 Y109.526 E27.0144 F300
G1 X106.309 Y109.011 E27.0767 F300
G1 X107.071 Y108.426 E27.1391 F300
G1 X107.778 Y107.778 E27.2015 F300
G1 X108.426 Y107.071 E27.2639 F300
G1 X109.011 Y106.309 E27.3262 F300
G1 X109.526 Y105.500 E27.3886 F300
G1 X109.969 Y104.649 E27.4510 F300
G1 X110.337 Y103.762 E27.5134 F300
G1 X110.625 Y102.847 E27.5757 F300
G1 X110.833 Y101.910 E27.6381 F300
G1 X110.958 Y100.959 E27.7005 F300
G1 X111.000 Y100.000 E27.7629 F300
G1 E26.2629 F1200   ; Retract
G1 Z2.00 F600   ; Z-hop
G1 X107.000 Y100.000 F1200   ; Travel to tower fill ring 5
G1 Z1.00 F300   ; Lower to layer height
G1 E27.7629 F1200   ; Prime
G1 X106.973 Y100.610 E27.8026 F300
G1 X106.894 Y101.216 E27.8423 F300
G1 X106.761 Y101.812 E27.8819 F300
G1 X106.578 Y102.394 E27.9216 F300
G1 X106.344 Y102.958 E27.9613 F300
G1 X106.062 Y103.500 E28.0010 F300
G1 X105.734 Y104.015 E28.0407 F300
G1 X105.362 Y104.500 E28.0804 F300
G1 X104.950 Y104.950 E28.1201 F300
G1 X104.500 Y105.362 E28.1598 F300
G1 X104.015 Y105.734 E28.1995 F300
G1 X103.500 Y106.062 E28.2392 F300
G1 X102.958 Y106.344 E28.2789 F300
G1 X102.394 Y106.578 E28.3186 F300
G1 X101.812 Y106.761 E28.3583 F300
G1 X101.216 Y106.894 E28.3980 F300
G1 X100.610 Y106.973 E28.4377 F300
G1 X100.000 Y107.000 E28.4774 F300
G1 X99.390 Y106.973 E28.5170 F300
G1 X98.784 Y106.894 E28.5567 F300
G1 X98.188 Y106.761 E28.5964 F300
G1 X97.606 Y106.578 E28.6361 F300
G1 X97.042 Y106.344 E28.6758 F300
G1 X96.500 Y106.062 E28.7155 F300
G1 X95.985 Y105.734 E28.7552 F300
G1 X95.500 Y105.362 E28.7949 F300
G1 X95.050 Y104.950 E28.8346 F300
G1 X94.638 Y104.500 E28.8743 F300
G1 X94.266 Y104.015 E28.9140 F300
G1 X93.938 Y103.500 E28.9537 F300
G1 X93.656 Y102.958 E28.9934 F300
G1 X93.422 Y102.394 E29.0331 F300
G1 X93.239 Y101.812 E29.0728 F300
G1 X93.106 Y101.216 E29.1125 F300
G1 X93.027 Y100.610 E29.1521 F300
G1 X93.000 Y100.000 E29.1918 F300
G1 X93.027 Y99.390 E29.2315 F300
G1 X93.106 Y98.784 E29.2712 F300
G1 X93.239 Y98.188 E29.3109 F300
G1 X93.422 Y97.606 E29.3506 F300
G1 X93.656 Y97.042 E29.3903 F300
G1 X93.938 Y96.500 E29.4300 F300
G1 X94.266 Y95.985 E29.4697 F300
G1 X94.638 Y95.500 E29.5094 F300
G1 X95.050 Y95.050 E29.5491 F300
G1 X95.500 Y94.638 E29.5888 F300
G1 X95.985 Y94.266 E29.6285 F300
G1 X96.500 Y93.938 E29.6682 F300
G1 X97.042 Y93.656 E29.7079 F300
G1 X97.606 Y93.422 E29.7475 F300
G1 X98.188 Y93.239 E29.7872 F300
G1 X98.784 Y93.106 E29.8269 F300
G1 X99.390 Y93.027 E29.8666 F300
G1 X100.000 Y93.000 E29.9063 F300
G1 X100.610 Y93.027 E29.9460 F300
G1 X101.216 Y93.106 E29.9857 F300
G1 X101.812 Y93.239 E30.0254 F300
G1 X102.394 Y93.422 E30.0651 F300
G1 X102.958 Y93.656 E30.1048 F300
G1 X103.500 Y93.938 E30.1445 F300
G1 X104.015 Y94.266 E30.1842 F300
G1 X104.500 Y94.638 E30.2239 F300
G1 X104.950 Y95.050 E30.2636 F300
G1 X105.362 Y95.500 E30.3033 F300
G1 X105.734 Y95.985 E30.3430 F300
G1 X106.062 Y96.500 E30.3826 F300
G1 X106.344 Y97.042 E30.4223 F300
G1 X106.578 Y97.606 E30.4620 F300
G1 X106.761 Y98.188 E30.5017 F300
G1 X106.894 Y98.784 E30.5414 F300
G1 X106.973 Y99.390 E30.5811 F300
G1 X107.000 Y100.000 E30.6208 F300
G1 E29.1208 F1200   ; Retract

; === TOWER LAYER 2/20 (Z=3.0mm, tower fill) ===
G1 Z4.00 F600   ; Z-hop
G1 X123.000 Y100.000 F1200   ; Travel to tower fill ring 1
G1 Z3.00 F300   ; Lower to layer height
G1 E30.6208 F1200   ; Prime
G1 X122.912 Y102.005 E30.7512 F300
G1 X122.651 Y103.994 E30.8817 F300
G1 X122.216 Y105.953 E31.0121 F300
G1 X121.613 Y107.866 E31.1425 F300
G1 X120.845 Y109.720 E31.2729 F300
G1 X119.919 Y111.500 E31.4033 F300
G1 X118.840 Y113.192 E31.5338 F300
G1 X117.619 Y114.784 E31.6642 F300
G1 X116.263 Y116.263 E31.7946 F300
G1 X114.784 Y117.619 E31.9250 F300
G1 X113.192 Y118.840 E32.0555 F300
G1 X111.500 Y119.919 E32.1859 F300
G1 X109.720 Y120.845 E32.3163 F300
G1 X107.866 Y121.613 E32.4467 F300
G1 X105.953 Y122.216 E32.5771 F300
G1 X103.994 Y122.651 E32.7076 F300
G1 X102.005 Y122.912 E32.8380 F300
G1 X100.000 Y123.000 E32.9684 F300
G1 X97.995 Y122.912 E33.0988 F300
G1 X96.006 Y122.651 E33.2292 F300
G1 X94.047 Y122.216 E33.3597 F300
G1 X92.134 Y121.613 E33.4901 F300
G1 X90.280 Y120.845 E33.6205 F300
G1 X88.500 Y119.919 E33.7509 F300
G1 X86.808 Y118.840 E33.8814 F300
G1 X85.216 Y117.619 E34.0118 F300
G1 X83.737 Y116.263 E34.1422 F300
G1 X82.381 Y114.784 E34.2726 F300
G1 X81.160 Y113.192 E34.4030 F300
G1 X80.081 Y111.500 E34.5335 F300
G1 X79.155 Y109.720 E34.6639 F300
G1 X78.387 Y107.866 E34.7943 F300
G1 X77.784 Y105.953 E34.9247 F300
G1 X77.349 Y103.994 E35.0552 F300
G1 X77.088 Y102.005 E35.1856 F300
G1 X77.000 Y100.000 E35.3160 F300
G1 X77.088 Y97.995 E35.4464 F300
G1 X77.349 Y96.006 E35.5768 F300
G1 X77.784 Y94.047 E35.7073 F300
G1 X78.387 Y92.134 E35.8377 F300
G1 X79.155 Y90.280 E35.9681 F300
G1 X80.081 Y88.500 E36.0985 F300
G1 X81.160 Y86.808 E36.2290 F300
G1 X82.381 Y85.216 E36.3594 F300
G1 X83.737 Y83.737 E36.4898 F300
G1 X85.216 Y82.381 E36.6202 F300
G1 X86.808 Y81.160 E36.7506 F300
G1 X88.500 Y80.081 E36.8811 F300
G1 X90.280 Y79.155 E37.0115 F300
G1 X92.134 Y78.387 E37.1419 F300
G1 X94.047 Y77.784 E37.2723 F300
G1 X96.006 Y77.349 E37.4028 F300
G1 X97.995 Y77.088 E37.5332 F300
G1 X100.000 Y77.000 E37.6636 F300
G1 X102.005 Y77.088 E37.7940 F300
G1 X103.994 Y77.349 E37.9244 F300
G1 X105.953 Y77.784 E38.0549 F300
G1 X107.866 Y78.387 E38.1853 F300
G1 X109.720 Y79.155 E38.3157 F300
G1 X111.500 Y80.081 E38.4461 F300
G1 X113.192 Y81.160 E38.5765 F300
G1 X114.784 Y82.381 E38.7070 F300
G1 X116.263 Y83.737 E38.8374 F300
G1 X117.619 Y85.216 E38.9678 F300
G1 X118.840 Y86.808 E39.0982 F300
G1 X119.919 Y88.500 E39.2287 F300
G1 X120.845 Y90.280 E39.3591 F300
G1 X121.613 Y92.134 E39.4895 F300
G1 X122.216 Y94.047 E39.6199 F300
G1 X122.651 Y96.006 E39.7503 F300
G1 X122.912 Y97.995 E39.8808 F300
G1 X123.000 Y100.000 E40.0112 F300
G1 E38.5112 F1200   ; Retract
G1 Z4.00 F600   ; Z-hop
G1 X119.000 Y100.000 F1200   ; Travel to tower fill ring 2
G1 Z3.00 F300   ; Lower to layer height
G1 E40.0112 F1200   ; Prime
G1 X118.928 Y98.344 E40.1189 F300
G1 X118.711 Y96.701 E40.2267 F300
G1 X118.353 Y95.082 E40.3344 F300
G1 X117.854 Y93.502 E40.4422 F300
G1 X117.220 Y91.970 E40.5499 F300
G1 X116.454 Y90.500 E40.6576 F300
G1 X115.564 Y89.102 E40.7654 F300
G1 X114.555 Y87.787 E40.8731 F300
G1 X113.435 Y86.565 E40.9809 F300
G1 X112.213 Y85.445 E41.0886 F300
G1 X110.898 Y84.436 E41.1963 F300
G1 X109.500 Y83.546 E41.3041 F300
G1 X108.030 Y82.780 E41.4118 F300
G1 X106.498 Y82.146 E41.5196 F300
G1 X104.918 Y81.647 E41.6273 F300
G1 X103.299 Y81.289 E41.7350 F300
G1 X101.656 Y81.072 E41.8428 F300
G1 X100.000 Y81.000 E41.9505 F300
G1 X98.344 Y81.072 E42.0582 F300
G1 X96.701 Y81.289 E42.1660 F300
G1 X95.082 Y81.647 E42.2737 F300
G1 X93.502 Y82.146 E42.3815 F300
G1 X91.970 Y82.780 E42.4892 F300
G1 X90.500 Y83.546 E42.5969 F300
G1 X89.102 Y84.436 E42.7047 F300
G1 X87.787 Y85.445 E42.8124 F300
G1 X86.565 Y86.565 E42.9202 F300
G1 X85.445 Y87.787 E43.0279 F300
G1 X84.436 Y89.102 E43.1356 F300
G1 X83.546 Y90.500 E43.2434 F300
G1 X82.780 Y91.970 E43.3511 F300
G1 X82.146 Y93.502 E43.4589 F300
G1 X81.647 Y95.082 E43.5666 F300
G1 X81.289 Y96.701 E43.6743 F300
G1 X81.072 Y98.344 E43.7821 F300
G1 X81.000 Y100.000 E43.8898 F300
G1 X81.072 Y101.656 E43.9976 F300
G1 X81.289 Y103.299 E44.1053 F300
G1 X81.647 Y104.918 E44.2130 F300
G1 X82.146 Y106.498 E44.3208 F300
G1 X82.780 Y108.030 E44.4285 F300
G1 X83.546 Y109.500 E44.5363 F300
G1 X84.436 Y110.898 E44.6440 F300
G1 X85.445 Y112.213 E44.7517 F300
G1 X86.565 Y113.435 E44.8595 F300
G1 X87.787 Y114.555 E44.9672 F300
G1 X89.102 Y115.564 E45.0750 F300
G1 X90.500 Y116.454 E45.1827 F300
G1 X91.970 Y117.220 E45.2904 F300
G1 X93.502 Y117.854 E45.3982 F300
G1 X95.082 Y118.353 E45.5059 F300
G1 X96.701 Y118.711 E45.6137 F300
G1 X98.344 Y118.928 E45.7214 F300
G1 X100.000 Y119.000 E45.8291 F300
G1 X101.656 Y118.928 E45.9369 F300
G1 X103.299 Y118.711 E46.0446 F300
G1 X104.918 Y118.353 E46.1524 F300
G1 X106.498 Y117.854 E46.2601 F300
G1 X108.030 Y117.220 E46.3678 F300
G1 X109.500 Y116.454 E46.4756 F300
G1 X110.898 Y115.564 E46.5833 F300
G1 X112.213 Y114.555 E46.6911 F300
G1 X113.435 Y113.435 E46.7988 F300
G1 X114.555 Y112.213 E46.9065 F300
G1 X115.564 Y110.898 E47.0143 F300
G1 X116.454 Y109.500 E47.1220 F300
G1 X117.220 Y108.030 E47.2298 F300
G1 X117.854 Y106.498 E47.3375 F300
G1 X118.353 Y104.918 E47.4452 F300
G1 X118.711 Y103.299 E47.5530 F300
G1 X118.928 Y101.656 E47.6607 F300
G1 X119.000 Y100.000 E47.7685 F300
G1 E46.2685 F1200   ; Retract
G1 Z4.00 F600   ; Z-hop
G1 X115.000 Y100.000 F1200   ; Travel to tower fill ring 3
G1 Z3.00 F300   ; Lower to layer height
G1 E47.7685 F1200   ; Prime
G1 X114.943 Y101.307 E47.8535 F300
G1 X114.772 Y102.605 E47.9386 F300
G1 X114.489 Y103.882 E48.0236 F300
G1 X114.095 Y105.130 E48.1087 F300
G1 X113.595 Y106.339 E48.1938 F300
G1 X112.990 Y107.500 E48.2788 F300
G1 X112.287 Y108.604 E48.3639 F300
G1 X111.491 Y109.642 E48.4489 F300
G1 X110.607 Y110.607 E48.5340 F300
G1 X109.642 Y111.491 E48.6190 F300
G1 X108.604 Y112.287 E48.7041 F300
G1 X107.500 Y112.990 E48.7892 F300
G1 X106.339 Y113.595 E48.8742 F300
G1 X105.130 Y114.095 E48.9593 F300
G1 X103.882 Y114.489 E49.0443 F300
G1 X102.605 Y114.772 E49.1294 F300
G1 X101.307 Y114.943 E49.2144 F300
G1 X100.000 Y115.000 E49.2995 F300
G1 X98.693 Y114.943 E49.3846 F300
G1 X97.395 Y114.772 E49.4696 F300
G1 X96.118 Y114.489 E49.5547 F300
G1 X94.870 Y114.095 E49.6397 F300
G1 X93.661 Y113.595 E49.7248 F300
G1 X92.500 Y112.990 E49.8099 F300
G1 X91.396 Y112.287 E49.8949 F300
G1 X90.358 Y111.491 E49.9800 F300
G1 X89.393 Y110.607 E50.0650 F300
G1 X88.509 Y109.642 E50.1501 F300
G1 X87.713 Y108.604 E50.2351 F300
G1 X87.010 Y107.500 E50.3202 F300
G1 X86.405 Y106.339 E50.4053 F300
G1 X85.905 Y105.130 E50.4903 F300
G1 X85.511 Y103.882 E50.5754 F300
G1 X85.228 Y102.605 E50.6604 F300
G1 X85.057 Y101.307 E50.7455 F300
G1 X85.000 Y100.000 E50.8305 F300
G1 X85.057 Y98.693 E50.9156 F300
G1 X85.228 Y97.395 E51.0007 F300
G1 X85.511 Y96.118 E51.0857 F300
G1 X85.905 Y94.870 E51.1708 F300
G1 X86.405 Y93.661 E51.2558 F300
G1 X87.010 Y92.500 E51.3409 F300
G1 X87.713 Y91.396 E51.4259 F300
G1 X88.509 Y90.358 E51.5110 F300
G1 X89.393 Y89.393 E51.5961 F300
G1 X90.358 Y88.509 E51.6811 F300
G1 X91.396 Y87.713 E51.7662 F300
G1 X92.500 Y87.010 E51.8512 F300
G1 X93.661 Y86.405 E51.9363 F300
G1 X94.870 Y85.905 E52.0214 F300
G1 X96.118 Y85.511 E52.1064 F300
G1 X97.395 Y85.228 E52.1915 F300
G1 X98.693 Y85.057 E52.2765 F300
G1 X100.000 Y85.000 E52.3616 F300
G1 X101.307 Y85.057 E52.4466 F300
G1 X102.605 Y85.228 E52.5317 F300
G1 X103.882 Y85.511 E52.6168 F300
G1 X105.130 Y85.905 E52.7018 F300
G1 X106.339 Y86.405 E52.7869 F300
G1 X107.500 Y87.010 E52.8719 F300
G1 X108.604 Y87.713 E52.9570 F300
G1 X109.642 Y88.509 E53.0420 F300
G1 X110.607 Y89.393 E53.1271 F300
G1 X111.491 Y90.358 E53.2122 F300
G1 X112.287 Y91.396 E53.2972 F300
G1 X112.990 Y92.500 E53.3823 F300
G1 X113.595 Y93.661 E53.4673 F300
G1 X114.095 Y94.870 E53.5524 F300
G1 X114.489 Y96.118 E53.6375 F300
G1 X114.772 Y97.395 E53.7225 F300
G1 X114.943 Y98.693 E53.8076 F300
G1 X115.000 Y100.000 E53.8926 F300
G1 E52.3926 F1200   ; Retract
G1 Z4.00 F600   ; Z-hop
G1 X111.000 Y100.000 F1200   ; Travel to tower fill ring 4
G1 Z3.00 F300   ; Lower to layer height
G1 E53.8926 F1200   ; Prime
G1 X110.958 Y99.041 E53.9550 F300
G1 X110.833 Y98.090 E54.0174 F300
G1 X110.625 Y97.153 E54.0798 F300
G1 X110.337 Y96.238 E54.1421 F300
G1 X109.969 Y95.351 E54.2045 F300
G1 X109.526 Y94.500 E54.2669 F300
G1 X109.011 Y93.691 E54.3293 F300
G1 X108.426 Y92.929 E54.3916 F300
G1 X107.778 Y92.222 E54.4540 F300
G1 X107.071 Y91.574 E54.5164 F300
G1 X106.309 Y90.989 E54.5788 F300
G1 X105.500 Y90.474 E54.6411 F300
G1 X104.649 Y90.031 E54.7035 F300
G1 X103.762 Y89.663 E54.7659 F300
G1 X102.847 Y89.375 E54.8283 F300
G1 X101.910 Y89.167 E54.8906 F300
G1 X100.959 Y89.042 E54.9530 F300
G1 X100.000 Y89.000 E55.0154 F300
G1 X99.041 Y89.042 E55.0778 F300
G1 X98.090 Y89.167 E55.1401 F300
G1 X97.153 Y89.375 E55.2025 F300
G1 X96.238 Y89.663 E55.2649 F300
G1 X95.351 Y90.031 E55.3273 F300
G1 X94.500 Y90.474 E55.3896 F300
G1 X93.691 Y90.989 E55.4520 F300
G1 X92.929 Y91.574 E55.5144 F300
G1 X92.222 Y92.222 E55.5768 F300
G1 X91.574 Y92.929 E55.6391 F300
G1 X90.989 Y93.691 E55.7015 F300
G1 X90.474 Y94.500 E55.7639 F300
G1 X90.031 Y95.351 E55.8263 F300
G1 X89.663 Y96.238 E55.8886 F300
G1 X89.375 Y97.153 E55.9510 F300
G1 X89.167 Y98.090 E56.0134 F300
G1 X89.042 Y99.041 E56.0758 F300
G1 X89.000 Y100.000 E56.1382 F300
G1 X89.042 Y100.959 E56.2005 F300
G1 X89.167 Y101.910 E56.2629 F300
G1 X89.375 Y102.847 E56.3253 F300
G1 X89.663 Y103.762 E56.3877 F300
G1 X90.031 Y104.649 E56.4500 F300
G1 X90.474 Y105.500 E56.5124 F300
G1 X90.989 Y106.309 E56.5748 F300
G1 X91.574 Y107.071 E56.6372 F300
G1 X92.222 Y107.778 E56.6995 F300
G1 X92.929 Y108.426 E56.7619 F300
G1 X93.691 Y109.011 E56.8243 F300
G1 X94.500 Y109.526 E56.8867 F300
G1 X95.351 Y109.969 E56.9490 F300
G1 X96.238 Y110.337 E57.0114 F300
G1 X97.153 Y110.625 E57.0738 F300
G1 X98.090 Y110.833 E57.1362 F300
G1 X99.041 Y110.958 E57.1985 F300
G1 X100.000 Y111.000 E57.2609 F300
G1 X100.959 Y110.958 E57.3233 F300
G1 X101.910 Y110.833 E57.3857 F300
G1 X102.847 Y110.625 E57.4480 F300
G1 X103.762 Y110.337 E57.5104 F300
G1 X104.649 Y109.969 E57.5728 F300
G1 X105.500 Y109.526 E57.6352 F300
G1 X106.309 Y109.011 E57.6975 F300
G1 X107.071 Y108.426 E57.7599 F300
G1 X107.778 Y107.778 E57.8223 F300
G1 X108.426 Y107.071 E57.8847 F300
G1 X109.011 Y106.309 E57.9470 F300
G1 X109.526 Y105.500 E58.0094 F300
G1 X109.969 Y104.649 E58.0718 F300
G1 X110.337 Y103.762 E58.1342 F300
G1 X110.625 Y102.847 E58.1966 F300
G1 X110.833 Y101.910 E58.2589 F300
G1 X110.958 Y100.959 E58.3213 F300
G1 X111.000 Y100.000 E58.3837 F300
G1 E56.8837 F1200   ; Retract
G1 Z4.00 F600   ; Z-hop
G1 X107.000 Y100.000 F1200   ; Travel to tower fill ring 5
G1 Z3.00 F300   ; Lower to layer height
G1 E58.3837 F1200   ; Prime
G1 X106.973 Y100.610 E58.4234 F300
G1 X106.894 Y101.216 E58.4631 F300
G1 X106.761 Y101.812 E58.5028 F300
G1 X106.578 Y102.394 E58.5425 F300
G1 X106.344 Y102.958 E58.5821 F300
G1 X106.062 Y103.500 E58.6218 F300
G1 X105.734 Y104.015 E58.6615 F300
G1 X105.362 Y104.500 E58.7012 F300
G1 X104.950 Y104.950 E58.7409 F300
G1 X104.500 Y105.362 E58.7806 F300
G1 X104.015 Y105.734 E58.8203 F300
G1 X103.500 Y106.062 E58.8600 F300
G1 X102.958 Y106.344 E58.8997 F300
G1 X102.394 Y106.578 E58.9394 F300
G1 X101.812 Y106.761 E58.9791 F300
G1 X101.216 Y106.894 E59.0188 F300
G1 X100.610 Y106.973 E59.0585 F300
G1 X100.000 Y107.000 E59.0982 F300
G1 X99.390 Y106.973 E59.1379 F300
G1 X98.784 Y106.894 E59.1776 F300
G1 X98.188 Y106.761 E59.2172 F300
G1 X97.606 Y106.578 E59.2569 F300
G1 X97.042 Y106.344 E59.2966 F300
G1 X96.500 Y106.062 E59.3363 F300
G1 X95.985 Y105.734 E59.3760 F300
G1 X95.500 Y105.362 E59.4157 F300
G1 X95.050 Y104.950 E59.4554 F300
G1 X94.638 Y104.500 E59.4951 F300
G1 X94.266 Y104.015 E59.5348 F300
G1 X93.938 Y103.500 E59.5745 F300
G1 X93.656 Y102.958 E59.6142 F300
G1 X93.422 Y102.394 E59.6539 F300
G1 X93.239 Y101.812 E59.6936 F300
G1 X93.106 Y101.216 E59.7333 F300
G1 X93.027 Y100.610 E59.7730 F300
G1 X93.000 Y100.000 E59.8126 F300
G1 X93.027 Y99.390 E59.8523 F300
G1 X93.106 Y98.784 E59.8920 F300
G1 X93.239 Y98.188 E59.9317 F300
G1 X93.422 Y97.606 E59.9714 F300
G1 X93.656 Y97.042 E60.0111 F300
G1 X93.938 Y96.500 E60.0508 F300
G1 X94.266 Y95.985 E60.0905 F300
G1 X94.638 Y95.500 E60.1302 F300
G1 X95.050 Y95.050 E60.1699 F300
G1 X95.500 Y94.638 E60.2096 F300
G1 X95.985 Y94.266 E60.2493 F300
G1 X96.500 Y93.938 E60.2890 F300
G1 X97.042 Y93.656 E60.3287 F300
G1 X97.606 Y93.422 E60.3684 F300
G1 X98.188 Y93.239 E60.4081 F300
G1 X98.784 Y93.106 E60.4477 F300
G1 X99.390 Y93.027 E60.4874 F300
G1 X100.000 Y93.000 E60.5271 F300
G1 X100.610 Y93.027 E60.5668 F300
G1 X101.216 Y93.106 E60.6065 F300
G1 X101.812 Y93.239 E60.6462 F300
G1 X102.394 Y93.422 E60.6859 F300
G1 X102.958 Y93.656 E60.7256 F300
G1 X103.500 Y93.938 E60.7653 F300
G1 X104.015 Y94.266 E60.8050 F300
G1 X104.500 Y94.638 E60.8447 F300
G1 X104.950 Y95.050 E60.8844 F300
G1 X105.362 Y95.500 E60.9241 F300
G1 X105.734 Y95.985 E60.9638 F300
G1 X106.062 Y96.500 E61.0035 F300
G1 X106.344 Y97.042 E61.0432 F300
G1 X106.578 Y97.606 E61.0828 F300
G1 X106.761 Y98.188 E61.1225 F300
G1 X106.894 Y98.784 E61.1622 F300
G1 X106.973 Y99.390 E61.2019 F300
G1 X107.000 Y100.000 E61.2416 F300
G1 E59.7416 F1200   ; Retract

; === TOWER LAYER 3/20 (Z=5.0mm, tower fill) ===
G1 Z6.00 F600   ; Z-hop
G1 X123.000 Y100.000 F1200   ; Travel to tower fill ring 1
G1 Z5.00 F300   ; Lower to layer height
G1 E61.2416 F1200   ; Prime
G1 X122.912 Y102.005 E61.3720 F300
G1 X122.651 Y103.994 E61.5025 F300
G1 X122.216 Y105.953 E61.6329 F300
G1 X121.613 Y107.866 E61.7633 F300
G1 X120.845 Y109.720 E61.8937 F300
G1 X119.919 Y111.500 E62.0242 F300
G1 X118.840 Y113.192 E62.1546 F300
G1 X117.619 Y114.784 E62.2850 F300
G1 X116.263 Y116.263 E62.4154 F300
G1 X114.784 Y117.619 E62.5458 F300
G1 X113.192 Y118.840 E62.6763 F300
G1 X111.500 Y119.919 E62.8067 F300
G1 X109.720 Y120.845 E62.9371 F300
G1 X107.866 Y121.613 E63.0675 F300
G1 X105.953 Y122.216 E63.1979 F300
G1 X103.994 Y122.651 E63.3284 F300
G1 X102.005 Y122.912 E63.4588 F300
G1 X100.000 Y123.000 E63.5892 F300
G1 X97.995 Y122.912 E63.7196 F300
G1 X96.006 Y122.651 E63.8501 F300
G1 X94.047 Y122.216 E63.9805 F300
G1 X92.134 Y121.613 E64.1109 F300
G1 X90.280 Y120.845 E64.2413 F300
G1 X88.500 Y119.919 E64.3717 F300
G1 X86.808 Y118.840 E64.5022 F300
G1 X85.216 Y117.619 E64.6326 F300
G1 X83.737 Y116.263 E64.7630 F300
G1 X82.381 Y114.784 E64.8934 F300
G1 X81.160 Y113.192 E65.0239 F300
G1 X80.081 Y111.500 E65.1543 F300
G1 X79.155 Y109.720 E65.2847 F300
G1 X78.387 Y107.866 E65.4151 F300
G1 X77.784 Y105.953 E65.5455 F300
G1 X77.349 Y103.994 E65.6760 F300
G1 X77.088 Y102.005 E65.8064 F300
G1 X77.000 Y100.000 E65.9368 F300
G1 X77.088 Y97.995 E66.0672 F300
G1 X77.349 Y96.006 E66.1977 F300
G1 X77.784 Y94.047 E66.3281 F300
G1 X78.387 Y92.134 E66.4585 F300
G1 X79.155 Y90.280 E66.5889 F300
G1 X80.081 Y88.500 E66.7193 F300
G1 X81.160 Y86.808 E66.8498 F300
G1 X82.381 Y85.216 E66.9802 F300
G1 X83.737 Y83.737 E67.1106 F300
G1 X85.216 Y82.381 E67.2410 F300
G1 X86.808 Y81.160 E67.3715 F300
G1 X88.500 Y80.081 E67.5019 F300
G1 X90.280 Y79.155 E67.6323 F300
G1 X92.134 Y78.387 E67.7627 F300
G1 X94.047 Y77.784 E67.8931 F300
G1 X96.006 Y77.349 E68.0236 F300
G1 X97.995 Y77.088 E68.1540 F300
G1 X100.000 Y77.000 E68.2844 F300
G1 X102.005 Y77.088 E68.4148 F300
G1 X103.994 Y77.349 E68.5453 F300
G1 X105.953 Y77.784 E68.6757 F300
G1 X107.866 Y78.387 E68.8061 F300
G1 X109.720 Y79.155 E68.9365 F300
G1 X111.500 Y80.081 E69.0669 F300
G1 X113.192 Y81.160 E69.1974 F300
G1 X114.784 Y82.381 E69.3278 F300
G1 X116.263 Y83.737 E69.4582 F300
G1 X117.619 Y85.216 E69.5886 F300
G1 X118.840 Y86.808 E69.7190 F300
G1 X119.919 Y88.500 E69.8495 F300
G1 X120.845 Y90.280 E69.9799 F300
G1 X121.613 Y92.134 E70.1103 F300
G1 X122.216 Y94.047 E70.2407 F300
G1 X122.651 Y96.006 E70.3712 F300
G1 X122.912 Y97.995 E70.5016 F300
G1 X123.000 Y100.000 E70.6320 F300
G1 E69.1320 F1200   ; Retract
G1 Z6.00 F600   ; Z-hop
G1 X119.000 Y100.000 F1200   ; Travel to tower fill ring 2
G1 Z5.00 F300   ; Lower to layer height
G1 E70.6320 F1200   ; Prime
G1 X118.928 Y98.344 E70.7397 F300
G1 X118.711 Y96.701 E70.8475 F300
G1 X118.353 Y95.082 E70.9552 F300
G1 X117.854 Y93.502 E71.0630 F300
G1 X117.220 Y91.970 E71.1707 F300
G1 X116.454 Y90.500 E71.2784 F300
G1 X115.564 Y89.102 E71.3862 F300
G1 X114.555 Y87.787 E71.4939 F300
G1 X113.435 Y86.565 E71.6017 F300
G1 X112.213 Y85.445 E71.7094 F300
G1 X110.898 Y84.436 E71.8171 F300
G1 X109.500 Y83.546 E71.9249 F300
G1 X108.030 Y82.780 E72.0326 F300
G1 X106.498 Y82.146 E72.1404 F300
G1 X104.918 Y81.647 E72.2481 F300
G1 X103.299 Y81.289 E72.3558 F300
G1 X101.656 Y81.072 E72.4636 F300
G1 X100.000 Y81.000 E72.5713 F300
G1 X98.344 Y81.072 E72.6791 F300
G1 X96.701 Y81.289 E72.7868 F300
G1 X95.082 Y81.647 E72.8945 F300
G1 X93.502 Y82.146 E73.0023 F300
G1 X91.970 Y82.780 E73.1100 F300
G1 X90.500 Y83.546 E73.2178 F300
G1 X89.102 Y84.436 E73.3255 F300
G1 X87.787 Y85.445 E73.4332 F300
G1 X86.565 Y86.565 E73.5410 F300
G1 X85.445 Y87.787 E73.6487 F300
G1 X84.436 Y89.102 E73.7565 F300
G1 X83.546 Y90.500 E73.8642 F300
G1 X82.780 Y91.970 E73.9719 F300
G1 X82.146 Y93.502 E74.0797 F300
G1 X81.647 Y95.082 E74.1874 F300
G1 X81.289 Y96.701 E74.2952 F300
G1 X81.072 Y98.344 E74.4029 F300
G1 X81.000 Y100.000 E74.5106 F300
G1 X81.072 Y101.656 E74.6184 F300
G1 X81.289 Y103.299 E74.7261 F300
G1 X81.647 Y104.918 E74.8339 F300
G1 X82.146 Y106.498 E74.9416 F300
G1 X82.780 Y108.030 E75.0493 F300
G1 X83.546 Y109.500 E75.1571 F300
G1 X84.436 Y110.898 E75.2648 F300
G1 X85.445 Y112.213 E75.3726 F300
G1 X86.565 Y113.435 E75.4803 F300
G1 X87.787 Y114.555 E75.5880 F300
G1 X89.102 Y115.564 E75.6958 F300
G1 X90.500 Y116.454 E75.8035 F300
G1 X91.970 Y117.220 E75.9113 F300
G1 X93.502 Y117.854 E76.0190 F300
G1 X95.082 Y118.353 E76.1267 F300
G1 X96.701 Y118.711 E76.2345 F300
G1 X98.344 Y118.928 E76.3422 F300
G1 X100.000 Y119.000 E76.4500 F300
G1 X101.656 Y118.928 E76.5577 F300
G1 X103.299 Y118.711 E76.6654 F300
G1 X104.918 Y118.353 E76.7732 F300
G1 X106.498 Y117.854 E76.8809 F300
G1 X108.030 Y117.220 E76.9887 F300
G1 X109.500 Y116.454 E77.0964 F300
G1 X110.898 Y115.564 E77.2041 F300
G1 X112.213 Y114.555 E77.3119 F300
G1 X113.435 Y113.435 E77.4196 F300
G1 X114.555 Y112.213 E77.5274 F300
G1 X115.564 Y110.898 E77.6351 F300
G1 X116.454 Y109.500 E77.7428 F300
G1 X117.220 Y108.030 E77.8506 F300
G1 X117.854 Y106.498 E77.9583 F300
G1 X118.353 Y104.918 E78.0661 F300
G1 X118.711 Y103.299 E78.1738 F300
G1 X118.928 Y101.656 E78.2815 F300
G1 X119.000 Y100.000 E78.3893 F300
G1 E76.8893 F1200   ; Retract
G1 Z6.00 F600   ; Z-hop
G1 X115.000 Y100.000 F1200   ; Travel to tower fill ring 3
G1 Z5.00 F300   ; Lower to layer height
G1 E78.3893 F1200   ; Prime
G1 X114.943 Y101.307 E78.4743 F300
G1 X114.772 Y102.605 E78.5594 F300
G1 X114.489 Y103.882 E78.6444 F300
G1 X114.095 Y105.130 E78.7295 F300
G1 X113.595 Y106.339 E78.8146 F300
G1 X112.990 Y107.500 E78.8996 F300
G1 X112.287 Y108.604 E78.9847 F300
G1 X111.491 Y109.642 E79.0697 F300
G1 X110.607 Y110.607 E79.1548 F300
G1 X109.642 Y111.491 E79.2399 F300
G1 X108.604 Y112.287 E79.3249 F300
G1 X107.500 Y112.990 E79.4100 F300
G1 X106.339 Y113.595 E79.4950 F300
G1 X105.130 Y114.095 E79.5801 F300
G1 X103.882 Y114.489 E79.6651 F300
G1 X102.605 Y114.772 E79.7502 F300
G1 X101.307 Y114.943 E79.8353 F300
G1 X100.000 Y115.000 E79.9203 F300
G1 X98.693 Y114.943 E80.0054 F300
G1 X97.395 Y114.772 E80.0904 F300
G1 X96.118 Y114.489 E80.1755 F300
G1 X94.870 Y114.095 E80.2605 F300
G1 X93.661 Y113.595 E80.3456 F300
G1 X92.500 Y112.990 E80.4307 F300
G1 X91.396 Y112.287 E80.5157 F300
G1 X90.358 Y111.491 E80.6008 F300
G1 X89.393 Y110.607 E80.6858 F300
G1 X88.509 Y109.642 E80.7709 F300
G1 X87.713 Y108.604 E80.8559 F300
G1 X87.010 Y107.500 E80.9410 F300
G1 X86.405 Y106.339 E81.0261 F300
G1 X85.905 Y105.130 E81.1111 F300
G1 X85.511 Y103.882 E81.1962 F300
G1 X85.228 Y102.605 E81.2812 F300
G1 X85.057 Y101.307 E81.3663 F300
G1 X85.000 Y100.000 E81.4514 F300
G1 X85.057 Y98.693 E81.5364 F300
G1 X85.228 Y97.395 E81.6215 F300
G1 X85.511 Y96.118 E81.7065 F300
G1 X85.905 Y94.870 E81.7916 F300
G1 X86.405 Y93.661 E81.8766 F300
G1 X87.010 Y92.500 E81.9617 F300
G1 X87.713 Y91.396 E82.0468 F300
G1 X88.509 Y90.358 E82.1318 F300
G1 X89.393 Y89.393 E82.2169 F300
G1 X90.358 Y88.509 E82.3019 F300
G1 X91.396 Y87.713 E82.3870 F300
G1 X92.500 Y87.010 E82.4720 F300
G1 X93.661 Y86.405 E82.5571 F300
G1 X94.870 Y85.905 E82.6422 F300
G1 X96.118 Y85.511 E82.7272 F300
G1 X97.395 Y85.228 E82.8123 F300
G1 X98.693 Y85.057 E82.8973 F300
G1 X100.000 Y85.000 E82.9824 F300
G1 X101.307 Y85.057 E83.0675 F300
G1 X102.605 Y85.228 E83.1525 F300
G1 X103.882 Y85.511 E83.2376 F300
G1 X105.130 Y85.905 E83.3226 F300
G1 X106.339 Y86.405 E83.4077 F300
G1 X107.500 Y87.010 E83.4927 F300
G1 X108.604 Y87.713 E83.5778 F300
G1 X109.642 Y88.509 E83.6629 F300
G1 X110.607 Y89.393 E83.7479 F300
G1 X111.491 Y90.358 E83.8330 F300
G1 X112.287 Y91.396 E83.9180 F300
G1 X112.990 Y92.500 E84.0031 F300
G1 X113.595 Y93.661 E84.0881 F300
G1 X114.095 Y94.870 E84.1732 F300
G1 X114.489 Y96.118 E84.2583 F300
G1 X114.772 Y97.395 E84.3433 F300
G1 X114.943 Y98.693 E84.4284 F300
G1 X115.000 Y100.000 E84.5134 F300
G1 E83.0134 F1200   ; Retract
G1 Z6.00 F600   ; Z-hop
G1 X111.000 Y100.000 F1200   ; Travel to tower fill ring 4
G1 Z5.00 F300   ; Lower to layer height
G1 E84.5134 F1200   ; Prime
G1 X110.958 Y99.041 E84.5758 F300
G1 X110.833 Y98.090 E84.6382 F300
G1 X110.625 Y97.153 E84.7006 F300
G1 X110.337 Y96.238 E84.7629 F300
G1 X109.969 Y95.351 E84.8253 F300
G1 X109.526 Y94.500 E84.8877 F300
G1 X109.011 Y93.691 E84.9501 F300
G1 X108.426 Y92.929 E85.0124 F300
G1 X107.778 Y92.222 E85.0748 F300
G1 X107.071 Y91.574 E85.1372 F300
G1 X106.309 Y90.989 E85.1996 F300
G1 X105.500 Y90.474 E85.2619 F300
G1 X104.649 Y90.031 E85.3243 F300
G1 X103.762 Y89.663 E85.3867 F300
G1 X102.847 Y89.375 E85.4491 F300
G1 X101.910 Y89.167 E85.5114 F300
G1 X100.959 Y89.042 E85.5738 F300
G1 X100.000 Y89.000 E85.6362 F300
G1 X99.041 Y89.042 E85.6986 F300
G1 X98.090 Y89.167 E85.7609 F300
G1 X97.153 Y89.375 E85.8233 F300
G1 X96.238 Y89.663 E85.8857 F300
G1 X95.351 Y90.031 E85.9481 F300
G1 X94.500 Y90.474 E86.0105 F300
G1 X93.691 Y90.989 E86.0728 F300
G1 X92.929 Y91.574 E86.1352 F300
G1 X92.222 Y92.222 E86.1976 F300
G1 X91.574 Y92.929 E86.2600 F300
G1 X90.989 Y93.691 E86.3223 F300
G1 X90.474 Y94.500 E86.3847 F300
G1 X90.031 Y95.351 E86.4471 F300
G1 X89.663 Y96.238 E86.5095 F300
G1 X89.375 Y97.153 E86.5718 F300
G1 X89.167 Y98.090 E86.6342 F300
G1 X89.042 Y99.041 E86.6966 F300
G1 X89.000 Y100.000 E86.7590 F300
G1 X89.042 Y100.959 E86.8213 F300
G1 X89.167 Y101.910 E86.8837 F300
G1 X89.375 Y102.847 E86.9461 F300
G1 X89.663 Y103.762 E87.0085 F300
G1 X90.031 Y104.649 E87.0708 F300
G1 X90.474 Y105.500 E87.1332 F300
G1 X90.989 Y106.309 E87.1956 F300
G1 X91.574 Y107.071 E87.2580 F300
G1 X92.222 Y107.778 E87.3203 F300
G1 X92.929 Y108.426 E87.3827 F300
G1 X93.691 Y109.011 E87.4451 F300
G1 X94.500 Y109.526 E87.5075 F300
G1 X95.351 Y109.969 E87.5698 F300
G1 X96.238 Y110.337 E87.6322 F300
G1 X97.153 Y110.625 E87.6946 F300
G1 X98.090 Y110.833 E87.7570 F300
G1 X99.041 Y110.958 E87.8193 F300
G1 X100.000 Y111.000 E87.8817 F300
G1 X100.959 Y110.958 E87.9441 F300
G1 X101.910 Y110.833 E88.0065 F300
G1 X102.847 Y110.625 E88.0689 F300
G1 X103.762 Y110.337 E88.1312 F300
G1 X104.649 Y109.969 E88.1936 F300
G1 X105.500 Y109.526 E88.2560 F300
G1 X106.309 Y109.011 E88.3184 F300
G1 X107.071 Y108.426 E88.3807 F300
G1 X107.778 Y107.778 E88.4431 F300
G1 X108.426 Y107.071 E88.5055 F300
G1 X109.011 Y106.309 E88.5679 F300
G1 X109.526 Y105.500 E88.6302 F300
G1 X109.969 Y104.649 E88.6926 F300
G1 X110.337 Y103.762 E88.7550 F300
G1 X110.625 Y102.847 E88.8174 F300
G1 X110.833 Y101.910 E88.8797 F300
G1 X110.958 Y100.959 E88.9421 F300
G1 X111.000 Y100.000 E89.0045 F300
G1 E87.5045 F1200   ; Retract
G1 Z6.00 F600   ; Z-hop
G1 X107.000 Y100.000 F1200   ; Travel to tower fill ring 5
G1 Z5.00 F300   ; Lower to layer height
G1 E89.0045 F1200   ; Prime
G1 X106.973 Y100.610 E89.0442 F300
G1 X106.894 Y101.216 E89.0839 F300
G1 X106.761 Y101.812 E89.1236 F300
G1 X106.578 Y102.394 E89.1633 F300
G1 X106.344 Y102.958 E89.2030 F300
G1 X106.062 Y103.500 E89.2426 F300
G1 X105.734 Y104.015 E89.2823 F300
G1 X105.362 Y104.500 E89.3220 F300
G1 X104.950 Y104.950 E89.3617 F300
G1 X104.500 Y105.362 E89.4014 F300
G1 X104.015 Y105.734 E89.4411 F300
G1 X103.500 Y106.062 E89.4808 F300
G1 X102.958 Y106.344 E89.5205 F300
G1 X102.394 Y106.578 E89.5602 F300
G1 X101.812 Y106.761 E89.5999 F300
G1 X101.216 Y106.894 E89.6396 F300
G1 X100.610 Y106.973 E89.6793 F300
G1 X100.000 Y107.000 E89.7190 F300
G1 X99.390 Y106.973 E89.7587 F300
G1 X98.784 Y106.894 E89.7984 F300
G1 X98.188 Y106.761 E89.8381 F300
G1 X97.606 Y106.578 E89.8777 F300
G1 X97.042 Y106.344 E89.9174 F300
G1 X96.500 Y106.062 E89.9571 F300
G1 X95.985 Y105.734 E89.9968 F300
G1 X95.500 Y105.362 E90.0365 F300
G1 X95.050 Y104.950 E90.0762 F300
G1 X94.638 Y104.500 E90.1159 F300
G1 X94.266 Y104.015 E90.1556 F300
G1 X93.938 Y103.500 E90.1953 F300
G1 X93.656 Y102.958 E90.2350 F300
G1 X93.422 Y102.394 E90.2747 F300
G1 X93.239 Y101.812 E90.3144 F300
G1 X93.106 Y101.216 E90.3541 F300
G1 X93.027 Y100.610 E90.3938 F300
G1 X93.000 Y100.000 E90.4335 F300
G1 X93.027 Y99.390 E90.4732 F300
G1 X93.106 Y98.784 E90.5128 F300
G1 X93.239 Y98.188 E90.5525 F300
G1 X93.422 Y97.606 E90.5922 F300
G1 X93.656 Y97.042 E90.6319 F300
G1 X93.938 Y96.500 E90.6716 F300
G1 X94.266 Y95.985 E90.7113 F300
G1 X94.638 Y95.500 E90.7510 F300
G1 X95.050 Y95.050 E90.7907 F300
G1 X95.500 Y94.638 E90.8304 F300
G1 X95.985 Y94.266 E90.8701 F300
G1 X96.500 Y93.938 E90.9098 F300
G1 X97.042 Y93.656 E90.9495 F300
G1 X97.606 Y93.422 E90.9892 F300
G1 X98.188 Y93.239 E91.0289 F300
G1 X98.784 Y93.106 E91.0686 F300
G1 X99.390 Y93.027 E91.1083 F300
G1 X100.000 Y93.000 E91.1479 F300
G1 X100.610 Y93.027 E91.1876 F300
G1 X101.216 Y93.106 E91.2273 F300
G1 X101.812 Y93.239 E91.2670 F300
G1 X102.394 Y93.422 E91.3067 F300
G1 X102.958 Y93.656 E91.3464 F300
G1 X103.500 Y93.938 E91.3861 F300
G1 X104.015 Y94.266 E91.4258 F300
G1 X104.500 Y94.638 E91.4655 F300
G1 X104.950 Y95.050 E91.5052 F300
G1 X105.362 Y95.500 E91.5449 F300
G1 X105.734 Y95.985 E91.5846 F300
G1 X106.062 Y96.500 E91.6243 F300
G1 X106.344 Y97.042 E91.6640 F300
G1 X106.578 Y97.606 E91.7037 F300
G1 X106.761 Y98.188 E91.7433 F300
G1 X106.894 Y98.784 E91.7830 F300
G1 X106.973 Y99.390 E91.8227 F300
G1 X107.000 Y100.000 E91.8624 F300
G1 E90.3624 F1200   ; Retract

; === TOWER LAYER 4/20 (Z=7.0mm, tower fill) ===
G1 Z8.00 F600   ; Z-hop
G1 X123.000 Y100.000 F1200   ; Travel to tower fill ring 1
G1 Z7.00 F300   ; Lower to layer height
G1 E91.8624 F1200   ; Prime
G1 X122.912 Y102.005 E91.9929 F300
G1 X122.651 Y103.994 E92.1233 F300
G1 X122.216 Y105.953 E92.2537 F300
G1 X121.613 Y107.866 E92.3841 F300
G1 X120.845 Y109.720 E92.5145 F300
G1 X119.919 Y111.500 E92.6450 F300
G1 X118.840 Y113.192 E92.7754 F300
G1 X117.619 Y114.784 E92.9058 F300
G1 X116.263 Y116.263 E93.0362 F300
G1 X114.784 Y117.619 E93.1666 F300
G1 X113.192 Y118.840 E93.2971 F300
G1 X111.500 Y119.919 E93.4275 F300
G1 X109.720 Y120.845 E93.5579 F300
G1 X107.866 Y121.613 E93.6883 F300
G1 X105.953 Y122.216 E93.8188 F300
G1 X103.994 Y122.651 E93.9492 F300
G1 X102.005 Y122.912 E94.0796 F300
G1 X100.000 Y123.000 E94.2100 F300
G1 X97.995 Y122.912 E94.3404 F300
G1 X96.006 Y122.651 E94.4709 F300
G1 X94.047 Y122.216 E94.6013 F300
G1 X92.134 Y121.613 E94.7317 F300
G1 X90.280 Y120.845 E94.8621 F300
G1 X88.500 Y119.919 E94.9926 F300
G1 X86.808 Y118.840 E95.1230 F300
G1 X85.216 Y117.619 E95.2534 F300
G1 X83.737 Y116.263 E95.3838 F300
G1 X82.381 Y114.784 E95.5142 F300
G1 X81.160 Y113.192 E95.6447 F300
G1 X80.081 Y111.500 E95.7751 F300
G1 X79.155 Y109.720 E95.9055 F300
G1 X78.387 Y107.866 E96.0359 F300
G1 X77.784 Y105.953 E96.1664 F300
G1 X77.349 Y103.994 E96.2968 F300
G1 X77.088 Y102.005 E96.4272 F300
G1 X77.000 Y100.000 E96.5576 F300
G1 X77.088 Y97.995 E96.6880 F300
G1 X77.349 Y96.006 E96.8185 F300
G1 X77.784 Y94.047 E96.9489 F300
G1 X78.387 Y92.134 E97.0793 F300
G1 X79.155 Y90.280 E97.2097 F300
G1 X80.081 Y88.500 E97.3402 F300
G1 X81.160 Y86.808 E97.4706 F300
G1 X82.381 Y85.216 E97.6010 F300
G1 X83.737 Y83.737 E97.7314 F300
G1 X85.216 Y82.381 E97.8618 F300
G1 X86.808 Y81.160 E97.9923 F300
G1 X88.500 Y80.081 E98.1227 F300
G1 X90.280 Y79.155 E98.2531 F300
G1 X92.134 Y78.387 E98.3835 F300
G1 X94.047 Y77.784 E98.5140 F300
G1 X96.006 Y77.349 E98.6444 F300
G1 X97.995 Y77.088 E98.7748 F300
G1 X100.000 Y77.000 E98.9052 F300
G1 X102.005 Y77.088 E99.0356 F300
G1 X103.994 Y77.349 E99.1661 F300
G1 X105.953 Y77.784 E99.2965 F300
G1 X107.866 Y78.387 E99.4269 F300
G1 X109.720 Y79.155 E99.5573 F300
G1 X111.500 Y80.081 E99.6877 F300
G1 X113.192 Y81.160 E99.8182 F300
G1 X114.784 Y82.381 E99.9486 F300
G1 X116.263 Y83.737 E100.0790 F300
G1 X117.619 Y85.216 E100.2094 F300
G1 X118.840 Y86.808 E100.3399 F300
G1 X119.919 Y88.500 E100.4703 F300
G1 X120.845 Y90.280 E100.6007 F300
G1 X121.613 Y92.134 E100.7311 F300
G1 X122.216 Y94.047 E100.8615 F300
G1 X122.651 Y96.006 E100.9920 F300
G1 X122.912 Y97.995 E101.1224 F300
G1 X123.000 Y100.000 E101.2528 F300
G1 E99.7528 F1200   ; Retract
G1 Z8.00 F600   ; Z-hop
G1 X119.000 Y100.000 F1200   ; Travel to tower fill ring 2
G1 Z7.00 F300   ; Lower to layer height
G1 E101.2528 F1200   ; Prime
G1 X118.928 Y98.344 E101.3606 F300
G1 X118.711 Y96.701 E101.4683 F300
G1 X118.353 Y95.082 E101.5760 F300
G1 X117.854 Y93.502 E101.6838 F300
G1 X117.220 Y91.970 E101.7915 F300
G1 X116.454 Y90.500 E101.8993 F300
G1 X115.564 Y89.102 E102.0070 F300
G1 X114.555 Y87.787 E102.1147 F300
G1 X113.435 Y86.565 E102.2225 F300
G1 X112.213 Y85.445 E102.3302 F300
G1 X110.898 Y84.436 E102.4380 F300
G1 X109.500 Y83.546 E102.5457 F300
G1 X108.030 Y82.780 E102.6534 F300
G1 X106.498 Y82.146 E102.7612 F300
G1 X104.918 Y81.647 E102.8689 F300
G1 X103.299 Y81.289 E102.9766 F300
G1 X101.656 Y81.072 E103.0844 F300
G1 X100.000 Y81.000 E103.1921 F300
G1 X98.344 Y81.072 E103.2999 F300
G1 X96.701 Y81.289 E103.4076 F300
G1 X95.082 Y81.647 E103.5153 F300
G1 X93.502 Y82.146 E103.6231 F300
G1 X91.970 Y82.780 E103.7308 F300
G1 X90.500 Y83.546 E103.8386 F300
G1 X89.102 Y84.436 E103.9463 F300
G1 X87.787 Y85.445 E104.0540 F300
G1 X86.565 Y86.565 E104.1618 F300
G1 X85.445 Y87.787 E104.2695 F300
G1 X84.436 Y89.102 E104.3773 F300
G1 X83.546 Y90.500 E104.4850 F300
G1 X82.780 Y91.970 E104.5927 F300
G1 X82.146 Y93.502 E104.7005 F300
G1 X81.647 Y95.082 E104.8082 F300
G1 X81.289 Y96.701 E104.9160 F300
G1 X81.072 Y98.344 E105.0237 F300
G1 X81.000 Y100.000 E105.1314 F300
G1 X81.072 Y101.656 E105.2392 F300
G1 X81.289 Y103.299 E105.3469 F300
G1 X81.647 Y104.918 E105.4547 F300
G1 X82.146 Y106.498 E105.5624 F300
G1 X82.780 Y108.030 E105.6701 F300
G1 X83.546 Y109.500 E105.7779 F300
G1 X84.436 Y110.898 E105.8856 F300
G1 X85.445 Y112.213 E105.9934 F300
G1 X86.565 Y113.435 E106.1011 F300
G1 X87.787 Y114.555 E106.2088 F300
G1 X89.102 Y115.564 E106.3166 F300
G1 X90.500 Y116.454 E106.4243 F300
G1 X91.970 Y117.220 E106.5321 F300
G1 X93.502 Y117.854 E106.6398 F300
G1 X95.082 Y118.353 E106.7475 F300
G1 X96.701 Y118.711 E106.8553 F300
G1 X98.344 Y118.928 E106.9630 F300
G1 X100.000 Y119.000 E107.0708 F300
G1 X101.656 Y118.928 E107.1785 F300
G1 X103.299 Y118.711 E107.2862 F300
G1 X104.918 Y118.353 E107.3940 F300
G1 X106.498 Y117.854 E107.5017 F300
G1 X108.030 Y117.220 E107.6095 F300
G1 X109.500 Y116.454 E107.7172 F300
G1 X110.898 Y115.564 E107.8249 F300
G1 X112.213 Y114.555 E107.9327 F300
G1 X113.435 Y113.435 E108.0404 F300
G1 X114.555 Y112.213 E108.1482 F300
G1 X115.564 Y110.898 E108.2559 F300
G1 X116.454 Y109.500 E108.3636 F300
G1 X117.220 Y108.030 E108.4714 F300
G1 X117.854 Y106.498 E108.5791 F300
G1 X118.353 Y104.918 E108.6869 F300
G1 X118.711 Y103.299 E108.7946 F300
G1 X118.928 Y101.656 E108.9023 F300
G1 X119.000 Y100.000 E109.0101 F300
G1 E107.5101 F1200   ; Retract
G1 Z8.00 F600   ; Z-hop
G1 X115.000 Y100.000 F1200   ; Travel to tower fill ring 3
G1 Z7.00 F300   ; Lower to layer height
G1 E109.0101 F1200   ; Prime
G1 X114.943 Y101.307 E109.0951 F300
G1 X114.772 Y102.605 E109.1802 F300
G1 X114.489 Y103.882 E109.2653 F300
G1 X114.095 Y105.130 E109.3503 F300
G1 X113.595 Y106.339 E109.4354 F300
G1 X112.990 Y107.500 E109.5204 F300
G1 X112.287 Y108.604 E109.6055 F300
G1 X111.491 Y109.642 E109.6905 F300
G1 X110.607 Y110.607 E109.7756 F300
G1 X109.642 Y111.491 E109.8607 F300
G1 X108.604 Y112.287 E109.9457 F300
G1 X107.500 Y112.990 E110.0308 F300
G1 X106.339 Y113.595 E110.1158 F300
G1 X105.130 Y114.095 E110.2009 F300
G1 X103.882 Y114.489 E110.2860 F300
G1 X102.605 Y114.772 E110.3710 F300
G1 X101.307 Y114.943 E110.4561 F300
G1 X100.000 Y115.000 E110.5411 F300
G1 X98.693 Y114.943 E110.6262 F300
G1 X97.395 Y114.772 E110.7112 F300
G1 X96.118 Y114.489 E110.7963 F300
G1 X94.870 Y114.095 E110.8814 F300
G1 X93.661 Y113.595 E110.9664 F300
G1 X92.500 Y112.990 E111.0515 F300
G1 X91.396 Y112.287 E111.1365 F300
G1 X90.358 Y111.491 E111.2216 F300
G1 X89.393 Y110.607 E111.3066 F300
G1 X88.509 Y109.642 E111.3917 F300
G1 X87.713 Y108.604 E111.4768 F300
G1 X87.010 Y107.500 E111.5618 F300
G1 X86.405 Y106.339 E111.6469 F300
G1 X85.905 Y105.130 E111.7319 F300
G1 X85.511 Y103.882 E111.8170 F300
G1 X85.228 Y102.605 E111.9020 F300
G1 X85.057 Y101.307 E111.9871 F300
G1 X85.000 Y100.000 E112.0722 F300
G1 X85.057 Y98.693 E112.1572 F300
G1 X85.228 Y97.395 E112.2423 F300
G1 X85.511 Y96.118 E112.3273 F300
G1 X85.905 Y94.870 E112.4124 F300
G1 X86.405 Y93.661 E112.4975 F300
G1 X87.010 Y92.500 E112.5825 F300
G1 X87.713 Y91.396 E112.6676 F300
G1 X88.509 Y90.358 E112.7526 F300
G1 X89.393 Y89.393 E112.8377 F300
G1 X90.358 Y88.509 E112.9227 F300
G1 X91.396 Y87.713 E113.0078 F300
G1 X92.500 Y87.010 E113.0929 F300
G1 X93.661 Y86.405 E113.1779 F300
G1 X94.870 Y85.905 E113.2630 F300
G1 X96.118 Y85.511 E113.3480 F300
G1 X97.395 Y85.228 E113.4331 F300
G1 X98.693 Y85.057 E113.5181 F300
G1 X100.000 Y85.000 E113.6032 F300
G1 X101.307 Y85.057 E113.6883 F300
G1 X102.605 Y85.228 E113.7733 F300
G1 X103.882 Y85.511 E113.8584 F300
G1 X105.130 Y85.905 E113.9434 F300
G1 X106.339 Y86.405 E114.0285 F300
G1 X107.500 Y87.010 E114.1136 F300
G1 X108.604 Y87.713 E114.1986 F300
G1 X109.642 Y88.509 E114.2837 F300
G1 X110.607 Y89.393 E114.3687 F300
G1 X111.491 Y90.358 E114.4538 F300
G1 X112.287 Y91.396 E114.5388 F300
G1 X112.990 Y92.500 E114.6239 F300
G1 X113.595 Y93.661 E114.7090 F300
G1 X114.095 Y94.870 E114.7940 F300
G1 X114.489 Y96.118 E114.8791 F300
G1 X114.772 Y97.395 E114.9641 F300
G1 X114.943 Y98.693 E115.0492 F300
G1 X115.000 Y100.000 E115.1342 F300
G1 E113.6342 F1200   ; Retract
G1 Z8.00 F600   ; Z-hop
G1 X111.000 Y100.000 F1200   ; Travel to tower fill ring 4
G1 Z7.00 F300   ; Lower to layer height
G1 E115.1342 F1200   ; Prime
G1 X110.958 Y99.041 E115.1966 F300
G1 X110.833 Y98.090 E115.2590 F300
G1 X110.625 Y97.153 E115.3214 F300
G1 X110.337 Y96.238 E115.3837 F300
G1 X109.969 Y95.351 E115.4461 F300
G1 X109.526 Y94.500 E115.5085 F300
G1 X109.011 Y93.691 E115.5709 F300
G1 X108.426 Y92.929 E115.6333 F300
G1 X107.778 Y92.222 E115.6956 F300
G1 X107.071 Y91.574 E115.7580 F300
G1 X106.309 Y90.989 E115.8204 F300
G1 X105.500 Y90.474 E115.8828 F300
G1 X104.649 Y90.031 E115.9451 F300
G1 X103.762 Y89.663 E116.0075 F300
G1 X102.847 Y89.375 E116.0699 F300
G1 X101.910 Y89.167 E116.1323 F300
G1 X100.959 Y89.042 E116.1946 F300
G1 X100.000 Y89.000 E116.2570 F300
G1 X99.041 Y89.042 E116.3194 F300
G1 X98.090 Y89.167 E116.3818 F300
G1 X97.153 Y89.375 E116.4441 F300
G1 X96.238 Y89.663 E116.5065 F300
G1 X95.351 Y90.031 E116.5689 F300
G1 X94.500 Y90.474 E116.6313 F300
G1 X93.691 Y90.989 E116.6936 F300
G1 X92.929 Y91.574 E116.7560 F300
G1 X92.222 Y92.222 E116.8184 F300
G1 X91.574 Y92.929 E116.8808 F300
G1 X90.989 Y93.691 E116.9431 F300
G1 X90.474 Y94.500 E117.0055 F300
G1 X90.031 Y95.351 E117.0679 F300
G1 X89.663 Y96.238 E117.1303 F300
G1 X89.375 Y97.153 E117.1926 F300
G1 X89.167 Y98.090 E117.2550 F300
G1 X89.042 Y99.041 E117.3174 F300
G1 X89.000 Y100.000 E117.3798 F300
G1 X89.042 Y100.959 E117.4421 F300
G1 X89.167 Y101.910 E117.5045 F300
G1 X89.375 Y102.847 E117.5669 F300
G1 X89.663 Y103.762 E117.6293 F300
G1 X90.031 Y104.649 E117.6917 F300
G1 X90.474 Y105.500 E117.7540 F300
G1 X90.989 Y106.309 E117.8164 F300
G1 X91.574 Y107.071 E117.8788 F300
G1 X92.222 Y107.778 E117.9412 F300
G1 X92.929 Y108.426 E118.0035 F300
G1 X93.691 Y109.011 E118.0659 F300
G1 X94.500 Y109.526 E118.1283 F300
G1 X95.351 Y109.969 E118.1907 F300
G1 X96.238 Y110.337 E118.2530 F300
G1 X97.153 Y110.625 E118.3154 F300
G1 X98.090 Y110.833 E118.3778 F300
G1 X99.041 Y110.958 E118.4402 F300
G1 X100.000 Y111.000 E118.5025 F300
G1 X100.959 Y110.958 E118.5649 F300
G1 X101.910 Y110.833 E118.6273 F300
G1 X102.847 Y110.625 E118.6897 F300
G1 X103.762 Y110.337 E118.7520 F300
G1 X104.649 Y109.969 E118.8144 F300
G1 X105.500 Y109.526 E118.8768 F300
G1 X106.309 Y109.011 E118.9392 F300
G1 X107.071 Y108.426 E119.0015 F300
G1 X107.778 Y107.778 E119.0639 F300
G1 X108.426 Y107.071 E119.1263 F300
G1 X109.011 Y106.309 E119.1887 F300
G1 X109.526 Y105.500 E119.2510 F300
G1 X109.969 Y104.649 E119.3134 F300
G1 X110.337 Y103.762 E119.3758 F300
G1 X110.625 Y102.847 E119.4382 F300
G1 X110.833 Y101.910 E119.5005 F300
G1 X110.958 Y100.959 E119.5629 F300
G1 X111.000 Y100.000 E119.6253 F300
G1 E118.1253 F1200   ; Retract
G1 Z8.00 F600   ; Z-hop
G1 X107.000 Y100.000 F1200   ; Travel to tower fill ring 5
G1 Z7.00 F300   ; Lower to layer height
G1 E119.6253 F1200   ; Prime
G1 X106.973 Y100.610 E119.6650 F300
G1 X106.894 Y101.216 E119.7047 F300
G1 X106.761 Y101.812 E119.7444 F300
G1 X106.578 Y102.394 E119.7841 F300
G1 X106.344 Y102.958 E119.8238 F300
G1 X106.062 Y103.500 E119.8635 F300
G1 X105.734 Y104.015 E119.9032 F300
G1 X105.362 Y104.500 E119.9428 F300
G1 X104.950 Y104.950 E119.9825 F300
G1 X104.500 Y105.362 E120.0222 F300
G1 X104.015 Y105.734 E120.0619 F300
G1 X103.500 Y106.062 E120.1016 F300
G1 X102.958 Y106.344 E120.1413 F300
G1 X102.394 Y106.578 E120.1810 F300
G1 X101.812 Y106.761 E120.2207 F300
G1 X101.216 Y106.894 E120.2604 F300
G1 X100.610 Y106.973 E120.3001 F300
G1 X100.000 Y107.000 E120.3398 F300
G1 X99.390 Y106.973 E120.3795 F300
G1 X98.784 Y106.894 E120.4192 F300
G1 X98.188 Y106.761 E120.4589 F300
G1 X97.606 Y106.578 E120.4986 F300
G1 X97.042 Y106.344 E120.5383 F300
G1 X96.500 Y106.062 E120.5779 F300
G1 X95.985 Y105.734 E120.6176 F300
G1 X95.500 Y105.362 E120.6573 F300
G1 X95.050 Y104.950 E120.6970 F300
G1 X94.638 Y104.500 E120.7367 F300
G1 X94.266 Y104.015 E120.7764 F300
G1 X93.938 Y103.500 E120.8161 F300
G1 X93.656 Y102.958 E120.8558 F300
G1 X93.422 Y102.394 E120.8955 F300
G1 X93.239 Y101.812 E120.9352 F300
G1 X93.106 Y101.216 E120.9749 F300
G1 X93.027 Y100.610 E121.0146 F300
G1 X93.000 Y100.000 E121.0543 F300
G1 X93.027 Y99.390 E121.0940 F300
G1 X93.106 Y98.784 E121.1337 F300
G1 X93.239 Y98.188 E121.1733 F300
G1 X93.422 Y97.606 E121.2130 F300
G1 X93.656 Y97.042 E121.2527 F300
G1 X93.938 Y96.500 E121.2924 F300
G1 X94.266 Y95.985 E121.3321 F300
G1 X94.638 Y95.500 E121.3718 F300
G1 X95.050 Y95.050 E121.4115 F300
G1 X95.500 Y94.638 E121.4512 F300
G1 X95.985 Y94.266 E121.4909 F300
G1 X96.500 Y93.938 E121.5306 F300
G1 X97.042 Y93.656 E121.5703 F300
G1 X97.606 Y93.422 E121.6100 F300
G1 X98.188 Y93.239 E121.6497 F300
G1 X98.784 Y93.106 E121.6894 F300
G1 X99.390 Y93.027 E121.7291 F300
G1 X100.000 Y93.000 E121.7688 F300
G1 X100.610 Y93.027 E121.8084 F300
G1 X101.216 Y93.106 E121.8481 F300
G1 X101.812 Y93.239 E121.8878 F300
G1 X102.394 Y93.422 E121.9275 F300
G1 X102.958 Y93.656 E121.9672 F300
G1 X103.500 Y93.938 E122.0069 F300
G1 X104.015 Y94.266 E122.0466 F300
G1 X104.500 Y94.638 E122.0863 F300
G1 X104.950 Y95.050 E122.1260 F300
G1 X105.362 Y95.500 E122.1657 F300
G1 X105.734 Y95.985 E122.2054 F300
G1 X106.062 Y96.500 E122.2451 F300
G1 X106.344 Y97.042 E122.2848 F300
G1 X106.578 Y97.606 E122.3245 F300
G1 X106.761 Y98.188 E122.3642 F300
G1 X106.894 Y98.784 E122.4039 F300
G1 X106.973 Y99.390 E122.4435 F300
G1 X107.000 Y100.000 E122.4832 F300
G1 E120.9832 F1200   ; Retract

; === TOWER LAYER 5/20 (Z=9.0mm, tower fill) ===
G1 Z10.00 F600   ; Z-hop
G1 X123.000 Y100.000 F1200   ; Travel to tower fill ring 1
G1 Z9.00 F300   ; Lower to layer height
G1 E122.4832 F1200   ; Prime
G1 X122.912 Y102.005 E122.6137 F300
G1 X122.651 Y103.994 E122.7441 F300
G1 X122.216 Y105.953 E122.8745 F300
G1 X121.613 Y107.866 E123.0049 F300
G1 X120.845 Y109.720 E123.1353 F300
G1 X119.919 Y111.500 E123.2658 F300
G1 X118.840 Y113.192 E123.3962 F300
G1 X117.619 Y114.784 E123.5266 F300
G1 X116.263 Y116.263 E123.6570 F300
G1 X114.784 Y117.619 E123.7875 F300
G1 X113.192 Y118.840 E123.9179 F300
G1 X111.500 Y119.919 E124.0483 F300
G1 X109.720 Y120.845 E124.1787 F300
G1 X107.866 Y121.613 E124.3091 F300
G1 X105.953 Y122.216 E124.4396 F300
G1 X103.994 Y122.651 E124.5700 F300
G1 X102.005 Y122.912 E124.7004 F300
G1 X100.000 Y123.000 E124.8308 F300
G1 X97.995 Y122.912 E124.9613 F300
G1 X96.006 Y122.651 E125.0917 F300
G1 X94.047 Y122.216 E125.2221 F300
G1 X92.134 Y121.613 E125.3525 F300
G1 X90.280 Y120.845 E125.4829 F300
G1 X88.500 Y119.919 E125.6134 F300
G1 X86.808 Y118.840 E125.7438 F300
G1 X85.216 Y117.619 E125.8742 F300
G1 X83.737 Y116.263 E126.0046 F300
G1 X82.381 Y114.784 E126.1351 F300
G1 X81.160 Y113.192 E126.2655 F300
G1 X80.081 Y111.500 E126.3959 F300
G1 X79.155 Y109.720 E126.5263 F300
G1 X78.387 Y107.866 E126.6567 F300
G1 X77.784 Y105.953 E126.7872 F300
G1 X77.349 Y103.994 E126.9176 F300
G1 X77.088 Y102.005 E127.0480 F300
G1 X77.000 Y100.000 E127.1784 F300
G1 X77.088 Y97.995 E127.3089 F300
G1 X77.349 Y96.006 E127.4393 F300
G1 X77.784 Y94.047 E127.5697 F300
G1 X78.387 Y92.134 E127.7001 F300
G1 X79.155 Y90.280 E127.8305 F300
G1 X80.081 Y88.500 E127.9610 F300
G1 X81.160 Y86.808 E128.0914 F300
G1 X82.381 Y85.216 E128.2218 F300
G1 X83.737 Y83.737 E128.3522 F300
G1 X85.216 Y82.381 E128.4827 F300
G1 X86.808 Y81.160 E128.6131 F300
G1 X88.500 Y80.081 E128.7435 F300
G1 X90.280 Y79.155 E128.8739 F300
G1 X92.134 Y78.387 E129.0043 F300
G1 X94.047 Y77.784 E129.1348 F300
G1 X96.006 Y77.349 E129.2652 F300
G1 X97.995 Y77.088 E129.3956 F300
G1 X100.000 Y77.000 E129.5260 F300
G1 X102.005 Y77.088 E129.6564 F300
G1 X103.994 Y77.349 E129.7869 F300
G1 X105.953 Y77.784 E129.9173 F300
G1 X107.866 Y78.387 E130.0477 F300
G1 X109.720 Y79.155 E130.1781 F300
G1 X111.500 Y80.081 E130.3086 F300
G1 X113.192 Y81.160 E130.4390 F300
G1 X114.784 Y82.381 E130.5694 F300
G1 X116.263 Y83.737 E130.6998 F300
G1 X117.619 Y85.216 E130.8302 F300
G1 X118.840 Y86.808 E130.9607 F300
G1 X119.919 Y88.500 E131.0911 F300
G1 X120.845 Y90.280 E131.2215 F300
G1 X121.613 Y92.134 E131.3519 F300
G1 X122.216 Y94.047 E131.4824 F300
G1 X122.651 Y96.006 E131.6128 F300
G1 X122.912 Y97.995 E131.7432 F300
G1 X123.000 Y100.000 E131.8736 F300
G1 E130.3736 F1200   ; Retract
G1 Z10.00 F600   ; Z-hop
G1 X119.000 Y100.000 F1200   ; Travel to tower fill ring 2
G1 Z9.00 F300   ; Lower to layer height
G1 E131.8736 F1200   ; Prime
G1 X118.928 Y98.344 E131.9814 F300
G1 X118.711 Y96.701 E132.0891 F300
G1 X118.353 Y95.082 E132.1968 F300
G1 X117.854 Y93.502 E132.3046 F300
G1 X117.220 Y91.970 E132.4123 F300
G1 X116.454 Y90.500 E132.5201 F300
G1 X115.564 Y89.102 E132.6278 F300
G1 X114.555 Y87.787 E132.7355 F300
G1 X113.435 Y86.565 E132.8433 F300
G1 X112.213 Y85.445 E132.9510 F300
G1 X110.898 Y84.436 E133.0588 F300
G1 X109.500 Y83.546 E133.1665 F300
G1 X108.030 Y82.780 E133.2742 F300
G1 X106.498 Y82.146 E133.3820 F300
G1 X104.918 Y81.647 E133.4897 F300
G1 X103.299 Y81.289 E133.5975 F300
G1 X101.656 Y81.072 E133.7052 F300
G1 X100.000 Y81.000 E133.8129 F300
G1 X98.344 Y81.072 E133.9207 F300
G1 X96.701 Y81.289 E134.0284 F300
G1 X95.082 Y81.647 E134.1362 F300
G1 X93.502 Y82.146 E134.2439 F300
G1 X91.970 Y82.780 E134.3516 F300
G1 X90.500 Y83.546 E134.4594 F300
G1 X89.102 Y84.436 E134.5671 F300
G1 X87.787 Y85.445 E134.6749 F300
G1 X86.565 Y86.565 E134.7826 F300
G1 X85.445 Y87.787 E134.8903 F300
G1 X84.436 Y89.102 E134.9981 F300
G1 X83.546 Y90.500 E135.1058 F300
G1 X82.780 Y91.970 E135.2136 F300
G1 X82.146 Y93.502 E135.3213 F300
G1 X81.647 Y95.082 E135.4290 F300
G1 X81.289 Y96.701 E135.5368 F300
G1 X81.072 Y98.344 E135.6445 F300
G1 X81.000 Y100.000 E135.7523 F300
G1 X81.072 Y101.656 E135.8600 F300
G1 X81.289 Y103.299 E135.9677 F300
G1 X81.647 Y104.918 E136.0755 F300
G1 X82.146 Y106.498 E136.1832 F300
G1 X82.780 Y108.030 E136.2910 F300
G1 X83.546 Y109.500 E136.3987 F300
G1 X84.436 Y110.898 E136.5064 F300
G1 X85.445 Y112.213 E136.6142 F300
G1 X86.565 Y113.435 E136.7219 F300
G1 X87.787 Y114.555 E136.8297 F300
G1 X89.102 Y115.564 E136.9374 F300
G1 X90.500 Y116.454 E137.0451 F300
G1 X91.970 Y117.220 E137.1529 F300
G1 X93.502 Y117.854 E137.2606 F300
G1 X95.082 Y118.353 E137.3684 F300
G1 X96.701 Y118.711 E137.4761 F300
G1 X98.344 Y118.928 E137.5838 F300
G1 X100.000 Y119.000 E137.6916 F300
G1 X101.656 Y118.928 E137.7993 F300
G1 X103.299 Y118.711 E137.9071 F300
G1 X104.918 Y118.353 E138.0148 F300
G1 X106.498 Y117.854 E138.1225 F300
G1 X108.030 Y117.220 E138.2303 F300
G1 X109.500 Y116.454 E138.3380 F300
G1 X110.898 Y115.564 E138.4458 F300
G1 X112.213 Y114.555 E138.5535 F300
G1 X113.435 Y113.435 E138.6612 F300
G1 X114.555 Y112.213 E138.7690 F300
G1 X115.564 Y110.898 E138.8767 F300
G1 X116.454 Y109.500 E138.9845 F300
G1 X117.220 Y108.030 E139.0922 F300
G1 X117.854 Y106.498 E139.1999 F300
G1 X118.353 Y104.918 E139.3077 F300
G1 X118.711 Y103.299 E139.4154 F300
G1 X118.928 Y101.656 E139.5232 F300
G1 X119.000 Y100.000 E139.6309 F300
G1 E138.1309 F1200   ; Retract
G1 Z10.00 F600   ; Z-hop
G1 X115.000 Y100.000 F1200   ; Travel to tower fill ring 3
G1 Z9.00 F300   ; Lower to layer height
G1 E139.6309 F1200   ; Prime
G1 X114.943 Y101.307 E139.7160 F300
G1 X114.772 Y102.605 E139.8010 F300
G1 X114.489 Y103.882 E139.8861 F300
G1 X114.095 Y105.130 E139.9711 F300
G1 X113.595 Y106.339 E140.0562 F300
G1 X112.990 Y107.500 E140.1412 F300
G1 X112.287 Y108.604 E140.2263 F300
G1 X111.491 Y109.642 E140.3114 F300
G1 X110.607 Y110.607 E140.3964 F300
G1 X109.642 Y111.491 E140.4815 F300
G1 X108.604 Y112.287 E140.5665 F300
G1 X107.500 Y112.990 E140.6516 F300
G1 X106.339 Y113.595 E140.7366 F300
G1 X105.130 Y114.095 E140.8217 F300
G1 X103.882 Y114.489 E140.9068 F300
G1 X102.605 Y114.772 E140.9918 F300
G1 X101.307 Y114.943 E141.0769 F300
G1 X100.000 Y115.000 E141.1619 F300
G1 X98.693 Y114.943 E141.2470 F300
G1 X97.395 Y114.772 E141.3320 F300
G1 X96.118 Y114.489 E141.4171 F300
G1 X94.870 Y114.095 E141.5022 F300
G1 X93.661 Y113.595 E141.5872 F300
G1 X92.500 Y112.990 E141.6723 F300
G1 X91.396 Y112.287 E141.7573 F300
G1 X90.358 Y111.491 E141.8424 F300
G1 X89.393 Y110.607 E141.9275 F300
G1 X88.509 Y109.642 E142.0125 F300
G1 X87.713 Y108.604 E142.0976 F300
G1 X87.010 Y107.500 E142.1826 F300
G1 X86.405 Y106.339 E142.2677 F300
G1 X85.905 Y105.130 E142.3527 F300
G1 X85.511 Y103.882 E142.4378 F300
G1 X85.228 Y102.605 E142.5229 F300
G1 X85.057 Y101.307 E142.6079 F300
G1 X85.000 Y100.000 E142.6930 F300
G1 X85.057 Y98.693 E142.7780 F300
G1 X85.228 Y97.395 E142.8631 F300
G1 X85.511 Y96.118 E142.9481 F300
G1 X85.905 Y94.870 E143.0332 F300
G1 X86.405 Y93.661 E143.1183 F300
G1 X87.010 Y92.500 E143.2033 F300
G1 X87.713 Y91.396 E143.2884 F300
G1 X88.509 Y90.358 E143.3734 F300
G1 X89.393 Y89.393 E143.4585 F300
G1 X90.358 Y88.509 E143.5436 F300
G1 X91.396 Y87.713 E143.6286 F300
G1 X92.500 Y87.010 E143.7137 F300
G1 X93.661 Y86.405 E143.7987 F300
G1 X94.870 Y85.905 E143.8838 F300
G1 X96.118 Y85.511 E143.9688 F300
G1 X97.395 Y85.228 E144.0539 F300
G1 X98.693 Y85.057 E144.1390 F300
G1 X100.000 Y85.000 E144.2240 F300
G1 X101.307 Y85.057 E144.3091 F300
G1 X102.605 Y85.228 E144.3941 F300
G1 X103.882 Y85.511 E144.4792 F300
G1 X105.130 Y85.905 E144.5642 F300
G1 X106.339 Y86.405 E144.6493 F300
G1 X107.500 Y87.010 E144.7344 F300
G1 X108.604 Y87.713 E144.8194 F300
G1 X109.642 Y88.509 E144.9045 F300
G1 X110.607 Y89.393 E144.9895 F300
G1 X111.491 Y90.358 E145.0746 F300
G1 X112.287 Y91.396 E145.1597 F300
G1 X112.990 Y92.500 E145.2447 F300
G1 X113.595 Y93.661 E145.3298 F300
G1 X114.095 Y94.870 E145.4148 F300
G1 X114.489 Y96.118 E145.4999 F300
G1 X114.772 Y97.395 E145.5849 F300
G1 X114.943 Y98.693 E145.6700 F300
G1 X115.000 Y100.000 E145.7551 F300
G1 E144.2551 F1200   ; Retract
G1 Z10.00 F600   ; Z-hop
G1 X111.000 Y100.000 F1200   ; Travel to tower fill ring 4
G1 Z9.00 F300   ; Lower to layer height
G1 E145.7551 F1200   ; Prime
G1 X110.958 Y99.041 E145.8174 F300
G1 X110.833 Y98.090 E145.8798 F300
G1 X110.625 Y97.153 E145.9422 F300
G1 X110.337 Y96.238 E146.0046 F300
G1 X109.969 Y95.351 E146.0669 F300
G1 X109.526 Y94.500 E146.1293 F300
G1 X109.011 Y93.691 E146.1917 F300
G1 X108.426 Y92.929 E146.2541 F300
G1 X107.778 Y92.222 E146.3164 F300
G1 X107.071 Y91.574 E146.3788 F300
G1 X106.309 Y90.989 E146.4412 F300
G1 X105.500 Y90.474 E146.5036 F300
G1 X104.649 Y90.031 E146.5659 F300
G1 X103.762 Y89.663 E146.6283 F300
G1 X102.847 Y89.375 E146.6907 F300
G1 X101.910 Y89.167 E146.7531 F300
G1 X100.959 Y89.042 E146.8154 F300
G1 X100.000 Y89.000 E146.8778 F300
G1 X99.041 Y89.042 E146.9402 F300
G1 X98.090 Y89.167 E147.0026 F300
G1 X97.153 Y89.375 E147.0649 F300
G1 X96.238 Y89.663 E147.1273 F300
G1 X95.351 Y90.031 E147.1897 F300
G1 X94.500 Y90.474 E147.2521 F300
G1 X93.691 Y90.989 E147.3144 F300
G1 X92.929 Y91.574 E147.3768 F300
G1 X92.222 Y92.222 E147.4392 F300
G1 X91.574 Y92.929 E147.5016 F300
G1 X90.989 Y93.691 E147.5640 F300
G1 X90.474 Y94.500 E147.6263 F300
G1 X90.031 Y95.351 E147.6887 F300
G1 X89.663 Y96.238 E147.7511 F300
G1 X89.375 Y97.153 E147.8135 F300
G1 X89.167 Y98.090 E147.8758 F300
G1 X89.042 Y99.041 E147.9382 F300
G1 X89.000 Y100.000 E148.0006 F300
G1 X89.042 Y100.959 E148.0630 F300
G1 X89.167 Y101.910 E148.1253 F300
G1 X89.375 Y102.847 E148.1877 F300
G1 X89.663 Y103.762 E148.2501 F300
G1 X90.031 Y104.649 E148.3125 F300
G1 X90.474 Y105.500 E148.3748 F300
G1 X90.989 Y106.309 E148.4372 F300
G1 X91.574 Y107.071 E148.4996 F300
G1 X92.222 Y107.778 E148.5620 F300
G1 X92.929 Y108.426 E148.6243 F300
G1 X93.691 Y109.011 E148.6867 F300
G1 X94.500 Y109.526 E148.7491 F300
G1 X95.351 Y109.969 E148.8115 F300
G1 X96.238 Y110.337 E148.8738 F300
G1 X97.153 Y110.625 E148.9362 F300
G1 X98.090 Y110.833 E148.9986 F300
G1 X99.041 Y110.958 E149.0610 F300
G1 X100.000 Y111.000 E149.1233 F300
G1 X100.959 Y110.958 E149.1857 F300
G1 X101.910 Y110.833 E149.2481 F300
G1 X102.847 Y110.625 E149.3105 F300
G1 X103.762 Y110.337 E149.3728 F300
G1 X104.649 Y109.969 E149.4352 F300
G1 X105.500 Y109.526 E149.4976 F300
G1 X106.309 Y109.011 E149.5600 F300
G1 X107.071 Y108.426 E149.6224 F300
G1 X107.778 Y107.778 E149.6847 F300
G1 X108.426 Y107.071 E149.7471 F300
G1 X109.011 Y106.309 E149.8095 F300
G1 X109.526 Y105.500 E149.8719 F300
G1 X109.969 Y104.649 E149.9342 F300
G1 X110.337 Y103.762 E149.9966 F300
G1 X110.625 Y102.847 E150.0590 F300
G1 X110.833 Y101.910 E150.1214 F300
G1 X110.958 Y100.959 E150.1837 F300
G1 X111.000 Y100.000 E150.2461 F300
G1 E148.7461 F1200   ; Retract
G1 Z10.00 F600   ; Z-hop
G1 X107.000 Y100.000 F1200   ; Travel to tower fill ring 5
G1 Z9.00 F300   ; Lower to layer height
G1 E150.2461 F1200   ; Prime
G1 X106.973 Y100.610 E150.2858 F300
G1 X106.894 Y101.216 E150.3255 F300
G1 X106.761 Y101.812 E150.3652 F300
G1 X106.578 Y102.394 E150.4049 F300
G1 X106.344 Y102.958 E150.4446 F300
G1 X106.062 Y103.500 E150.4843 F300
G1 X105.734 Y104.015 E150.5240 F300
G1 X105.362 Y104.500 E150.5637 F300
G1 X104.950 Y104.950 E150.6034 F300
G1 X104.500 Y105.362 E150.6430 F300
G1 X104.015 Y105.734 E150.6827 F300
G1 X103.500 Y106.062 E150.7224 F300
G1 X102.958 Y106.344 E150.7621 F300
G1 X102.394 Y106.578 E150.8018 F300
G1 X101.812 Y106.761 E150.8415 F300
G1 X101.216 Y106.894 E150.8812 F300
G1 X100.610 Y106.973 E150.9209 F300
G1 X100.000 Y107.000 E150.9606 F300
G1 X99.390 Y106.973 E151.0003 F300
G1 X98.784 Y106.894 E151.0400 F300
G1 X98.188 Y106.761 E151.0797 F300
G1 X97.606 Y106.578 E151.1194 F300
G1 X97.042 Y106.344 E151.1591 F300
G1 X96.500 Y106.062 E151.1988 F300
G1 X95.985 Y105.734 E151.2384 F300
G1 X95.500 Y105.362 E151.2781 F300
G1 X95.050 Y104.950 E151.3178 F300
G1 X94.638 Y104.500 E151.3575 F300
G1 X94.266 Y104.015 E151.3972 F300
G1 X93.938 Y103.500 E151.4369 F300
G1 X93.656 Y102.958 E151.4766 F300
G1 X93.422 Y102.394 E151.5163 F300
G1 X93.239 Y101.812 E151.5560 F300
G1 X93.106 Y101.216 E151.5957 F300
G1 X93.027 Y100.610 E151.6354 F300
G1 X93.000 Y100.000 E151.6751 F300
G1 X93.027 Y99.390 E151.7148 F300
G1 X93.106 Y98.784 E151.7545 F300
G1 X93.239 Y98.188 E151.7942 F300
G1 X93.422 Y97.606 E151.8339 F300
G1 X93.656 Y97.042 E151.8735 F300
G1 X93.938 Y96.500 E151.9132 F300
G1 X94.266 Y95.985 E151.9529 F300
G1 X94.638 Y95.500 E151.9926 F300
G1 X95.050 Y95.050 E152.0323 F300
G1 X95.500 Y94.638 E152.0720 F300
G1 X95.985 Y94.266 E152.1117 F300
G1 X96.500 Y93.938 E152.1514 F300
G1 X97.042 Y93.656 E152.1911 F300
G1 X97.606 Y93.422 E152.2308 F300
G1 X98.188 Y93.239 E152.2705 F300
G1 X98.784 Y93.106 E152.3102 F300
G1 X99.390 Y93.027 E152.3499 F300
G1 X100.000 Y93.000 E152.3896 F300
G1 X100.610 Y93.027 E152.4293 F300
G1 X101.216 Y93.106 E152.4690 F300
G1 X101.812 Y93.239 E152.5086 F300
G1 X102.394 Y93.422 E152.5483 F300
G1 X102.958 Y93.656 E152.5880 F300
G1 X103.500 Y93.938 E152.6277 F300
G1 X104.015 Y94.266 E152.6674 F300
G1 X104.500 Y94.638 E152.7071 F300
G1 X104.950 Y95.050 E152.7468 F300
G1 X105.362 Y95.500 E152.7865 F300
G1 X105.734 Y95.985 E152.8262 F300
G1 X106.062 Y96.500 E152.8659 F300
G1 X106.344 Y97.042 E152.9056 F300
G1 X106.578 Y97.606 E152.9453 F300
G1 X106.761 Y98.188 E152.9850 F300
G1 X106.894 Y98.784 E153.0247 F300
G1 X106.973 Y99.390 E153.0644 F300
G1 X107.000 Y100.000 E153.1040 F300
G1 E151.6040 F1200   ; Retract

; === TOWER LAYER 6/20 (Z=11.0mm, tower fill) ===
G1 Z12.00 F600   ; Z-hop
G1 X123.000 Y100.000 F1200   ; Travel to tower fill ring 1
G1 Z11.00 F300   ; Lower to layer height
G1 E153.1040 F1200   ; Prime
G1 X122.912 Y102.005 E153.2345 F300
G1 X122.651 Y103.994 E153.3649 F300
G1 X122.216 Y105.953 E153.4953 F300
G1 X121.613 Y107.866 E153.6257 F300
G1 X120.845 Y109.720 E153.7562 F300
G1 X119.919 Y111.500 E153.8866 F300
G1 X118.840 Y113.192 E154.0170 F300
G1 X117.619 Y114.784 E154.1474 F300
G1 X116.263 Y116.263 E154.2778 F300
G1 X114.784 Y117.619 E154.4083 F300
G1 X113.192 Y118.840 E154.5387 F300
G1 X111.500 Y119.919 E154.6691 F300
G1 X109.720 Y120.845 E154.7995 F300
G1 X107.866 Y121.613 E154.9300 F300
G1 X105.953 Y122.216 E155.0604 F300
G1 X103.994 Y122.651 E155.1908 F300
G1 X102.005 Y122.912 E155.3212 F300
G1 X100.000 Y123.000 E155.4516 F300
G1 X97.995 Y122.912 E155.5821 F300
G1 X96.006 Y122.651 E155.7125 F300
G1 X94.047 Y122.216 E155.8429 F300
G1 X92.134 Y121.613 E155.9733 F300
G1 X90.280 Y120.845 E156.1038 F300
G1 X88.500 Y119.919 E156.2342 F300
G1 X86.808 Y118.840 E156.3646 F300
G1 X85.216 Y117.619 E156.4950 F300
G1 X83.737 Y116.263 E156.6254 F300
G1 X82.381 Y114.784 E156.7559 F300
G1 X81.160 Y113.192 E156.8863 F300
G1 X80.081 Y111.500 E157.0167 F300
G1 X79.155 Y109.720 E157.1471 F300
G1 X78.387 Y107.866 E157.2776 F300
G1 X77.784 Y105.953 E157.4080 F300
G1 X77.349 Y103.994 E157.5384 F300
G1 X77.088 Y102.005 E157.6688 F300
G1 X77.000 Y100.000 E157.7992 F300
G1 X77.088 Y97.995 E157.9297 F300
G1 X77.349 Y96.006 E158.0601 F300
G1 X77.784 Y94.047 E158.1905 F300
G1 X78.387 Y92.134 E158.3209 F300
G1 X79.155 Y90.280 E158.4514 F300
G1 X80.081 Y88.500 E158.5818 F300
G1 X81.160 Y86.808 E158.7122 F300
G1 X82.381 Y85.216 E158.8426 F300
G1 X83.737 Y83.737 E158.9730 F300
G1 X85.216 Y82.381 E159.1035 F300
G1 X86.808 Y81.160 E159.2339 F300
G1 X88.500 Y80.081 E159.3643 F300
G1 X90.280 Y79.155 E159.4947 F300
G1 X92.134 Y78.387 E159.6251 F300
G1 X94.047 Y77.784 E159.7556 F300
G1 X96.006 Y77.349 E159.8860 F300
G1 X97.995 Y77.088 E160.0164 F300
G1 X100.000 Y77.000 E160.1468 F300
G1 X102.005 Y77.088 E160.2773 F300
G1 X103.994 Y77.349 E160.4077 F300
G1 X105.953 Y77.784 E160.5381 F300
G1 X107.866 Y78.387 E160.6685 F300
G1 X109.720 Y79.155 E160.7989 F300
G1 X111.500 Y80.081 E160.9294 F300
G1 X113.192 Y81.160 E161.0598 F300
G1 X114.784 Y82.381 E161.1902 F300
G1 X116.263 Y83.737 E161.3206 F300
G1 X117.619 Y85.216 E161.4511 F300
G1 X118.840 Y86.808 E161.5815 F300
G1 X119.919 Y88.500 E161.7119 F300
G1 X120.845 Y90.280 E161.8423 F300
G1 X121.613 Y92.134 E161.9727 F300
G1 X122.216 Y94.047 E162.1032 F300
G1 X122.651 Y96.006 E162.2336 F300
G1 X122.912 Y97.995 E162.3640 F300
G1 X123.000 Y100.000 E162.4944 F300
G1 E160.9944 F1200   ; Retract
G1 Z12.00 F600   ; Z-hop
G1 X119.000 Y100.000 F1200   ; Travel to tower fill ring 2
G1 Z11.00 F300   ; Lower to layer height
G1 E162.4944 F1200   ; Prime
G1 X118.928 Y98.344 E162.6022 F300
G1 X118.711 Y96.701 E162.7099 F300
G1 X118.353 Y95.082 E162.8177 F300
G1 X117.854 Y93.502 E162.9254 F300
G1 X117.220 Y91.970 E163.0331 F300
G1 X116.454 Y90.500 E163.1409 F300
G1 X115.564 Y89.102 E163.2486 F300
G1 X114.555 Y87.787 E163.3564 F300
G1 X113.435 Y86.565 E163.4641 F300
G1 X112.213 Y85.445 E163.5718 F300
G1 X110.898 Y84.436 E163.6796 F300
G1 X109.500 Y83.546 E163.7873 F300
G1 X108.030 Y82.780 E163.8950 F300
G1 X106.498 Y82.146 E164.0028 F300
G1 X104.918 Y81.647 E164.1105 F300
G1 X103.299 Y81.289 E164.2183 F300
G1 X101.656 Y81.072 E164.3260 F300
G1 X100.000 Y81.000 E164.4337 F300
G1 X98.344 Y81.072 E164.5415 F300
G1 X96.701 Y81.289 E164.6492 F300
G1 X95.082 Y81.647 E164.7570 F300
G1 X93.502 Y82.146 E164.8647 F300
G1 X91.970 Y82.780 E164.9724 F300
G1 X90.500 Y83.546 E165.0802 F300
G1 X89.102 Y84.436 E165.1879 F300
G1 X87.787 Y85.445 E165.2957 F300
G1 X86.565 Y86.565 E165.4034 F300
G1 X85.445 Y87.787 E165.5111 F300
G1 X84.436 Y89.102 E165.6189 F300
G1 X83.546 Y90.500 E165.7266 F300
G1 X82.780 Y91.970 E165.8344 F300
G1 X82.146 Y93.502 E165.9421 F300
G1 X81.647 Y95.082 E166.0498 F300
G1 X81.289 Y96.701 E166.1576 F300
G1 X81.072 Y98.344 E166.2653 F300
G1 X81.000 Y100.000 E166.3731 F300
G1 X81.072 Y101.656 E166.4808 F300
G1 X81.289 Y103.299 E166.5885 F300
G1 X81.647 Y104.918 E166.6963 F300
G1 X82.146 Y106.498 E166.8040 F300
G1 X82.780 Y108.030 E166.9118 F300
G1 X83.546 Y109.500 E167.0195 F300
G1 X84.436 Y110.898 E167.1272 F300
G1 X85.445 Y112.213 E167.2350 F300
G1 X86.565 Y113.435 E167.3427 F300
G1 X87.787 Y114.555 E167.4505 F300
G1 X89.102 Y115.564 E167.5582 F300
G1 X90.500 Y116.454 E167.6659 F300
G1 X91.970 Y117.220 E167.7737 F300
G1 X93.502 Y117.854 E167.8814 F300
G1 X95.082 Y118.353 E167.9892 F300
G1 X96.701 Y118.711 E168.0969 F300
G1 X98.344 Y118.928 E168.2046 F300
G1 X100.000 Y119.000 E168.3124 F300
G1 X101.656 Y118.928 E168.4201 F300
G1 X103.299 Y118.711 E168.5279 F300
G1 X104.918 Y118.353 E168.6356 F300
G1 X106.498 Y117.854 E168.7433 F300
G1 X108.030 Y117.220 E168.8511 F300
G1 X109.500 Y116.454 E168.9588 F300
G1 X110.898 Y115.564 E169.0666 F300
G1 X112.213 Y114.555 E169.1743 F300
G1 X113.435 Y113.435 E169.2820 F300
G1 X114.555 Y112.213 E169.3898 F300
G1 X115.564 Y110.898 E169.4975 F300
G1 X116.454 Y109.500 E169.6053 F300
G1 X117.220 Y108.030 E169.7130 F300
G1 X117.854 Y106.498 E169.8207 F300
G1 X118.353 Y104.918 E169.9285 F300
G1 X118.711 Y103.299 E170.0362 F300
G1 X118.928 Y101.656 E170.1440 F300
G1 X119.000 Y100.000 E170.2517 F300
G1 E168.7517 F1200   ; Retract
G1 Z12.00 F600   ; Z-hop
G1 X115.000 Y100.000 F1200   ; Travel to tower fill ring 3
G1 Z11.00 F300   ; Lower to layer height
G1 E170.2517 F1200   ; Prime
G1 X114.943 Y101.307 E170.3368 F300
G1 X114.772 Y102.605 E170.4218 F300
G1 X114.489 Y103.882 E170.5069 F300
G1 X114.095 Y105.130 E170.5919 F300
G1 X113.595 Y106.339 E170.6770 F300
G1 X112.990 Y107.500 E170.7621 F300
G1 X112.287 Y108.604 E170.8471 F300
G1 X111.491 Y109.642 E170.9322 F300
G1 X110.607 Y110.607 E171.0172 F300
G1 X109.642 Y111.491 E171.1023 F300
G1 X108.604 Y112.287 E171.1873 F300
G1 X107.500 Y112.990 E171.2724 F300
G1 X106.339 Y113.595 E171.3575 F300
G1 X105.130 Y114.095 E171.4425 F300
G1 X103.882 Y114.489 E171.5276 F300
G1 X102.605 Y114.772 E171.6126 F300
G1 X101.307 Y114.943 E171.6977 F300
G1 X100.000 Y115.000 E171.7827 F300
G1 X98.693 Y114.943 E171.8678 F300
G1 X97.395 Y114.772 E171.9529 F300
G1 X96.118 Y114.489 E172.0379 F300
G1 X94.870 Y114.095 E172.1230 F300
G1 X93.661 Y113.595 E172.2080 F300
G1 X92.500 Y112.990 E172.2931 F300
G1 X91.396 Y112.287 E172.3781 F300
G1 X90.358 Y111.491 E172.4632 F300
G1 X89.393 Y110.607 E172.5483 F300
G1 X88.509 Y109.642 E172.6333 F300
G1 X87.713 Y108.604 E172.7184 F300
G1 X87.010 Y107.500 E172.8034 F300
G1 X86.405 Y106.339 E172.8885 F300
G1 X85.905 Y105.130 E172.9736 F300
G1 X85.511 Y103.882 E173.0586 F300
G1 X85.228 Y102.605 E173.1437 F300
G1 X85.057 Y101.307 E173.2287 F300
G1 X85.000 Y100.000 E173.3138 F300
G1 X85.057 Y98.693 E173.3988 F300
G1 X85.228 Y97.395 E173.4839 F300
G1 X85.511 Y96.118 E173.5690 F300
G1 X85.905 Y94.870 E173.6540 F300
G1 X86.405 Y93.661 E173.7391 F300
G1 X87.010 Y92.500 E173.8241 F300
G1 X87.713 Y91.396 E173.9092 F300
G1 X88.509 Y90.358 E173.9942 F300
G1 X89.393 Y89.393 E174.0793 F300
G1 X90.358 Y88.509 E174.1644 F300
G1 X91.396 Y87.713 E174.2494 F300
G1 X92.500 Y87.010 E174.3345 F300
G1 X93.661 Y86.405 E174.4195 F300
G1 X94.870 Y85.905 E174.5046 F300
G1 X96.118 Y85.511 E174.5897 F300
G1 X97.395 Y85.228 E174.6747 F300
G1 X98.693 Y85.057 E174.7598 F300
G1 X100.000 Y85.000 E174.8448 F300
G1 X101.307 Y85.057 E174.9299 F300
G1 X102.605 Y85.228 E175.0149 F300
G1 X103.882 Y85.511 E175.1000 F300
G1 X105.130 Y85.905 E175.1851 F300
G1 X106.339 Y86.405 E175.2701 F300
G1 X107.500 Y87.010 E175.3552 F300
G1 X108.604 Y87.713 E175.4402 F300
G1 X109.642 Y88.509 E175.5253 F300
G1 X110.607 Y89.393 E175.6103 F300
G1 X111.491 Y90.358 E175.6954 F300
G1 X112.287 Y91.396 E175.7805 F300
G1 X112.990 Y92.500 E175.8655 F300
G1 X113.595 Y93.661 E175.9506 F300
G1 X114.095 Y94.870 E176.0356 F300
G1 X114.489 Y96.118 E176.1207 F300
G1 X114.772 Y97.395 E176.2057 F300
G1 X114.943 Y98.693 E176.2908 F300
G1 X115.000 Y100.000 E176.3759 F300
G1 E174.8759 F1200   ; Retract
G1 Z12.00 F600   ; Z-hop
G1 X111.000 Y100.000 F1200   ; Travel to tower fill ring 4
G1 Z11.00 F300   ; Lower to layer height
G1 E176.3759 F1200   ; Prime
G1 X110.958 Y99.041 E176.4382 F300
G1 X110.833 Y98.090 E176.5006 F300
G1 X110.625 Y97.153 E176.5630 F300
G1 X110.337 Y96.238 E176.6254 F300
G1 X109.969 Y95.351 E176.6877 F300
G1 X109.526 Y94.500 E176.7501 F300
G1 X109.011 Y93.691 E176.8125 F300
G1 X108.426 Y92.929 E176.8749 F300
G1 X107.778 Y92.222 E176.9372 F300
G1 X107.071 Y91.574 E176.9996 F300
G1 X106.309 Y90.989 E177.0620 F300
G1 X105.500 Y90.474 E177.1244 F300
G1 X104.649 Y90.031 E177.1867 F300
G1 X103.762 Y89.663 E177.2491 F300
G1 X102.847 Y89.375 E177.3115 F300
G1 X101.910 Y89.167 E177.3739 F300
G1 X100.959 Y89.042 E177.4363 F300
G1 X100.000 Y89.000 E177.4986 F300
G1 X99.041 Y89.042 E177.5610 F300
G1 X98.090 Y89.167 E177.6234 F300
G1 X97.153 Y89.375 E177.6858 F300
G1 X96.238 Y89.663 E177.7481 F300
G1 X95.351 Y90.031 E177.8105 F300
G1 X94.500 Y90.474 E177.8729 F300
G1 X93.691 Y90.989 E177.9353 F300
G1 X92.929 Y91.574 E177.9976 F300
G1 X92.222 Y92.222 E178.0600 F300
G1 X91.574 Y92.929 E178.1224 F300
G1 X90.989 Y93.691 E178.1848 F300
G1 X90.474 Y94.500 E178.2471 F300
G1 X90.031 Y95.351 E178.3095 F300
G1 X89.663 Y96.238 E178.3719 F300
G1 X89.375 Y97.153 E178.4343 F300
G1 X89.167 Y98.090 E178.4966 F300
G1 X89.042 Y99.041 E178.5590 F300
G1 X89.000 Y100.000 E178.6214 F300
G1 X89.042 Y100.959 E178.6838 F300
G1 X89.167 Y101.910 E178.7461 F300
G1 X89.375 Y102.847 E178.8085 F300
G1 X89.663 Y103.762 E178.8709 F300
G1 X90.031 Y104.649 E178.9333 F300
G1 X90.474 Y105.500 E178.9956 F300
G1 X90.989 Y106.309 E179.0580 F300
G1 X91.574 Y107.071 E179.1204 F300
G1 X92.222 Y107.778 E179.1828 F300
G1 X92.929 Y108.426 E179.2451 F300
G1 X93.691 Y109.011 E179.3075 F300
G1 X94.500 Y109.526 E179.3699 F300
G1 X95.351 Y109.969 E179.4323 F300
G1 X96.238 Y110.337 E179.4947 F300
G1 X97.153 Y110.625 E179.5570 F300
G1 X98.090 Y110.833 E179.6194 F300
G1 X99.041 Y110.958 E179.6818 F300
G1 X100.000 Y111.000 E179.7442 F300
G1 X100.959 Y110.958 E179.8065 F300
G1 X101.910 Y110.833 E179.8689 F300
G1 X102.847 Y110.625 E179.9313 F300
G1 X103.762 Y110.337 E179.9937 F300
G1 X104.649 Y109.969 E180.0560 F300
G1 X105.500 Y109.526 E180.1184 F300
G1 X106.309 Y109.011 E180.1808 F300
G1 X107.071 Y108.426 E180.2432 F300
G1 X107.778 Y107.778 E180.3055 F300
G1 X108.426 Y107.071 E180.3679 F300
G1 X109.011 Y106.309 E180.4303 F300
G1 X109.526 Y105.500 E180.4927 F300
G1 X109.969 Y104.649 E180.5550 F300
G1 X110.337 Y103.762 E180.6174 F300
G1 X110.625 Y102.847 E180.6798 F300
G1 X110.833 Y101.910 E180.7422 F300
G1 X110.958 Y100.959 E180.8045 F300
G1 X111.000 Y100.000 E180.8669 F300
G1 E179.3669 F1200   ; Retract
G1 Z12.00 F600   ; Z-hop
G1 X107.000 Y100.000 F1200   ; Travel to tower fill ring 5
G1 Z11.00 F300   ; Lower to layer height
G1 E180.8669 F1200   ; Prime
G1 X106.973 Y100.610 E180.9066 F300
G1 X106.894 Y101.216 E180.9463 F300
G1 X106.761 Y101.812 E180.9860 F300
G1 X106.578 Y102.394 E181.0257 F300
G1 X106.344 Y102.958 E181.0654 F300
G1 X106.062 Y103.500 E181.1051 F300
G1 X105.734 Y104.015 E181.1448 F300
G1 X105.362 Y104.500 E181.1845 F300
G1 X104.950 Y104.950 E181.2242 F300
G1 X104.500 Y105.362 E181.2639 F300
G1 X104.015 Y105.734 E181.3035 F300
G1 X103.500 Y106.062 E181.3432 F300
G1 X102.958 Y106.344 E181.3829 F300
G1 X102.394 Y106.578 E181.4226 F300
G1 X101.812 Y106.761 E181.4623 F300
G1 X101.216 Y106.894 E181.5020 F300
G1 X100.610 Y106.973 E181.5417 F300
G1 X100.000 Y107.000 E181.5814 F300
G1 X99.390 Y106.973 E181.6211 F300
G1 X98.784 Y106.894 E181.6608 F300
G1 X98.188 Y106.761 E181.7005 F300
G1 X97.606 Y106.578 E181.7402 F300
G1 X97.042 Y106.344 E181.7799 F300
G1 X96.500 Y106.062 E181.8196 F300
G1 X95.985 Y105.734 E181.8593 F300
G1 X95.500 Y105.362 E181.8990 F300
G1 X95.050 Y104.950 E181.9386 F300
G1 X94.638 Y104.500 E181.9783 F300
G1 X94.266 Y104.015 E182.0180 F300
G1 X93.938 Y103.500 E182.0577 F300
G1 X93.656 Y102.958 E182.0974 F300
G1 X93.422 Y102.394 E182.1371 F300
G1 X93.239 Y101.812 E182.1768 F300
G1 X93.106 Y101.216 E182.2165 F300
G1 X93.027 Y100.610 E182.2562 F300
G1 X93.000 Y100.000 E182.2959 F300
G1 X93.027 Y99.390 E182.3356 F300
G1 X93.106 Y98.784 E182.3753 F300
G1 X93.239 Y98.188 E182.4150 F300
G1 X93.422 Y97.606 E182.4547 F300
G1 X93.656 Y97.042 E182.4944 F300
G1 X93.938 Y96.500 E182.5341 F300
G1 X94.266 Y95.985 E182.5737 F300
G1 X94.638 Y95.500 E182.6134 F300
G1 X95.050 Y95.050 E182.6531 F300
G1 X95.500 Y94.638 E182.6928 F300
G1 X95.985 Y94.266 E182.7325 F300
G1 X96.500 Y93.938 E182.7722 F300
G1 X97.042 Y93.656 E182.8119 F300
G1 X97.606 Y93.422 E182.8516 F300
G1 X98.188 Y93.239 E182.8913 F300
G1 X98.784 Y93.106 E182.9310 F300
G1 X99.390 Y93.027 E182.9707 F300
G1 X100.000 Y93.000 E183.0104 F300
G1 X100.610 Y93.027 E183.0501 F300
G1 X101.216 Y93.106 E183.0898 F300
G1 X101.812 Y93.239 E183.1295 F300
G1 X102.394 Y93.422 E183.1691 F300
G1 X102.958 Y93.656 E183.2088 F300
G1 X103.500 Y93.938 E183.2485 F300
G1 X104.015 Y94.266 E183.2882 F300
G1 X104.500 Y94.638 E183.3279 F300
G1 X104.950 Y95.050 E183.3676 F300
G1 X105.362 Y95.500 E183.4073 F300
G1 X105.734 Y95.985 E183.4470 F300
G1 X106.062 Y96.500 E183.4867 F300
G1 X106.344 Y97.042 E183.5264 F300
G1 X106.578 Y97.606 E183.5661 F300
G1 X106.761 Y98.188 E183.6058 F300
G1 X106.894 Y98.784 E183.6455 F300
G1 X106.973 Y99.390 E183.6852 F300
G1 X107.000 Y100.000 E183.7249 F300
G1 E182.2249 F1200   ; Retract

; === TOWER LAYER 7/20 (Z=13.0mm, tower fill) ===
G1 Z14.00 F600   ; Z-hop
G1 X123.000 Y100.000 F1200   ; Travel to tower fill ring 1
G1 Z13.00 F300   ; Lower to layer height
G1 E183.7249 F1200   ; Prime
G1 X122.912 Y102.005 E183.8553 F300
G1 X122.651 Y103.994 E183.9857 F300
G1 X122.216 Y105.953 E184.1161 F300
G1 X121.613 Y107.866 E184.2465 F300
G1 X120.845 Y109.720 E184.3770 F300
G1 X119.919 Y111.500 E184.5074 F300
G1 X118.840 Y113.192 E184.6378 F300
G1 X117.619 Y114.784 E184.7682 F300
G1 X116.263 Y116.263 E184.8987 F300
G1 X114.784 Y117.619 E185.0291 F300
G1 X113.192 Y118.840 E185.1595 F300
G1 X111.500 Y119.919 E185.2899 F300
G1 X109.720 Y120.845 E185.4203 F300
G1 X107.866 Y121.613 E185.5508 F300
G1 X105.953 Y122.216 E185.6812 F300
G1 X103.994 Y122.651 E185.8116 F300
G1 X102.005 Y122.912 E185.9420 F300
G1 X100.000 Y123.000 E186.0725 F300
G1 X97.995 Y122.912 E186.2029 F300
G1 X96.006 Y122.651 E186.3333 F300
G1 X94.047 Y122.216 E186.4637 F300
G1 X92.134 Y121.613 E186.5941 F300
G1 X90.280 Y120.845 E186.7246 F300
G1 X88.500 Y119.919 E186.8550 F300
G1 X86.808 Y118.840 E186.9854 F300
G1 X85.216 Y117.619 E187.1158 F300
G1 X83.737 Y116.263 E187.2463 F300
G1 X82.381 Y114.784 E187.3767 F300
G1 X81.160 Y113.192 E187.5071 F300
G1 X80.081 Y111.500 E187.6375 F300
G1 X79.155 Y109.720 E187.7679 F300
G1 X78.387 Y107.866 E187.8984 F300
G1 X77.784 Y105.953 E188.0288 F300
G1 X77.349 Y103.994 E188.1592 F300
G1 X77.088 Y102.005 E188.2896 F300
G1 X77.000 Y100.000 E188.4201 F300
G1 X77.088 Y97.995 E188.5505 F300
G1 X77.349 Y96.006 E188.6809 F300
G1 X77.784 Y94.047 E188.8113 F300
G1 X78.387 Y92.134 E188.9417 F300
G1 X79.155 Y90.280 E189.0722 F300
G1 X80.081 Y88.500 E189.2026 F300
G1 X81.160 Y86.808 E189.3330 F300
G1 X82.381 Y85.216 E189.4634 F300
G1 X83.737 Y83.737 E189.5938 F300
G1 X85.216 Y82.381 E189.7243 F300
G1 X86.808 Y81.160 E189.8547 F300
G1 X88.500 Y80.081 E189.9851 F300
G1 X90.280 Y79.155 E190.1155 F300
G1 X92.134 Y78.387 E190.2460 F300
G1 X94.047 Y77.784 E190.3764 F300
G1 X96.006 Y77.349 E190.5068 F300
G1 X97.995 Y77.088 E190.6372 F300
G1 X100.000 Y77.000 E190.7676 F300
G1 X102.005 Y77.088 E190.8981 F300
G1 X103.994 Y77.349 E191.0285 F300
G1 X105.953 Y77.784 E191.1589 F300
G1 X107.866 Y78.387 E191.2893 F300
G1 X109.720 Y79.155 E191.4198 F300
G1 X111.500 Y80.081 E191.5502 F300
G1 X113.192 Y81.160 E191.6806 F300
G1 X114.784 Y82.381 E191.8110 F300
G1 X116.263 Y83.737 E191.9414 F300
G1 X117.619 Y85.216 E192.0719 F300
G1 X118.840 Y86.808 E192.2023 F300
G1 X119.919 Y88.500 E192.3327 F300
G1 X120.845 Y90.280 E192.4631 F300
G1 X121.613 Y92.134 E192.5936 F300
G1 X122.216 Y94.047 E192.7240 F300
G1 X122.651 Y96.006 E192.8544 F300
G1 X122.912 Y97.995 E192.9848 F300
G1 X123.000 Y100.000 E193.1152 F300
G1 E191.6152 F1200   ; Retract
G1 Z14.00 F600   ; Z-hop
G1 X119.000 Y100.000 F1200   ; Travel to tower fill ring 2
G1 Z13.00 F300   ; Lower to layer height
G1 E193.1152 F1200   ; Prime
G1 X118.928 Y98.344 E193.2230 F300
G1 X118.711 Y96.701 E193.3307 F300
G1 X118.353 Y95.082 E193.4385 F300
G1 X117.854 Y93.502 E193.5462 F300
G1 X117.220 Y91.970 E193.6539 F300
G1 X116.454 Y90.500 E193.7617 F300
G1 X115.564 Y89.102 E193.8694 F300
G1 X114.555 Y87.787 E193.9772 F300
G1 X113.435 Y86.565 E194.0849 F300
G1 X112.213 Y85.445 E194.1926 F300
G1 X110.898 Y84.436 E194.3004 F300
G1 X109.500 Y83.546 E194.4081 F300
G1 X108.030 Y82.780 E194.5159 F300
G1 X106.498 Y82.146 E194.6236 F300
G1 X104.918 Y81.647 E194.7313 F300
G1 X103.299 Y81.289 E194.8391 F300
G1 X101.656 Y81.072 E194.9468 F300
G1 X100.000 Y81.000 E195.0546 F300
G1 X98.344 Y81.072 E195.1623 F300
G1 X96.701 Y81.289 E195.2700 F300
G1 X95.082 Y81.647 E195.3778 F300
G1 X93.502 Y82.146 E195.4855 F300
G1 X91.970 Y82.780 E195.5933 F300
G1 X90.500 Y83.546 E195.7010 F300
G1 X89.102 Y84.436 E195.8087 F300
G1 X87.787 Y85.445 E195.9165 F300
G1 X86.565 Y86.565 E196.0242 F300
G1 X85.445 Y87.787 E196.1320 F300
G1 X84.436 Y89.102 E196.2397 F300
G1 X83.546 Y90.500 E196.3474 F300
G1 X82.780 Y91.970 E196.4552 F300
G1 X82.146 Y93.502 E196.5629 F300
G1 X81.647 Y95.082 E196.6707 F300
G1 X81.289 Y96.701 E196.7784 F300
G1 X81.072 Y98.344 E196.8861 F300
G1 X81.000 Y100.000 E196.9939 F300
G1 X81.072 Y101.656 E197.1016 F300
G1 X81.289 Y103.299 E197.2094 F300
G1 X81.647 Y104.918 E197.3171 F300
G1 X82.146 Y106.498 E197.4248 F300
G1 X82.780 Y108.030 E197.5326 F300
G1 X83.546 Y109.500 E197.6403 F300
G1 X84.436 Y110.898 E197.7481 F300
G1 X85.445 Y112.213 E197.8558 F300
G1 X86.565 Y113.435 E197.9635 F300
G1 X87.787 Y114.555 E198.0713 F300
G1 X89.102 Y115.564 E198.1790 F300
G1 X90.500 Y116.454 E198.2868 F300
G1 X91.970 Y117.220 E198.3945 F300
G1 X93.502 Y117.854 E198.5022 F300
G1 X95.082 Y118.353 E198.6100 F300
G1 X96.701 Y118.711 E198.7177 F300
G1 X98.344 Y118.928 E198.8255 F300
G1 X100.000 Y119.000 E198.9332 F300
G1 X101.656 Y118.928 E199.0409 F300
G1 X103.299 Y118.711 E199.1487 F300
G1 X104.918 Y118.353 E199.2564 F300
G1 X106.498 Y117.854 E199.3642 F300
G1 X108.030 Y117.220 E199.4719 F300
G1 X109.500 Y116.454 E199.5796 F300
G1 X110.898 Y115.564 E199.6874 F300
G1 X112.213 Y114.555 E199.7951 F300
G1 X113.435 Y113.435 E199.9029 F300
G1 X114.555 Y112.213 E200.0106 F300
G1 X115.564 Y110.898 E200.1183 F300
G1 X116.454 Y109.500 E200.2261 F300
G1 X117.220 Y108.030 E200.3338 F300
G1 X117.854 Y106.498 E200.4416 F300
G1 X118.353 Y104.918 E200.5493 F300
G1 X118.711 Y103.299 E200.6570 F300
G1 X118.928 Y101.656 E200.7648 F300
G1 X119.000 Y100.000 E200.8725 F300
G1 E199.3725 F1200   ; Retract
G1 Z14.00 F600   ; Z-hop
G1 X115.000 Y100.000 F1200   ; Travel to tower fill ring 3
G1 Z13.00 F300   ; Lower to layer height
G1 E200.8725 F1200   ; Prime
G1 X114.943 Y101.307 E200.9576 F300
G1 X114.772 Y102.605 E201.0426 F300
G1 X114.489 Y103.882 E201.1277 F300
G1 X114.095 Y105.130 E201.2127 F300
G1 X113.595 Y106.339 E201.2978 F300
G1 X112.990 Y107.500 E201.3829 F300
G1 X112.287 Y108.604 E201.4679 F300
G1 X111.491 Y109.642 E201.5530 F300
G1 X110.607 Y110.607 E201.6380 F300
G1 X109.642 Y111.491 E201.7231 F300
G1 X108.604 Y112.287 E201.8081 F300
G1 X107.500 Y112.990 E201.8932 F300
G1 X106.339 Y113.595 E201.9783 F300
G1 X105.130 Y114.095 E202.0633 F300
G1 X103.882 Y114.489 E202.1484 F300
G1 X102.605 Y114.772 E202.2334 F300
G1 X101.307 Y114.943 E202.3185 F300
G1 X100.000 Y115.000 E202.4036 F300
G1 X98.693 Y114.943 E202.4886 F300
G1 X97.395 Y114.772 E202.5737 F300
G1 X96.118 Y114.489 E202.6587 F300
G1 X94.870 Y114.095 E202.7438 F300
G1 X93.661 Y113.595 E202.8288 F300
G1 X92.500 Y112.990 E202.9139 F300
G1 X91.396 Y112.287 E202.9990 F300
G1 X90.358 Y111.491 E203.0840 F300
G1 X89.393 Y110.607 E203.1691 F300
G1 X88.509 Y109.642 E203.2541 F300
G1 X87.713 Y108.604 E203.3392 F300
G1 X87.010 Y107.500 E203.4242 F300
G1 X86.405 Y106.339 E203.5093 F300
G1 X85.905 Y105.130 E203.5944 F300
G1 X85.511 Y103.882 E203.6794 F300
G1 X85.228 Y102.605 E203.7645 F300
G1 X85.057 Y101.307 E203.8495 F300
G1 X85.000 Y100.000 E203.9346 F300
G1 X85.057 Y98.693 E204.0197 F300
G1 X85.228 Y97.395 E204.1047 F300
G1 X85.511 Y96.118 E204.1898 F300
G1 X85.905 Y94.870 E204.2748 F300
G1 X86.405 Y93.661 E204.3599 F300
G1 X87.010 Y92.500 E204.4449 F300
G1 X87.713 Y91.396 E204.5300 F300
G1 X88.509 Y90.358 E204.6151 F300
G1 X89.393 Y89.393 E204.7001 F300
G1 X90.358 Y88.509 E204.7852 F300
G1 X91.396 Y87.713 E204.8702 F300
G1 X92.500 Y87.010 E204.9553 F300
G1 X93.661 Y86.405 E205.0403 F300
G1 X94.870 Y85.905 E205.1254 F300
G1 X96.118 Y85.511 E205.2105 F300
G1 X97.395 Y85.228 E205.2955 F300
G1 X98.693 Y85.057 E205.3806 F300
G1 X100.000 Y85.000 E205.4656 F300
G1 X101.307 Y85.057 E205.5507 F300
G1 X102.605 Y85.228 E205.6358 F300
G1 X103.882 Y85.511 E205.7208 F300
G1 X105.130 Y85.905 E205.8059 F300
G1 X106.339 Y86.405 E205.8909 F300
G1 X107.500 Y87.010 E205.9760 F300
G1 X108.604 Y87.713 E206.0610 F300
G1 X109.642 Y88.509 E206.1461 F300
G1 X110.607 Y89.393 E206.2312 F300
G1 X111.491 Y90.358 E206.3162 F300
G1 X112.287 Y91.396 E206.4013 F300
G1 X112.990 Y92.500 E206.4863 F300
G1 X113.595 Y93.661 E206.5714 F300
G1 X114.095 Y94.870 E206.6564 F300
G1 X114.489 Y96.118 E206.7415 F300
G1 X114.772 Y97.395 E206.8266 F300
G1 X114.943 Y98.693 E206.9116 F300
G1 X115.000 Y100.000 E206.9967 F300
G1 E205.4967 F1200   ; Retract
G1 Z14.00 F600   ; Z-hop
G1 X111.000 Y100.000 F1200   ; Travel to tower fill ring 4
G1 Z13.00 F300   ; Lower to layer height
G1 E206.9967 F1200   ; Prime
G1 X110.958 Y99.041 E207.0591 F300
G1 X110.833 Y98.090 E207.1214 F300
G1 X110.625 Y97.153 E207.1838 F300
G1 X110.337 Y96.238 E207.2462 F300
G1 X109.969 Y95.351 E207.3086 F300
G1 X109.526 Y94.500 E207.3709 F300
G1 X109.011 Y93.691 E207.4333 F300
G1 X108.426 Y92.929 E207.4957 F300
G1 X107.778 Y92.222 E207.5581 F300
G1 X107.071 Y91.574 E207.6204 F300
G1 X106.309 Y90.989 E207.6828 F300
G1 X105.500 Y90.474 E207.7452 F300
G1 X104.649 Y90.031 E207.8076 F300
G1 X103.762 Y89.663 E207.8699 F300
G1 X102.847 Y89.375 E207.9323 F300
G1 X101.910 Y89.167 E207.9947 F300
G1 X100.959 Y89.042 E208.0571 F300
G1 X100.000 Y89.000 E208.1194 F300
G1 X99.041 Y89.042 E208.1818 F300
G1 X98.090 Y89.167 E208.2442 F300
G1 X97.153 Y89.375 E208.3066 F300
G1 X96.238 Y89.663 E208.3689 F300
G1 X95.351 Y90.031 E208.4313 F300
G1 X94.500 Y90.474 E208.4937 F300
G1 X93.691 Y90.989 E208.5561 F300
G1 X92.929 Y91.574 E208.6184 F300
G1 X92.222 Y92.222 E208.6808 F300
G1 X91.574 Y92.929 E208.7432 F300
G1 X90.989 Y93.691 E208.8056 F300
G1 X90.474 Y94.500 E208.8679 F300
G1 X90.031 Y95.351 E208.9303 F300
G1 X89.663 Y96.238 E208.9927 F300
G1 X89.375 Y97.153 E209.0551 F300
G1 X89.167 Y98.090 E209.1174 F300
G1 X89.042 Y99.041 E209.1798 F300
G1 X89.000 Y100.000 E209.2422 F300
G1 X89.042 Y100.959 E209.3046 F300
G1 X89.167 Y101.910 E209.3670 F300
G1 X89.375 Y102.847 E209.4293 F300
G1 X89.663 Y103.762 E209.4917 F300
G1 X90.031 Y104.649 E209.5541 F300
G1 X90.474 Y105.500 E209.6165 F300
G1 X90.989 Y106.309 E209.6788 F300
G1 X91.574 Y107.071 E209.7412 F300
G1 X92.222 Y107.778 E209.8036 F300
G1 X92.929 Y108.426 E209.8660 F300
G1 X93.691 Y109.011 E209.9283 F300
G1 X94.500 Y109.526 E209.9907 F300
G1 X95.351 Y109.969 E210.0531 F300
G1 X96.238 Y110.337 E210.1155 F300
G1 X97.153 Y110.625 E210.1778 F300
G1 X98.090 Y110.833 E210.2402 F300
G1 X99.041 Y110.958 E210.3026 F300
G1 X100.000 Y111.000 E210.3650 F300
G1 X100.959 Y110.958 E210.4273 F300
G1 X101.910 Y110.833 E210.4897 F300
G1 X102.847 Y110.625 E210.5521 F300
G1 X103.762 Y110.337 E210.6145 F300
G1 X104.649 Y109.969 E210.6768 F300
G1 X105.500 Y109.526 E210.7392 F300
G1 X106.309 Y109.011 E210.8016 F300
G1 X107.071 Y108.426 E210.8640 F300
G1 X107.778 Y107.778 E210.9263 F300
G1 X108.426 Y107.071 E210.9887 F300
G1 X109.011 Y106.309 E211.0511 F300
G1 X109.526 Y105.500 E211.1135 F300
G1 X109.969 Y104.649 E211.1758 F300
G1 X110.337 Y103.762 E211.2382 F300
G1 X110.625 Y102.847 E211.3006 F300
G1 X110.833 Y101.910 E211.3630 F300
G1 X110.958 Y100.959 E211.4254 F300
G1 X111.000 Y100.000 E211.4877 F300
G1 E209.9877 F1200   ; Retract
G1 Z14.00 F600   ; Z-hop
G1 X107.000 Y100.000 F1200   ; Travel to tower fill ring 5
G1 Z13.00 F300   ; Lower to layer height
G1 E211.4877 F1200   ; Prime
G1 X106.973 Y100.610 E211.5274 F300
G1 X106.894 Y101.216 E211.5671 F300
G1 X106.761 Y101.812 E211.6068 F300
G1 X106.578 Y102.394 E211.6465 F300
G1 X106.344 Y102.958 E211.6862 F300
G1 X106.062 Y103.500 E211.7259 F300
G1 X105.734 Y104.015 E211.7656 F300
G1 X105.362 Y104.500 E211.8053 F300
G1 X104.950 Y104.950 E211.8450 F300
G1 X104.500 Y105.362 E211.8847 F300
G1 X104.015 Y105.734 E211.9244 F300
G1 X103.500 Y106.062 E211.9641 F300
G1 X102.958 Y106.344 E212.0037 F300
G1 X102.394 Y106.578 E212.0434 F300
G1 X101.812 Y106.761 E212.0831 F300
G1 X101.216 Y106.894 E212.1228 F300
G1 X100.610 Y106.973 E212.1625 F300
G1 X100.000 Y107.000 E212.2022 F300
G1 X99.390 Y106.973 E212.2419 F300
G1 X98.784 Y106.894 E212.2816 F300
G1 X98.188 Y106.761 E212.3213 F300
G1 X97.606 Y106.578 E212.3610 F300
G1 X97.042 Y106.344 E212.4007 F300
G1 X96.500 Y106.062 E212.4404 F300
G1 X95.985 Y105.734 E212.4801 F300
G1 X95.500 Y105.362 E212.5198 F300
G1 X95.050 Y104.950 E212.5595 F300
G1 X94.638 Y104.500 E212.5991 F300
G1 X94.266 Y104.015 E212.6388 F300
G1 X93.938 Y103.500 E212.6785 F300
G1 X93.656 Y102.958 E212.7182 F300
G1 X93.422 Y102.394 E212.7579 F300
G1 X93.239 Y101.812 E212.7976 F300
G1 X93.106 Y101.216 E212.8373 F300
G1 X93.027 Y100.610 E212.8770 F300
G1 X93.000 Y100.000 E212.9167 F300
G1 X93.027 Y99.390 E212.9564 F300
G1 X93.106 Y98.784 E212.9961 F300
G1 X93.239 Y98.188 E213.0358 F300
G1 X93.422 Y97.606 E213.0755 F300
G1 X93.656 Y97.042 E213.1152 F300
G1 X93.938 Y96.500 E213.1549 F300
G1 X94.266 Y95.985 E213.1946 F300
G1 X94.638 Y95.500 E213.2342 F300
G1 X95.050 Y95.050 E213.2739 F300
G1 X95.500 Y94.638 E213.3136 F300
G1 X95.985 Y94.266 E213.3533 F300
G1 X96.500 Y93.938 E213.3930 F300
G1 X97.042 Y93.656 E213.4327 F300
G1 X97.606 Y93.422 E213.4724 F300
G1 X98.188 Y93.239 E213.5121 F300
G1 X98.784 Y93.106 E213.5518 F300
G1 X99.390 Y93.027 E213.5915 F300
G1 X100.000 Y93.000 E213.6312 F300
G1 X100.610 Y93.027 E213.6709 F300
G1 X101.216 Y93.106 E213.7106 F300
G1 X101.812 Y93.239 E213.7503 F300
G1 X102.394 Y93.422 E213.7900 F300
G1 X102.958 Y93.656 E213.8297 F300
G1 X103.500 Y93.938 E213.8693 F300
G1 X104.015 Y94.266 E213.9090 F300
G1 X104.500 Y94.638 E213.9487 F300
G1 X104.950 Y95.050 E213.9884 F300
G1 X105.362 Y95.500 E214.0281 F300
G1 X105.734 Y95.985 E214.0678 F300
G1 X106.062 Y96.500 E214.1075 F300
G1 X106.344 Y97.042 E214.1472 F300
G1 X106.578 Y97.606 E214.1869 F300
G1 X106.761 Y98.188 E214.2266 F300
G1 X106.894 Y98.784 E214.2663 F300
G1 X106.973 Y99.390 E214.3060 F300
G1 X107.000 Y100.000 E214.3457 F300
G1 E212.8457 F1200   ; Retract

; === TOWER LAYER 8/20 (Z=15.0mm, tower fill) ===
G1 Z16.00 F600   ; Z-hop
G1 X123.000 Y100.000 F1200   ; Travel to tower fill ring 1
G1 Z15.00 F300   ; Lower to layer height
G1 E214.3457 F1200   ; Prime
G1 X122.912 Y102.005 E214.4761 F300
G1 X122.651 Y103.994 E214.6065 F300
G1 X122.216 Y105.953 E214.7369 F300
G1 X121.613 Y107.866 E214.8674 F300
G1 X120.845 Y109.720 E214.9978 F300
G1 X119.919 Y111.500 E215.1282 F300
G1 X118.840 Y113.192 E215.2586 F300
G1 X117.619 Y114.784 E215.3890 F300
G1 X116.263 Y116.263 E215.5195 F300
G1 X114.784 Y117.619 E215.6499 F300
G1 X113.192 Y118.840 E215.7803 F300
G1 X111.500 Y119.919 E215.9107 F300
G1 X109.720 Y120.845 E216.0412 F300
G1 X107.866 Y121.613 E216.1716 F300
G1 X105.953 Y122.216 E216.3020 F300
G1 X103.994 Y122.651 E216.4324 F300
G1 X102.005 Y122.912 E216.5628 F300
G1 X100.000 Y123.000 E216.6933 F300
G1 X97.995 Y122.912 E216.8237 F300
G1 X96.006 Y122.651 E216.9541 F300
G1 X94.047 Y122.216 E217.0845 F300
G1 X92.134 Y121.613 E217.2150 F300
G1 X90.280 Y120.845 E217.3454 F300
G1 X88.500 Y119.919 E217.4758 F300
G1 X86.808 Y118.840 E217.6062 F300
G1 X85.216 Y117.619 E217.7366 F300
G1 X83.737 Y116.263 E217.8671 F300
G1 X82.381 Y114.784 E217.9975 F300
G1 X81.160 Y113.192 E218.1279 F300
G1 X80.081 Y111.500 E218.2583 F300
G1 X79.155 Y109.720 E218.3888 F300
G1 X78.387 Y107.866 E218.5192 F300
G1 X77.784 Y105.953 E218.6496 F300
G1 X77.349 Y103.994 E218.7800 F300
G1 X77.088 Y102.005 E218.9104 F300
G1 X77.000 Y100.000 E219.0409 F300
G1 X77.088 Y97.995 E219.1713 F300
G1 X77.349 Y96.006 E219.3017 F300
G1 X77.784 Y94.047 E219.4321 F300
G1 X78.387 Y92.134 E219.5625 F300
G1 X79.155 Y90.280 E219.6930 F300
G1 X80.081 Y88.500 E219.8234 F300
G1 X81.160 Y86.808 E219.9538 F300
G1 X82.381 Y85.216 E220.0842 F300
G1 X83.737 Y83.737 E220.2147 F300
G1 X85.216 Y82.381 E220.3451 F300
G1 X86.808 Y81.160 E220.4755 F300
G1 X88.500 Y80.081 E220.6059 F300
G1 X90.280 Y79.155 E220.7363 F300
G1 X92.134 Y78.387 E220.8668 F300
G1 X94.047 Y77.784 E220.9972 F300
G1 X96.006 Y77.349 E221.1276 F300
G1 X97.995 Y77.088 E221.2580 F300
G1 X100.000 Y77.000 E221.3885 F300
G1 X102.005 Y77.088 E221.5189 F300
G1 X103.994 Y77.349 E221.6493 F300
G1 X105.953 Y77.784 E221.7797 F300
G1 X107.866 Y78.387 E221.9101 F300
G1 X109.720 Y79.155 E222.0406 F300
G1 X111.500 Y80.081 E222.1710 F300
G1 X113.192 Y81.160 E222.3014 F300
G1 X114.784 Y82.381 E222.4318 F300
G1 X116.263 Y83.737 E222.5623 F300
G1 X117.619 Y85.216 E222.6927 F300
G1 X118.840 Y86.808 E222.8231 F300
G1 X119.919 Y88.500 E222.9535 F300
G1 X120.845 Y90.280 E223.0839 F300
G1 X121.613 Y92.134 E223.2144 F300
G1 X122.216 Y94.047 E223.3448 F300
G1 X122.651 Y96.006 E223.4752 F300
G1 X122.912 Y97.995 E223.6056 F300
G1 X123.000 Y100.000 E223.7361 F300
G1 E222.2361 F1200   ; Retract
G1 Z16.00 F600   ; Z-hop
G1 X119.000 Y100.000 F1200   ; Travel to tower fill ring 2
G1 Z15.00 F300   ; Lower to layer height
G1 E223.7361 F1200   ; Prime
G1 X118.928 Y98.344 E223.8438 F300
G1 X118.711 Y96.701 E223.9515 F300
G1 X118.353 Y95.082 E224.0593 F300
G1 X117.854 Y93.502 E224.1670 F300
G1 X117.220 Y91.970 E224.2748 F300
G1 X116.454 Y90.500 E224.3825 F300
G1 X115.564 Y89.102 E224.4902 F300
G1 X114.555 Y87.787 E224.5980 F300
G1 X113.435 Y86.565 E224.7057 F300
G1 X112.213 Y85.445 E224.8135 F300
G1 X110.898 Y84.436 E224.9212 F300
G1 X109.500 Y83.546 E225.0289 F300
G1 X108.030 Y82.780 E225.1367 F300
G1 X106.498 Y82.146 E225.2444 F300
G1 X104.918 Y81.647 E225.3521 F300
G1 X103.299 Y81.289 E225.4599 F300
G1 X101.656 Y81.072 E225.5676 F300
G1 X100.000 Y81.000 E225.6754 F300
G1 X98.344 Y81.072 E225.7831 F300
G1 X96.701 Y81.289 E225.8908 F300
G1 X95.082 Y81.647 E225.9986 F300
G1 X93.502 Y82.146 E226.1063 F300
G1 X91.970 Y82.780 E226.2141 F300
G1 X90.500 Y83.546 E226.3218 F300
G1 X89.102 Y84.436 E226.4295 F300
G1 X87.787 Y85.445 E226.5373 F300
G1 X86.565 Y86.565 E226.6450 F300
G1 X85.445 Y87.787 E226.7528 F300
G1 X84.436 Y89.102 E226.8605 F300
G1 X83.546 Y90.500 E226.9682 F300
G1 X82.780 Y91.970 E227.0760 F300
G1 X82.146 Y93.502 E227.1837 F300
G1 X81.647 Y95.082 E227.2915 F300
G1 X81.289 Y96.701 E227.3992 F300
G1 X81.072 Y98.344 E227.5069 F300
G1 X81.000 Y100.000 E227.6147 F300
G1 X81.072 Y101.656 E227.7224 F300
G1 X81.289 Y103.299 E227.8302 F300
G1 X81.647 Y104.918 E227.9379 F300
G1 X82.146 Y106.498 E228.0456 F300
G1 X82.780 Y108.030 E228.1534 F300
G1 X83.546 Y109.500 E228.2611 F300
G1 X84.436 Y110.898 E228.3689 F300
G1 X85.445 Y112.213 E228.4766 F300
G1 X86.565 Y113.435 E228.5843 F300
G1 X87.787 Y114.555 E228.6921 F300
G1 X89.102 Y115.564 E228.7998 F300
G1 X90.500 Y116.454 E228.9076 F300
G1 X91.970 Y117.220 E229.0153 F300
G1 X93.502 Y117.854 E229.1230 F300
G1 X95.082 Y118.353 E229.2308 F300
G1 X96.701 Y118.711 E229.3385 F300
G1 X98.344 Y118.928 E229.4463 F300
G1 X100.000 Y119.000 E229.5540 F300
G1 X101.656 Y118.928 E229.6617 F300
G1 X103.299 Y118.711 E229.7695 F300
G1 X104.918 Y118.353 E229.8772 F300
G1 X106.498 Y117.854 E229.9850 F300
G1 X108.030 Y117.220 E230.0927 F300
G1 X109.500 Y116.454 E230.2004 F300
G1 X110.898 Y115.564 E230.3082 F300
G1 X112.213 Y114.555 E230.4159 F300
G1 X113.435 Y113.435 E230.5237 F300
G1 X114.555 Y112.213 E230.6314 F300
G1 X115.564 Y110.898 E230.7391 F300
G1 X116.454 Y109.500 E230.8469 F300
G1 X117.220 Y108.030 E230.9546 F300
G1 X117.854 Y106.498 E231.0624 F300
G1 X118.353 Y104.918 E231.1701 F300
G1 X118.711 Y103.299 E231.2778 F300
G1 X118.928 Y101.656 E231.3856 F300
G1 X119.000 Y100.000 E231.4933 F300
G1 E229.9933 F1200   ; Retract
G1 Z16.00 F600   ; Z-hop
G1 X115.000 Y100.000 F1200   ; Travel to tower fill ring 3
G1 Z15.00 F300   ; Lower to layer height
G1 E231.4933 F1200   ; Prime
G1 X114.943 Y101.307 E231.5784 F300
G1 X114.772 Y102.605 E231.6634 F300
G1 X114.489 Y103.882 E231.7485 F300
G1 X114.095 Y105.130 E231.8336 F300
G1 X113.595 Y106.339 E231.9186 F300
G1 X112.990 Y107.500 E232.0037 F300
G1 X112.287 Y108.604 E232.0887 F300
G1 X111.491 Y109.642 E232.1738 F300
G1 X110.607 Y110.607 E232.2588 F300
G1 X109.642 Y111.491 E232.3439 F300
G1 X108.604 Y112.287 E232.4290 F300
G1 X107.500 Y112.990 E232.5140 F300
G1 X106.339 Y113.595 E232.5991 F300
G1 X105.130 Y114.095 E232.6841 F300
G1 X103.882 Y114.489 E232.7692 F300
G1 X102.605 Y114.772 E232.8542 F300
G1 X101.307 Y114.943 E232.9393 F300
G1 X100.000 Y115.000 E233.0244 F300
G1 X98.693 Y114.943 E233.1094 F300
G1 X97.395 Y114.772 E233.1945 F300
G1 X96.118 Y114.489 E233.2795 F300
G1 X94.870 Y114.095 E233.3646 F300
G1 X93.661 Y113.595 E233.4497 F300
G1 X92.500 Y112.990 E233.5347 F300
G1 X91.396 Y112.287 E233.6198 F300
G1 X90.358 Y111.491 E233.7048 F300
G1 X89.393 Y110.607 E233.7899 F300
G1 X88.509 Y109.642 E233.8749 F300
G1 X87.713 Y108.604 E233.9600 F300
G1 X87.010 Y107.500 E234.0451 F300
G1 X86.405 Y106.339 E234.1301 F300
G1 X85.905 Y105.130 E234.2152 F300
G1 X85.511 Y103.882 E234.3002 F300
G1 X85.228 Y102.605 E234.3853 F300
G1 X85.057 Y101.307 E234.4703 F300
G1 X85.000 Y100.000 E234.5554 F300
G1 X85.057 Y98.693 E234.6405 F300
G1 X85.228 Y97.395 E234.7255 F300
G1 X85.511 Y96.118 E234.8106 F300
G1 X85.905 Y94.870 E234.8956 F300
G1 X86.405 Y93.661 E234.9807 F300
G1 X87.010 Y92.500 E235.0658 F300
G1 X87.713 Y91.396 E235.1508 F300
G1 X88.509 Y90.358 E235.2359 F300
G1 X89.393 Y89.393 E235.3209 F300
G1 X90.358 Y88.509 E235.4060 F300
G1 X91.396 Y87.713 E235.4910 F300
G1 X92.500 Y87.010 E235.5761 F300
G1 X93.661 Y86.405 E235.6612 F300
G1 X94.870 Y85.905 E235.7462 F300
G1 X96.118 Y85.511 E235.8313 F300
G1 X97.395 Y85.228 E235.9163 F300
G1 X98.693 Y85.057 E236.0014 F300
G1 X100.000 Y85.000 E236.0864 F300
G1 X101.307 Y85.057 E236.1715 F300
G1 X102.605 Y85.228 E236.2566 F300
G1 X103.882 Y85.511 E236.3416 F300
G1 X105.130 Y85.905 E236.4267 F300
G1 X106.339 Y86.405 E236.5117 F300
G1 X107.500 Y87.010 E236.5968 F300
G1 X108.604 Y87.713 E236.6818 F300
G1 X109.642 Y88.509 E236.7669 F300
G1 X110.607 Y89.393 E236.8520 F300
G1 X111.491 Y90.358 E236.9370 F300
G1 X112.287 Y91.396 E237.0221 F300
G1 X112.990 Y92.500 E237.1071 F300
G1 X113.595 Y93.661 E237.1922 F300
G1 X114.095 Y94.870 E237.2773 F300
G1 X114.489 Y96.118 E237.3623 F300
G1 X114.772 Y97.395 E237.4474 F300
G1 X114.943 Y98.693 E237.5324 F300
G1 X115.000 Y100.000 E237.6175 F300
G1 E236.1175 F1200   ; Retract
G1 Z16.00 F600   ; Z-hop
G1 X111.000 Y100.000 F1200   ; Travel to tower fill ring 4
G1 Z15.00 F300   ; Lower to layer height
G1 E237.6175 F1200   ; Prime
G1 X110.958 Y99.041 E237.6799 F300
G1 X110.833 Y98.090 E237.7422 F300
G1 X110.625 Y97.153 E237.8046 F300
G1 X110.337 Y96.238 E237.8670 F300
G1 X109.969 Y95.351 E237.9294 F300
G1 X109.526 Y94.500 E237.9917 F300
G1 X109.011 Y93.691 E238.0541 F300
G1 X108.426 Y92.929 E238.1165 F300
G1 X107.778 Y92.222 E238.1789 F300
G1 X107.071 Y91.574 E238.2412 F300
G1 X106.309 Y90.989 E238.3036 F300
G1 X105.500 Y90.474 E238.3660 F300
G1 X104.649 Y90.031 E238.4284 F300
G1 X103.762 Y89.663 E238.4907 F300
G1 X102.847 Y89.375 E238.5531 F300
G1 X101.910 Y89.167 E238.6155 F300
G1 X100.959 Y89.042 E238.6779 F300
G1 X100.000 Y89.000 E238.7402 F300
G1 X99.041 Y89.042 E238.8026 F300
G1 X98.090 Y89.167 E238.8650 F300
G1 X97.153 Y89.375 E238.9274 F300
G1 X96.238 Y89.663 E238.9898 F300
G1 X95.351 Y90.031 E239.0521 F300
G1 X94.500 Y90.474 E239.1145 F300
G1 X93.691 Y90.989 E239.1769 F300
G1 X92.929 Y91.574 E239.2393 F300
G1 X92.222 Y92.222 E239.3016 F300
G1 X91.574 Y92.929 E239.3640 F300
G1 X90.989 Y93.691 E239.4264 F300
G1 X90.474 Y94.500 E239.4888 F300
G1 X90.031 Y95.351 E239.5511 F300
G1 X89.663 Y96.238 E239.6135 F300
G1 X89.375 Y97.153 E239.6759 F300
G1 X89.167 Y98.090 E239.7383 F300
G1 X89.042 Y99.041 E239.8006 F300
G1 X89.000 Y100.000 E239.8630 F300
G1 X89.042 Y100.959 E239.9254 F300
G1 X89.167 Y101.910 E239.9878 F300
G1 X89.375 Y102.847 E240.0501 F300
G1 X89.663 Y103.762 E240.1125 F300
G1 X90.031 Y104.649 E240.1749 F300
G1 X90.474 Y105.500 E240.2373 F300
G1 X90.989 Y106.309 E240.2996 F300
G1 X91.574 Y107.071 E240.3620 F300
G1 X92.222 Y107.778 E240.4244 F300
G1 X92.929 Y108.426 E240.4868 F300
G1 X93.691 Y109.011 E240.5491 F300
G1 X94.500 Y109.526 E240.6115 F300
G1 X95.351 Y109.969 E240.6739 F300
G1 X96.238 Y110.337 E240.7363 F300
G1 X97.153 Y110.625 E240.7986 F300
G1 X98.090 Y110.833 E240.8610 F300
G1 X99.041 Y110.958 E240.9234 F300
G1 X100.000 Y111.000 E240.9858 F300
G1 X100.959 Y110.958 E241.0481 F300
G1 X101.910 Y110.833 E241.1105 F300
G1 X102.847 Y110.625 E241.1729 F300
G1 X103.762 Y110.337 E241.2353 F300
G1 X104.649 Y109.969 E241.2977 F300
G1 X105.500 Y109.526 E241.3600 F300
G1 X106.309 Y109.011 E241.4224 F300
G1 X107.071 Y108.426 E241.4848 F300
G1 X107.778 Y107.778 E241.5472 F300
G1 X108.426 Y107.071 E241.6095 F300
G1 X109.011 Y106.309 E241.6719 F300
G1 X109.526 Y105.500 E241.7343 F300
G1 X109.969 Y104.649 E241.7967 F300
G1 X110.337 Y103.762 E241.8590 F300
G1 X110.625 Y102.847 E241.9214 F300
G1 X110.833 Y101.910 E241.9838 F300
G1 X110.958 Y100.959 E242.0462 F300
G1 X111.000 Y100.000 E242.1085 F300
G1 E240.6085 F1200   ; Retract
G1 Z16.00 F600   ; Z-hop
G1 X107.000 Y100.000 F1200   ; Travel to tower fill ring 5
G1 Z15.00 F300   ; Lower to layer height
G1 E242.1085 F1200   ; Prime
G1 X106.973 Y100.610 E242.1482 F300
G1 X106.894 Y101.216 E242.1879 F300
G1 X106.761 Y101.812 E242.2276 F300
G1 X106.578 Y102.394 E242.2673 F300
G1 X106.344 Y102.958 E242.3070 F300
G1 X106.062 Y103.500 E242.3467 F300
G1 X105.734 Y104.015 E242.3864 F300
G1 X105.362 Y104.500 E242.4261 F300
G1 X104.950 Y104.950 E242.4658 F300
G1 X104.500 Y105.362 E242.5055 F300
G1 X104.015 Y105.734 E242.5452 F300
G1 X103.500 Y106.062 E242.5849 F300
G1 X102.958 Y106.344 E242.6246 F300
G1 X102.394 Y106.578 E242.6642 F300
G1 X101.812 Y106.761 E242.7039 F300
G1 X101.216 Y106.894 E242.7436 F300
G1 X100.610 Y106.973 E242.7833 F300
G1 X100.000 Y107.000 E242.8230 F300
G1 X99.390 Y106.973 E242.8627 F300
G1 X98.784 Y106.894 E242.9024 F300
G1 X98.188 Y106.761 E242.9421 F300
G1 X97.606 Y106.578 E242.9818 F300
G1 X97.042 Y106.344 E243.0215 F300
G1 X96.500 Y106.062 E243.0612 F300
G1 X95.985 Y105.734 E243.1009 F300
G1 X95.500 Y105.362 E243.1406 F300
G1 X95.050 Y104.950 E243.1803 F300
G1 X94.638 Y104.500 E243.2200 F300
G1 X94.266 Y104.015 E243.2597 F300
G1 X93.938 Y103.500 E243.2993 F300
G1 X93.656 Y102.958 E243.3390 F300
G1 X93.422 Y102.394 E243.3787 F300
G1 X93.239 Y101.812 E243.4184 F300
G1 X93.106 Y101.216 E243.4581 F300
G1 X93.027 Y100.610 E243.4978 F300
G1 X93.000 Y100.000 E243.5375 F300
G1 X93.027 Y99.390 E243.5772 F300
G1 X93.106 Y98.784 E243.6169 F300
G1 X93.239 Y98.188 E243.6566 F300
G1 X93.422 Y97.606 E243.6963 F300
G1 X93.656 Y97.042 E243.7360 F300
G1 X93.938 Y96.500 E243.7757 F300
G1 X94.266 Y95.985 E243.8154 F300
G1 X94.638 Y95.500 E243.8551 F300
G1 X95.050 Y95.050 E243.8948 F300
G1 X95.500 Y94.638 E243.9344 F300
G1 X95.985 Y94.266 E243.9741 F300
G1 X96.500 Y93.938 E244.0138 F300
G1 X97.042 Y93.656 E244.0535 F300
G1 X97.606 Y93.422 E244.0932 F300
G1 X98.188 Y93.239 E244.1329 F300
G1 X98.784 Y93.106 E244.1726 F300
G1 X99.390 Y93.027 E244.2123 F300
G1 X100.000 Y93.000 E244.2520 F300
G1 X100.610 Y93.027 E244.2917 F300
G1 X101.216 Y93.106 E244.3314 F300
G1 X101.812 Y93.239 E244.3711 F300
G1 X102.394 Y93.422 E244.4108 F300
G1 X102.958 Y93.656 E244.4505 F300
G1 X103.500 Y93.938 E244.4902 F300
G1 X104.015 Y94.266 E244.5298 F300
G1 X104.500 Y94.638 E244.5695 F300
G1 X104.950 Y95.050 E244.6092 F300
G1 X105.362 Y95.500 E244.6489 F300
G1 X105.734 Y95.985 E244.6886 F300
G1 X106.062 Y96.500 E244.7283 F300
G1 X106.344 Y97.042 E244.7680 F300
G1 X106.578 Y97.606 E244.8077 F300
G1 X106.761 Y98.188 E244.8474 F300
G1 X106.894 Y98.784 E244.8871 F300
G1 X106.973 Y99.390 E244.9268 F300
G1 X107.000 Y100.000 E244.9665 F300
G1 E243.4665 F1200   ; Retract

; === TOWER LAYER 9/20 (Z=17.0mm, tower fill) ===
G1 Z18.00 F600   ; Z-hop
G1 X123.000 Y100.000 F1200   ; Travel to tower fill ring 1
G1 Z17.00 F300   ; Lower to layer height
G1 E244.9665 F1200   ; Prime
G1 X122.912 Y102.005 E245.0969 F300
G1 X122.651 Y103.994 E245.2273 F300
G1 X122.216 Y105.953 E245.3577 F300
G1 X121.613 Y107.866 E245.4882 F300
G1 X120.845 Y109.720 E245.6186 F300
G1 X119.919 Y111.500 E245.7490 F300
G1 X118.840 Y113.192 E245.8794 F300
G1 X117.619 Y114.784 E246.0099 F300
G1 X116.263 Y116.263 E246.1403 F300
G1 X114.784 Y117.619 E246.2707 F300
G1 X113.192 Y118.840 E246.4011 F300
G1 X111.500 Y119.919 E246.5315 F300
G1 X109.720 Y120.845 E246.6620 F300
G1 X107.866 Y121.613 E246.7924 F300
G1 X105.953 Y122.216 E246.9228 F300
G1 X103.994 Y122.651 E247.0532 F300
G1 X102.005 Y122.912 E247.1837 F300
G1 X100.000 Y123.000 E247.3141 F300
G1 X97.995 Y122.912 E247.4445 F300
G1 X96.006 Y122.651 E247.5749 F300
G1 X94.047 Y122.216 E247.7053 F300
G1 X92.134 Y121.613 E247.8358 F300
G1 X90.280 Y120.845 E247.9662 F300
G1 X88.500 Y119.919 E248.0966 F300
G1 X86.808 Y118.840 E248.2270 F300
G1 X85.216 Y117.619 E248.3575 F300
G1 X83.737 Y116.263 E248.4879 F300
G1 X82.381 Y114.784 E248.6183 F300
G1 X81.160 Y113.192 E248.7487 F300
G1 X80.081 Y111.500 E248.8791 F300
G1 X79.155 Y109.720 E249.0096 F300
G1 X78.387 Y107.866 E249.1400 F300
G1 X77.784 Y105.953 E249.2704 F300
G1 X77.349 Y103.994 E249.4008 F300
G1 X77.088 Y102.005 E249.5312 F300
G1 X77.000 Y100.000 E249.6617 F300
G1 X77.088 Y97.995 E249.7921 F300
G1 X77.349 Y96.006 E249.9225 F300
G1 X77.784 Y94.047 E250.0529 F300
G1 X78.387 Y92.134 E250.1834 F300
G1 X79.155 Y90.280 E250.3138 F300
G1 X80.081 Y88.500 E250.4442 F300
G1 X81.160 Y86.808 E250.5746 F300
G1 X82.381 Y85.216 E250.7050 F300
G1 X83.737 Y83.737 E250.8355 F300
G1 X85.216 Y82.381 E250.9659 F300
G1 X86.808 Y81.160 E251.0963 F300
G1 X88.500 Y80.081 E251.2267 F300
G1 X90.280 Y79.155 E251.3572 F300
G1 X92.134 Y78.387 E251.4876 F300
G1 X94.047 Y77.784 E251.6180 F300
G1 X96.006 Y77.349 E251.7484 F300
G1 X97.995 Y77.088 E251.8788 F300
G1 X100.000 Y77.000 E252.0093 F300
G1 X102.005 Y77.088 E252.1397 F300
G1 X103.994 Y77.349 E252.2701 F300
G1 X105.953 Y77.784 E252.4005 F300
G1 X107.866 Y78.387 E252.5310 F300
G1 X109.720 Y79.155 E252.6614 F300
G1 X111.500 Y80.081 E252.7918 F300
G1 X113.192 Y81.160 E252.9222 F300
G1 X114.784 Y82.381 E253.0526 F300
G1 X116.263 Y83.737 E253.1831 F300
G1 X117.619 Y85.216 E253.3135 F300
G1 X118.840 Y86.808 E253.4439 F300
G1 X119.919 Y88.500 E253.5743 F300
G1 X120.845 Y90.280 E253.7048 F300
G1 X121.613 Y92.134 E253.8352 F300
G1 X122.216 Y94.047 E253.9656 F300
G1 X122.651 Y96.006 E254.0960 F300
G1 X122.912 Y97.995 E254.2264 F300
G1 X123.000 Y100.000 E254.3569 F300
G1 E252.8569 F1200   ; Retract
G1 Z18.00 F600   ; Z-hop
G1 X119.000 Y100.000 F1200   ; Travel to tower fill ring 2
G1 Z17.00 F300   ; Lower to layer height
G1 E254.3569 F1200   ; Prime
G1 X118.928 Y98.344 E254.4646 F300
G1 X118.711 Y96.701 E254.5723 F300
G1 X118.353 Y95.082 E254.6801 F300
G1 X117.854 Y93.502 E254.7878 F300
G1 X117.220 Y91.970 E254.8956 F300
G1 X116.454 Y90.500 E255.0033 F300
G1 X115.564 Y89.102 E255.1110 F300
G1 X114.555 Y87.787 E255.2188 F300
G1 X113.435 Y86.565 E255.3265 F300
G1 X112.213 Y85.445 E255.4343 F300
G1 X110.898 Y84.436 E255.5420 F300
G1 X109.500 Y83.546 E255.6497 F300
G1 X108.030 Y82.780 E255.7575 F300
G1 X106.498 Y82.146 E255.8652 F300
G1 X104.918 Y81.647 E255.9730 F300
G1 X103.299 Y81.289 E256.0807 F300
G1 X101.656 Y81.072 E256.1884 F300
G1 X100.000 Y81.000 E256.2962 F300
G1 X98.344 Y81.072 E256.4039 F300
G1 X96.701 Y81.289 E256.5117 F300
G1 X95.082 Y81.647 E256.6194 F300
G1 X93.502 Y82.146 E256.7271 F300
G1 X91.970 Y82.780 E256.8349 F300
G1 X90.500 Y83.546 E256.9426 F300
G1 X89.102 Y84.436 E257.0504 F300
G1 X87.787 Y85.445 E257.1581 F300
G1 X86.565 Y86.565 E257.2658 F300
G1 X85.445 Y87.787 E257.3736 F300
G1 X84.436 Y89.102 E257.4813 F300
G1 X83.546 Y90.500 E257.5891 F300
G1 X82.780 Y91.970 E257.6968 F300
G1 X82.146 Y93.502 E257.8045 F300
G1 X81.647 Y95.082 E257.9123 F300
G1 X81.289 Y96.701 E258.0200 F300
G1 X81.072 Y98.344 E258.1278 F300
G1 X81.000 Y100.000 E258.2355 F300
G1 X81.072 Y101.656 E258.3432 F300
G1 X81.289 Y103.299 E258.4510 F300
G1 X81.647 Y104.918 E258.5587 F300
G1 X82.146 Y106.498 E258.6665 F300
G1 X82.780 Y108.030 E258.7742 F300
G1 X83.546 Y109.500 E258.8819 F300
G1 X84.436 Y110.898 E258.9897 F300
G1 X85.445 Y112.213 E259.0974 F300
G1 X86.565 Y113.435 E259.2052 F300
G1 X87.787 Y114.555 E259.3129 F300
G1 X89.102 Y115.564 E259.4206 F300
G1 X90.500 Y116.454 E259.5284 F300
G1 X91.970 Y117.220 E259.6361 F300
G1 X93.502 Y117.854 E259.7439 F300
G1 X95.082 Y118.353 E259.8516 F300
G1 X96.701 Y118.711 E259.9593 F300
G1 X98.344 Y118.928 E260.0671 F300
G1 X100.000 Y119.000 E260.1748 F300
G1 X101.656 Y118.928 E260.2826 F300
G1 X103.299 Y118.711 E260.3903 F300
G1 X104.918 Y118.353 E260.4980 F300
G1 X106.498 Y117.854 E260.6058 F300
G1 X108.030 Y117.220 E260.7135 F300
G1 X109.500 Y116.454 E260.8213 F300
G1 X110.898 Y115.564 E260.9290 F300
G1 X112.213 Y114.555 E261.0367 F300
G1 X113.435 Y113.435 E261.1445 F300
G1 X114.555 Y112.213 E261.2522 F300
G1 X115.564 Y110.898 E261.3600 F300
G1 X116.454 Y109.500 E261.4677 F300
G1 X117.220 Y108.030 E261.5754 F300
G1 X117.854 Y106.498 E261.6832 F300
G1 X118.353 Y104.918 E261.7909 F300
G1 X118.711 Y103.299 E261.8987 F300
G1 X118.928 Y101.656 E262.0064 F300
G1 X119.000 Y100.000 E262.1141 F300
G1 E260.6141 F1200   ; Retract
G1 Z18.00 F600   ; Z-hop
G1 X115.000 Y100.000 F1200   ; Travel to tower fill ring 3
G1 Z17.00 F300   ; Lower to layer height
G1 E262.1141 F1200   ; Prime
G1 X114.943 Y101.307 E262.1992 F300
G1 X114.772 Y102.605 E262.2842 F300
G1 X114.489 Y103.882 E262.3693 F300
G1 X114.095 Y105.130 E262.4544 F300
G1 X113.595 Y106.339 E262.5394 F300
G1 X112.990 Y107.500 E262.6245 F300
G1 X112.287 Y108.604 E262.7095 F300
G1 X111.491 Y109.642 E262.7946 F300
G1 X110.607 Y110.607 E262.8797 F300
G1 X109.642 Y111.491 E262.9647 F300
G1 X108.604 Y112.287 E263.0498 F300
G1 X107.500 Y112.990 E263.1348 F300
G1 X106.339 Y113.595 E263.2199 F300
G1 X105.130 Y114.095 E263.3049 F300
G1 X103.882 Y114.489 E263.3900 F300
G1 X102.605 Y114.772 E263.4751 F300
G1 X101.307 Y114.943 E263.5601 F300
G1 X100.000 Y115.000 E263.6452 F300
G1 X98.693 Y114.943 E263.7302 F300
G1 X97.395 Y114.772 E263.8153 F300
G1 X96.118 Y114.489 E263.9003 F300
G1 X94.870 Y114.095 E263.9854 F300
G1 X93.661 Y113.595 E264.0705 F300
G1 X92.500 Y112.990 E264.1555 F300
G1 X91.396 Y112.287 E264.2406 F300
G1 X90.358 Y111.491 E264.3256 F300
G1 X89.393 Y110.607 E264.4107 F300
G1 X88.509 Y109.642 E264.4958 F300
G1 X87.713 Y108.604 E264.5808 F300
G1 X87.010 Y107.500 E264.6659 F300
G1 X86.405 Y106.339 E264.7509 F300
G1 X85.905 Y105.130 E264.8360 F300
G1 X85.511 Y103.882 E264.9210 F300
G1 X85.228 Y102.605 E265.0061 F300
G1 X85.057 Y101.307 E265.0912 F300
G1 X85.000 Y100.000 E265.1762 F300
G1 X85.057 Y98.693 E265.2613 F300
G1 X85.228 Y97.395 E265.3463 F300
G1 X85.511 Y96.118 E265.4314 F300
G1 X85.905 Y94.870 E265.5164 F300
G1 X86.405 Y93.661 E265.6015 F300
G1 X87.010 Y92.500 E265.6866 F300
G1 X87.713 Y91.396 E265.7716 F300
G1 X88.509 Y90.358 E265.8567 F300
G1 X89.393 Y89.393 E265.9417 F300
G1 X90.358 Y88.509 E266.0268 F300
G1 X91.396 Y87.713 E266.1118 F300
G1 X92.500 Y87.010 E266.1969 F300
G1 X93.661 Y86.405 E266.2820 F300
G1 X94.870 Y85.905 E266.3670 F300
G1 X96.118 Y85.511 E266.4521 F300
G1 X97.395 Y85.228 E266.5371 F300
G1 X98.693 Y85.057 E266.6222 F300
G1 X100.000 Y85.000 E266.7073 F300
G1 X101.307 Y85.057 E266.7923 F300
G1 X102.605 Y85.228 E266.8774 F300
G1 X103.882 Y85.511 E266.9624 F300
G1 X105.130 Y85.905 E267.0475 F300
G1 X106.339 Y86.405 E267.1325 F300
G1 X107.500 Y87.010 E267.2176 F300
G1 X108.604 Y87.713 E267.3027 F300
G1 X109.642 Y88.509 E267.3877 F300
G1 X110.607 Y89.393 E267.4728 F300
G1 X111.491 Y90.358 E267.5578 F300
G1 X112.287 Y91.396 E267.6429 F300
G1 X112.990 Y92.500 E267.7279 F300
G1 X113.595 Y93.661 E267.8130 F300
G1 X114.095 Y94.870 E267.8981 F300
G1 X114.489 Y96.118 E267.9831 F300
G1 X114.772 Y97.395 E268.0682 F300
G1 X114.943 Y98.693 E268.1532 F300
G1 X115.000 Y100.000 E268.2383 F300
G1 E266.7383 F1200   ; Retract
G1 Z18.00 F600   ; Z-hop
G1 X111.000 Y100.000 F1200   ; Travel to tower fill ring 4
G1 Z17.00 F300   ; Lower to layer height
G1 E268.2383 F1200   ; Prime
G1 X110.958 Y99.041 E268.3007 F300
G1 X110.833 Y98.090 E268.3630 F300
G1 X110.625 Y97.153 E268.4254 F300
G1 X110.337 Y96.238 E268.4878 F300
G1 X109.969 Y95.351 E268.5502 F300
G1 X109.526 Y94.500 E268.6125 F300
G1 X109.011 Y93.691 E268.6749 F300
G1 X108.426 Y92.929 E268.7373 F300
G1 X107.778 Y92.222 E268.7997 F300
G1 X107.071 Y91.574 E268.8621 F300
G1 X106.309 Y90.989 E268.9244 F300
G1 X105.500 Y90.474 E268.9868 F300
G1 X104.649 Y90.031 E269.0492 F300
G1 X103.762 Y89.663 E269.1116 F300
G1 X102.847 Y89.375 E269.1739 F300
G1 X101.910 Y89.167 E269.2363 F300
G1 X100.959 Y89.042 E269.2987 F300
G1 X100.000 Y89.000 E269.3611 F300
G1 X99.041 Y89.042 E269.4234 F300
G1 X98.090 Y89.167 E269.4858 F300
G1 X97.153 Y89.375 E269.5482 F300
G1 X96.238 Y89.663 E269.6106 F300
G1 X95.351 Y90.031 E269.6729 F300
G1 X94.500 Y90.474 E269.7353 F300
G1 X93.691 Y90.989 E269.7977 F300
G1 X92.929 Y91.574 E269.8601 F300
G1 X92.222 Y92.222 E269.9224 F300
G1 X91.574 Y92.929 E269.9848 F300
G1 X90.989 Y93.691 E270.0472 F300
G1 X90.474 Y94.500 E270.1096 F300
G1 X90.031 Y95.351 E270.1719 F300
G1 X89.663 Y96.238 E270.2343 F300
G1 X89.375 Y97.153 E270.2967 F300
G1 X89.167 Y98.090 E270.3591 F300
G1 X89.042 Y99.041 E270.4214 F300
G1 X89.000 Y100.000 E270.4838 F300
G1 X89.042 Y100.959 E270.5462 F300
G1 X89.167 Y101.910 E270.6086 F300
G1 X89.375 Y102.847 E270.6709 F300
G1 X89.663 Y103.762 E270.7333 F300
G1 X90.031 Y104.649 E270.7957 F300
G1 X90.474 Y105.500 E270.8581 F300
G1 X90.989 Y106.309 E270.9205 F300
G1 X91.574 Y107.071 E270.9828 F300
G1 X92.222 Y107.778 E271.0452 F300
G1 X92.929 Y108.426 E271.1076 F300
G1 X93.691 Y109.011 E271.1700 F300
G1 X94.500 Y109.526 E271.2323 F300
G1 X95.351 Y109.969 E271.2947 F300
G1 X96.238 Y110.337 E271.3571 F300
G1 X97.153 Y110.625 E271.4195 F300
G1 X98.090 Y110.833 E271.4818 F300
G1 X99.041 Y110.958 E271.5442 F300
G1 X100.000 Y111.000 E271.6066 F300
G1 X100.959 Y110.958 E271.6690 F300
G1 X101.910 Y110.833 E271.7313 F300
G1 X102.847 Y110.625 E271.7937 F300
G1 X103.762 Y110.337 E271.8561 F300
G1 X104.649 Y109.969 E271.9185 F300
G1 X105.500 Y109.526 E271.9808 F300
G1 X106.309 Y109.011 E272.0432 F300
G1 X107.071 Y108.426 E272.1056 F300
G1 X107.778 Y107.778 E272.1680 F300
G1 X108.426 Y107.071 E272.2303 F300
G1 X109.011 Y106.309 E272.2927 F300
G1 X109.526 Y105.500 E272.3551 F300
G1 X109.969 Y104.649 E272.4175 F300
G1 X110.337 Y103.762 E272.4798 F300
G1 X110.625 Y102.847 E272.5422 F300
G1 X110.833 Y101.910 E272.6046 F300
G1 X110.958 Y100.959 E272.6670 F300
G1 X111.000 Y100.000 E272.7293 F300
G1 E271.2293 F1200   ; Retract
G1 Z18.00 F600   ; Z-hop
G1 X107.000 Y100.000 F1200   ; Travel to tower fill ring 5
G1 Z17.00 F300   ; Lower to layer height
G1 E272.7293 F1200   ; Prime
G1 X106.973 Y100.610 E272.7690 F300
G1 X106.894 Y101.216 E272.8087 F300
G1 X106.761 Y101.812 E272.8484 F300
G1 X106.578 Y102.394 E272.8881 F300
G1 X106.344 Y102.958 E272.9278 F300
G1 X106.062 Y103.500 E272.9675 F300
G1 X105.734 Y104.015 E273.0072 F300
G1 X105.362 Y104.500 E273.0469 F300
G1 X104.950 Y104.950 E273.0866 F300
G1 X104.500 Y105.362 E273.1263 F300
G1 X104.015 Y105.734 E273.1660 F300
G1 X103.500 Y106.062 E273.2057 F300
G1 X102.958 Y106.344 E273.2454 F300
G1 X102.394 Y106.578 E273.2851 F300
G1 X101.812 Y106.761 E273.3248 F300
G1 X101.216 Y106.894 E273.3644 F300
G1 X100.610 Y106.973 E273.4041 F300
G1 X100.000 Y107.000 E273.4438 F300
G1 X99.390 Y106.973 E273.4835 F300
G1 X98.784 Y106.894 E273.5232 F300
G1 X98.188 Y106.761 E273.5629 F300
G1 X97.606 Y106.578 E273.6026 F300
G1 X97.042 Y106.344 E273.6423 F300
G1 X96.500 Y106.062 E273.6820 F300
G1 X95.985 Y105.734 E273.7217 F300
G1 X95.500 Y105.362 E273.7614 F300
G1 X95.050 Y104.950 E273.8011 F300
G1 X94.638 Y104.500 E273.8408 F300
G1 X94.266 Y104.015 E273.8805 F300
G1 X93.938 Y103.500 E273.9202 F300
G1 X93.656 Y102.958 E273.9599 F300
G1 X93.422 Y102.394 E273.9995 F300
G1 X93.239 Y101.812 E274.0392 F300
G1 X93.106 Y101.216 E274.0789 F300
G1 X93.027 Y100.610 E274.1186 F300
G1 X93.000 Y100.000 E274.1583 F300
G1 X93.027 Y99.390 E274.1980 F300
G1 X93.106 Y98.784 E274.2377 F300
G1 X93.239 Y98.188 E274.2774 F300
G1 X93.422 Y97.606 E274.3171 F300
G1 X93.656 Y97.042 E274.3568 F300
G1 X93.938 Y96.500 E274.3965 F300
G1 X94.266 Y95.985 E274.4362 F300
G1 X94.638 Y95.500 E274.4759 F300
G1 X95.050 Y95.050 E274.5156 F300
G1 X95.500 Y94.638 E274.5553 F300
G1 X95.985 Y94.266 E274.5949 F300
G1 X96.500 Y93.938 E274.6346 F300
G1 X97.042 Y93.656 E274.6743 F300
G1 X97.606 Y93.422 E274.7140 F300
G1 X98.188 Y93.239 E274.7537 F300
G1 X98.784 Y93.106 E274.7934 F300
G1 X99.390 Y93.027 E274.8331 F300
G1 X100.000 Y93.000 E274.8728 F300
G1 X100.610 Y93.027 E274.9125 F300
G1 X101.216 Y93.106 E274.9522 F300
G1 X101.812 Y93.239 E274.9919 F300
G1 X102.394 Y93.422 E275.0316 F300
G1 X102.958 Y93.656 E275.0713 F300
G1 X103.500 Y93.938 E275.1110 F300
G1 X104.015 Y94.266 E275.1507 F300
G1 X104.500 Y94.638 E275.1904 F300
G1 X104.950 Y95.050 E275.2300 F300
G1 X105.362 Y95.500 E275.2697 F300
G1 X105.734 Y95.985 E275.3094 F300
G1 X106.062 Y96.500 E275.3491 F300
G1 X106.344 Y97.042 E275.3888 F300
G1 X106.578 Y97.606 E275.4285 F300
G1 X106.761 Y98.188 E275.4682 F300
G1 X106.894 Y98.784 E275.5079 F300
G1 X106.973 Y99.390 E275.5476 F300
G1 X107.000 Y100.000 E275.5873 F300
G1 E274.0873 F1200   ; Retract

; === TOWER LAYER 10/20 (Z=19.0mm, tower fill) ===
G1 Z20.00 F600   ; Z-hop
G1 X123.000 Y100.000 F1200   ; Travel to tower fill ring 1
G1 Z19.00 F300   ; Lower to layer height
G1 E275.5873 F1200   ; Prime
G1 X122.912 Y102.005 E275.7177 F300
G1 X122.651 Y103.994 E275.8481 F300
G1 X122.216 Y105.953 E275.9786 F300
G1 X121.613 Y107.866 E276.1090 F300
G1 X120.845 Y109.720 E276.2394 F300
G1 X119.919 Y111.500 E276.3698 F300
G1 X118.840 Y113.192 E276.5002 F300
G1 X117.619 Y114.784 E276.6307 F300
G1 X116.263 Y116.263 E276.7611 F300
G1 X114.784 Y117.619 E276.8915 F300
G1 X113.192 Y118.840 E277.0219 F300
G1 X111.500 Y119.919 E277.1524 F300
G1 X109.720 Y120.845 E277.2828 F300
G1 X107.866 Y121.613 E277.4132 F300
G1 X105.953 Y122.216 E277.5436 F300
G1 X103.994 Y122.651 E277.6740 F300
G1 X102.005 Y122.912 E277.8045 F300
G1 X100.000 Y123.000 E277.9349 F300
G1 X97.995 Y122.912 E278.0653 F300
G1 X96.006 Y122.651 E278.1957 F300
G1 X94.047 Y122.216 E278.3262 F300
G1 X92.134 Y121.613 E278.4566 F300
G1 X90.280 Y120.845 E278.5870 F300
G1 X88.500 Y119.919 E278.7174 F300
G1 X86.808 Y118.840 E278.8478 F300
G1 X85.216 Y117.619 E278.9783 F300
G1 X83.737 Y116.263 E279.1087 F300
G1 X82.381 Y114.784 E279.2391 F300
G1 X81.160 Y113.192 E279.3695 F300
G1 X80.081 Y111.500 E279.4999 F300
G1 X79.155 Y109.720 E279.6304 F300
G1 X78.387 Y107.866 E279.7608 F300
G1 X77.784 Y105.953 E279.8912 F300
G1 X77.349 Y103.994 E280.0216 F300
G1 X77.088 Y102.005 E280.1521 F300
G1 X77.000 Y100.000 E280.2825 F300
G1 X77.088 Y97.995 E280.4129 F300
G1 X77.349 Y96.006 E280.5433 F300
G1 X77.784 Y94.047 E280.6737 F300
G1 X78.387 Y92.134 E280.8042 F300
G1 X79.155 Y90.280 E280.9346 F300
G1 X80.081 Y88.500 E281.0650 F300
G1 X81.160 Y86.808 E281.1954 F300
G1 X82.381 Y85.216 E281.3259 F300
G1 X83.737 Y83.737 E281.4563 F300
G1 X85.216 Y82.381 E281.5867 F300
G1 X86.808 Y81.160 E281.7171 F300
G1 X88.500 Y80.081 E281.8475 F300
G1 X90.280 Y79.155 E281.9780 F300
G1 X92.134 Y78.387 E282.1084 F300
G1 X94.047 Y77.784 E282.2388 F300
G1 X96.006 Y77.349 E282.3692 F300
G1 X97.995 Y77.088 E282.4997 F300
G1 X100.000 Y77.000 E282.6301 F300
G1 X102.005 Y77.088 E282.7605 F300
G1 X103.994 Y77.349 E282.8909 F300
G1 X105.953 Y77.784 E283.0213 F300
G1 X107.866 Y78.387 E283.1518 F300
G1 X109.720 Y79.155 E283.2822 F300
G1 X111.500 Y80.081 E283.4126 F300
G1 X113.192 Y81.160 E283.5430 F300
G1 X114.784 Y82.381 E283.6735 F300
G1 X116.263 Y83.737 E283.8039 F300
G1 X117.619 Y85.216 E283.9343 F300
G1 X118.840 Y86.808 E284.0647 F300
G1 X119.919 Y88.500 E284.1951 F300
G1 X120.845 Y90.280 E284.3256 F300
G1 X121.613 Y92.134 E284.4560 F300
G1 X122.216 Y94.047 E284.5864 F300
G1 X122.651 Y96.006 E284.7168 F300
G1 X122.912 Y97.995 E284.8472 F300
G1 X123.000 Y100.000 E284.9777 F300
G1 E283.4777 F1200   ; Retract
G1 Z20.00 F600   ; Z-hop
G1 X119.000 Y100.000 F1200   ; Travel to tower fill ring 2
G1 Z19.00 F300   ; Lower to layer height
G1 E284.9777 F1200   ; Prime
G1 X118.928 Y98.344 E285.0854 F300
G1 X118.711 Y96.701 E285.1932 F300
G1 X118.353 Y95.082 E285.3009 F300
G1 X117.854 Y93.502 E285.4086 F300
G1 X117.220 Y91.970 E285.5164 F300
G1 X116.454 Y90.500 E285.6241 F300
G1 X115.564 Y89.102 E285.7319 F300
G1 X114.555 Y87.787 E285.8396 F300
G1 X113.435 Y86.565 E285.9473 F300
G1 X112.213 Y85.445 E286.0551 F300
G1 X110.898 Y84.436 E286.1628 F300
G1 X109.500 Y83.546 E286.2705 F300
G1 X108.030 Y82.780 E286.3783 F300
G1 X106.498 Y82.146 E286.4860 F300
G1 X104.918 Y81.647 E286.5938 F300
G1 X103.299 Y81.289 E286.7015 F300
G1 X101.656 Y81.072 E286.8092 F300
G1 X100.000 Y81.000 E286.9170 F300
G1 X98.344 Y81.072 E287.0247 F300
G1 X96.701 Y81.289 E287.1325 F300
G1 X95.082 Y81.647 E287.2402 F300
G1 X93.502 Y82.146 E287.3479 F300
G1 X91.970 Y82.780 E287.4557 F300
G1 X90.500 Y83.546 E287.5634 F300
G1 X89.102 Y84.436 E287.6712 F300
G1 X87.787 Y85.445 E287.7789 F300
G1 X86.565 Y86.565 E287.8866 F300
G1 X85.445 Y87.787 E287.9944 F300
G1 X84.436 Y89.102 E288.1021 F300
G1 X83.546 Y90.500 E288.2099 F300
G1 X82.780 Y91.970 E288.3176 F300
G1 X82.146 Y93.502 E288.4253 F300
G1 X81.647 Y95.082 E288.5331 F300
G1 X81.289 Y96.701 E288.6408 F300
G1 X81.072 Y98.344 E288.7486 F300
G1 X81.000 Y100.000 E288.8563 F300
G1 X81.072 Y101.656 E288.9640 F300
G1 X81.289 Y103.299 E289.0718 F300
G1 X81.647 Y104.918 E289.1795 F300
G1 X82.146 Y106.498 E289.2873 F300
G1 X82.780 Y108.030 E289.3950 F300
G1 X83.546 Y109.500 E289.5027 F300
G1 X84.436 Y110.898 E289.6105 F300
G1 X85.445 Y112.213 E289.7182 F300
G1 X86.565 Y113.435 E289.8260 F300
G1 X87.787 Y114.555 E289.9337 F300
G1 X89.102 Y115.564 E290.0414 F300
G1 X90.500 Y116.454 E290.1492 F300
G1 X91.970 Y117.220 E290.2569 F300
G1 X93.502 Y117.854 E290.3647 F300
G1 X95.082 Y118.353 E290.4724 F300
G1 X96.701 Y118.711 E290.5801 F300
G1 X98.344 Y118.928 E290.6879 F300
G1 X100.000 Y119.000 E290.7956 F300
G1 X101.656 Y118.928 E290.9034 F300
G1 X103.299 Y118.711 E291.0111 F300
G1 X104.918 Y118.353 E291.1188 F300
G1 X106.498 Y117.854 E291.2266 F300
G1 X108.030 Y117.220 E291.3343 F300
G1 X109.500 Y116.454 E291.4421 F300
G1 X110.898 Y115.564 E291.5498 F300
G1 X112.213 Y114.555 E291.6575 F300
G1 X113.435 Y113.435 E291.7653 F300
G1 X114.555 Y112.213 E291.8730 F300
G1 X115.564 Y110.898 E291.9808 F300
G1 X116.454 Y109.500 E292.0885 F300
G1 X117.220 Y108.030 E292.1962 F300
G1 X117.854 Y106.498 E292.3040 F300
G1 X118.353 Y104.918 E292.4117 F300
G1 X118.711 Y103.299 E292.5195 F300
G1 X118.928 Y101.656 E292.6272 F300
G1 X119.000 Y100.000 E292.7349 F300
G1 E291.2349 F1200   ; Retract
G1 Z20.00 F600   ; Z-hop
G1 X115.000 Y100.000 F1200   ; Travel to tower fill ring 3
G1 Z19.00 F300   ; Lower to layer height
G1 E292.7349 F1200   ; Prime
G1 X114.943 Y101.307 E292.8200 F300
G1 X114.772 Y102.605 E292.9051 F300
G1 X114.489 Y103.882 E292.9901 F300
G1 X114.095 Y105.130 E293.0752 F300
G1 X113.595 Y106.339 E293.1602 F300
G1 X112.990 Y107.500 E293.2453 F300
G1 X112.287 Y108.604 E293.3303 F300
G1 X111.491 Y109.642 E293.4154 F300
G1 X110.607 Y110.607 E293.5005 F300
G1 X109.642 Y111.491 E293.5855 F300
G1 X108.604 Y112.287 E293.6706 F300
G1 X107.500 Y112.990 E293.7556 F300
G1 X106.339 Y113.595 E293.8407 F300
G1 X105.130 Y114.095 E293.9258 F300
G1 X103.882 Y114.489 E294.0108 F300
G1 X102.605 Y114.772 E294.0959 F300
G1 X101.307 Y114.943 E294.1809 F300
G1 X100.000 Y115.000 E294.2660 F300
G1 X98.693 Y114.943 E294.3510 F300
G1 X97.395 Y114.772 E294.4361 F300
G1 X96.118 Y114.489 E294.5212 F300
G1 X94.870 Y114.095 E294.6062 F300
G1 X93.661 Y113.595 E294.6913 F300
G1 X92.500 Y112.990 E294.7763 F300
G1 X91.396 Y112.287 E294.8614 F300
G1 X90.358 Y111.491 E294.9464 F300
G1 X89.393 Y110.607 E295.0315 F300
G1 X88.509 Y109.642 E295.1166 F300
G1 X87.713 Y108.604 E295.2016 F300
G1 X87.010 Y107.500 E295.2867 F300
G1 X86.405 Y106.339 E295.3717 F300
G1 X85.905 Y105.130 E295.4568 F300
G1 X85.511 Y103.882 E295.5419 F300
G1 X85.228 Y102.605 E295.6269 F300
G1 X85.057 Y101.307 E295.7120 F300
G1 X85.000 Y100.000 E295.7970 F300
G1 X85.057 Y98.693 E295.8821 F300
G1 X85.228 Y97.395 E295.9671 F300
G1 X85.511 Y96.118 E296.0522 F300
G1 X85.905 Y94.870 E296.1373 F300
G1 X86.405 Y93.661 E296.2223 F300
G1 X87.010 Y92.500 E296.3074 F300
G1 X87.713 Y91.396 E296.3924 F300
G1 X88.509 Y90.358 E296.4775 F300
G1 X89.393 Y89.393 E296.5625 F300
G1 X90.358 Y88.509 E296.6476 F300
G1 X91.396 Y87.713 E296.7327 F300
G1 X92.500 Y87.010 E296.8177 F300
G1 X93.661 Y86.405 E296.9028 F300
G1 X94.870 Y85.905 E296.9878 F300
G1 X96.118 Y85.511 E297.0729 F300
G1 X97.395 Y85.228 E297.1579 F300
G1 X98.693 Y85.057 E297.2430 F300
G1 X100.000 Y85.000 E297.3281 F300
G1 X101.307 Y85.057 E297.4131 F300
G1 X102.605 Y85.228 E297.4982 F300
G1 X103.882 Y85.511 E297.5832 F300
G1 X105.130 Y85.905 E297.6683 F300
G1 X106.339 Y86.405 E297.7534 F300
G1 X107.500 Y87.010 E297.8384 F300
G1 X108.604 Y87.713 E297.9235 F300
G1 X109.642 Y88.509 E298.0085 F300
G1 X110.607 Y89.393 E298.0936 F300
G1 X111.491 Y90.358 E298.1786 F300
G1 X112.287 Y91.396 E298.2637 F300
G1 X112.990 Y92.500 E298.3488 F300
G1 X113.595 Y93.661 E298.4338 F300
G1 X114.095 Y94.870 E298.5189 F300
G1 X114.489 Y96.118 E298.6039 F300
G1 X114.772 Y97.395 E298.6890 F300
G1 X114.943 Y98.693 E298.7740 F300
G1 X115.000 Y100.000 E298.8591 F300
G1 E297.3591 F1200   ; Retract
G1 Z20.00 F600   ; Z-hop
G1 X111.000 Y100.000 F1200   ; Travel to tower fill ring 4
G1 Z19.00 F300   ; Lower to layer height
G1 E298.8591 F1200   ; Prime
G1 X110.958 Y99.041 E298.9215 F300
G1 X110.833 Y98.090 E298.9839 F300
G1 X110.625 Y97.153 E299.0462 F300
G1 X110.337 Y96.238 E299.1086 F300
G1 X109.969 Y95.351 E299.1710 F300
G1 X109.526 Y94.500 E299.2334 F300
G1 X109.011 Y93.691 E299.2957 F300
G1 X108.426 Y92.929 E299.3581 F300
G1 X107.778 Y92.222 E299.4205 F300
G1 X107.071 Y91.574 E299.4829 F300
G1 X106.309 Y90.989 E299.5452 F300
G1 X105.500 Y90.474 E299.6076 F300
G1 X104.649 Y90.031 E299.6700 F300
G1 X103.762 Y89.663 E299.7324 F300
G1 X102.847 Y89.375 E299.7947 F300
G1 X101.910 Y89.167 E299.8571 F300
G1 X100.959 Y89.042 E299.9195 F300
G1 X100.000 Y89.000 E299.9819 F300
G1 X99.041 Y89.042 E300.0442 F300
G1 X98.090 Y89.167 E300.1066 F300
G1 X97.153 Y89.375 E300.1690 F300
G1 X96.238 Y89.663 E300.2314 F300
G1 X95.351 Y90.031 E300.2937 F300
G1 X94.500 Y90.474 E300.3561 F300
G1 X93.691 Y90.989 E300.4185 F300
G1 X92.929 Y91.574 E300.4809 F300
G1 X92.222 Y92.222 E300.5432 F300
G1 X91.574 Y92.929 E300.6056 F300
G1 X90.989 Y93.691 E300.6680 F300
G1 X90.474 Y94.500 E300.7304 F300
G1 X90.031 Y95.351 E300.7928 F300
G1 X89.663 Y96.238 E300.8551 F300
G1 X89.375 Y97.153 E300.9175 F300
G1 X89.167 Y98.090 E300.9799 F300
G1 X89.042 Y99.041 E301.0423 F300
G1 X89.000 Y100.000 E301.1046 F300
G1 X89.042 Y100.959 E301.1670 F300
G1 X89.167 Y101.910 E301.2294 F300
G1 X89.375 Y102.847 E301.2918 F300
G1 X89.663 Y103.762 E301.3541 F300
G1 X90.031 Y104.649 E301.4165 F300
G1 X90.474 Y105.500 E301.4789 F300
G1 X90.989 Y106.309 E301.5413 F300
G1 X91.574 Y107.071 E301.6036 F300
G1 X92.222 Y107.778 E301.6660 F300
G1 X92.929 Y108.426 E301.7284 F300
G1 X93.691 Y109.011 E301.7908 F300
G1 X94.500 Y109.526 E301.8531 F300
G1 X95.351 Y109.969 E301.9155 F300
G1 X96.238 Y110.337 E301.9779 F300
G1 X97.153 Y110.625 E302.0403 F300
G1 X98.090 Y110.833 E302.1026 F300
G1 X99.041 Y110.958 E302.1650 F300
G1 X100.000 Y111.000 E302.2274 F300
G1 X100.959 Y110.958 E302.2898 F300
G1 X101.910 Y110.833 E302.3521 F300
G1 X102.847 Y110.625 E302.4145 F300
G1 X103.762 Y110.337 E302.4769 F300
G1 X104.649 Y109.969 E302.5393 F300
G1 X105.500 Y109.526 E302.6016 F300
G1 X106.309 Y109.011 E302.6640 F300
G1 X107.071 Y108.426 E302.7264 F300
G1 X107.778 Y107.778 E302.7888 F300
G1 X108.426 Y107.071 E302.8512 F300
G1 X109.011 Y106.309 E302.9135 F300
G1 X109.526 Y105.500 E302.9759 F300
G1 X109.969 Y104.649 E303.0383 F300
G1 X110.337 Y103.762 E303.1007 F300
G1 X110.625 Y102.847 E303.1630 F300
G1 X110.833 Y101.910 E303.2254 F300
G1 X110.958 Y100.959 E303.2878 F300
G1 X111.000 Y100.000 E303.3502 F300
G1 E301.8502 F1200   ; Retract
G1 Z20.00 F600   ; Z-hop
G1 X107.000 Y100.000 F1200   ; Travel to tower fill ring 5
G1 Z19.00 F300   ; Lower to layer height
G1 E303.3502 F1200   ; Prime
G1 X106.973 Y100.610 E303.3899 F300
G1 X106.894 Y101.216 E303.4295 F300
G1 X106.761 Y101.812 E303.4692 F300
G1 X106.578 Y102.394 E303.5089 F300
G1 X106.344 Y102.958 E303.5486 F300
G1 X106.062 Y103.500 E303.5883 F300
G1 X105.734 Y104.015 E303.6280 F300
G1 X105.362 Y104.500 E303.6677 F300
G1 X104.950 Y104.950 E303.7074 F300
G1 X104.500 Y105.362 E303.7471 F300
G1 X104.015 Y105.734 E303.7868 F300
G1 X103.500 Y106.062 E303.8265 F300
G1 X102.958 Y106.344 E303.8662 F300
G1 X102.394 Y106.578 E303.9059 F300
G1 X101.812 Y106.761 E303.9456 F300
G1 X101.216 Y106.894 E303.9853 F300
G1 X100.610 Y106.973 E304.0249 F300
G1 X100.000 Y107.000 E304.0646 F300
G1 X99.390 Y106.973 E304.1043 F300
G1 X98.784 Y106.894 E304.1440 F300
G1 X98.188 Y106.761 E304.1837 F300
G1 X97.606 Y106.578 E304.2234 F300
G1 X97.042 Y106.344 E304.2631 F300
G1 X96.500 Y106.062 E304.3028 F300
G1 X95.985 Y105.734 E304.3425 F300
G1 X95.500 Y105.362 E304.3822 F300
G1 X95.050 Y104.950 E304.4219 F300
G1 X94.638 Y104.500 E304.4616 F300
G1 X94.266 Y104.015 E304.5013 F300
G1 X93.938 Y103.500 E304.5410 F300
G1 X93.656 Y102.958 E304.5807 F300
G1 X93.422 Y102.394 E304.6204 F300
G1 X93.239 Y101.812 E304.6600 F300
G1 X93.106 Y101.216 E304.6997 F300
G1 X93.027 Y100.610 E304.7394 F300
G1 X93.000 Y100.000 E304.7791 F300
G1 X93.027 Y99.390 E304.8188 F300
G1 X93.106 Y98.784 E304.8585 F300
G1 X93.239 Y98.188 E304.8982 F300
G1 X93.422 Y97.606 E304.9379 F300
G1 X93.656 Y97.042 E304.9776 F300
G1 X93.938 Y96.500 E305.0173 F300
G1 X94.266 Y95.985 E305.0570 F300
G1 X94.638 Y95.500 E305.0967 F300
G1 X95.050 Y95.050 E305.1364 F300
G1 X95.500 Y94.638 E305.1761 F300
G1 X95.985 Y94.266 E305.2158 F300
G1 X96.500 Y93.938 E305.2555 F300
G1 X97.042 Y93.656 E305.2951 F300
G1 X97.606 Y93.422 E305.3348 F300
G1 X98.188 Y93.239 E305.3745 F300
G1 X98.784 Y93.106 E305.4142 F300
G1 X99.390 Y93.027 E305.4539 F300
G1 X100.000 Y93.000 E305.4936 F300
G1 X100.610 Y93.027 E305.5333 F300
G1 X101.216 Y93.106 E305.5730 F300
G1 X101.812 Y93.239 E305.6127 F300
G1 X102.394 Y93.422 E305.6524 F300
G1 X102.958 Y93.656 E305.6921 F300
G1 X103.500 Y93.938 E305.7318 F300
G1 X104.015 Y94.266 E305.7715 F300
G1 X104.500 Y94.638 E305.8112 F300
G1 X104.950 Y95.050 E305.8509 F300
G1 X105.362 Y95.500 E305.8906 F300
G1 X105.734 Y95.985 E305.9302 F300
G1 X106.062 Y96.500 E305.9699 F300
G1 X106.344 Y97.042 E306.0096 F300
G1 X106.578 Y97.606 E306.0493 F300
G1 X106.761 Y98.188 E306.0890 F300
G1 X106.894 Y98.784 E306.1287 F300
G1 X106.973 Y99.390 E306.1684 F300
G1 X107.000 Y100.000 E306.2081 F300
G1 E304.7081 F1200   ; Retract

; === TOWER LAYER 11/20 (Z=21.0mm, tower fill) ===
G1 Z22.00 F600   ; Z-hop
G1 X123.000 Y100.000 F1200   ; Travel to tower fill ring 1
G1 Z21.00 F300   ; Lower to layer height
G1 E306.2081 F1200   ; Prime
G1 X122.912 Y102.005 E306.3385 F300
G1 X122.651 Y103.994 E306.4689 F300
G1 X122.216 Y105.953 E306.5994 F300
G1 X121.613 Y107.866 E306.7298 F300
G1 X120.845 Y109.720 E306.8602 F300
G1 X119.919 Y111.500 E306.9906 F300
G1 X118.840 Y113.192 E307.1211 F300
G1 X117.619 Y114.784 E307.2515 F300
G1 X116.263 Y116.263 E307.3819 F300
G1 X114.784 Y117.619 E307.5123 F300
G1 X113.192 Y118.840 E307.6427 F300
G1 X111.500 Y119.919 E307.7732 F300
G1 X109.720 Y120.845 E307.9036 F300
G1 X107.866 Y121.613 E308.0340 F300
G1 X105.953 Y122.216 E308.1644 F300
G1 X103.994 Y122.651 E308.2949 F300
G1 X102.005 Y122.912 E308.4253 F300
G1 X100.000 Y123.000 E308.5557 F300
G1 X97.995 Y122.912 E308.6861 F300
G1 X96.006 Y122.651 E308.8165 F300
G1 X94.047 Y122.216 E308.9470 F300
G1 X92.134 Y121.613 E309.0774 F300
G1 X90.280 Y120.845 E309.2078 F300
G1 X88.500 Y119.919 E309.3382 F300
G1 X86.808 Y118.840 E309.4686 F300
G1 X85.216 Y117.619 E309.5991 F300
G1 X83.737 Y116.263 E309.7295 F300
G1 X82.381 Y114.784 E309.8599 F300
G1 X81.160 Y113.192 E309.9903 F300
G1 X80.081 Y111.500 E310.1208 F300
G1 X79.155 Y109.720 E310.2512 F300
G1 X78.387 Y107.866 E310.3816 F300
G1 X77.784 Y105.953 E310.5120 F300
G1 X77.349 Y103.994 E310.6424 F300
G1 X77.088 Y102.005 E310.7729 F300
G1 X77.000 Y100.000 E310.9033 F300
G1 X77.088 Y97.995 E311.0337 F300
G1 X77.349 Y96.006 E311.1641 F300
G1 X77.784 Y94.047 E311.2946 F300
G1 X78.387 Y92.134 E311.4250 F300
G1 X79.155 Y90.280 E311.5554 F300
G1 X80.081 Y88.500 E311.6858 F300
G1 X81.160 Y86.808 E311.8162 F300
G1 X82.381 Y85.216 E311.9467 F300
G1 X83.737 Y83.737 E312.0771 F300
G1 X85.216 Y82.381 E312.2075 F300
G1 X86.808 Y81.160 E312.3379 F300
G1 X88.500 Y80.081 E312.4684 F300
G1 X90.280 Y79.155 E312.5988 F300
G1 X92.134 Y78.387 E312.7292 F300
G1 X94.047 Y77.784 E312.8596 F300
G1 X96.006 Y77.349 E312.9900 F300
G1 X97.995 Y77.088 E313.1205 F300
G1 X100.000 Y77.000 E313.2509 F300
G1 X102.005 Y77.088 E313.3813 F300
G1 X103.994 Y77.349 E313.5117 F300
G1 X105.953 Y77.784 E313.6422 F300
G1 X107.866 Y78.387 E313.7726 F300
G1 X109.720 Y79.155 E313.9030 F300
G1 X111.500 Y80.081 E314.0334 F300
G1 X113.192 Y81.160 E314.1638 F300
G1 X114.784 Y82.381 E314.2943 F300
G1 X116.263 Y83.737 E314.4247 F300
G1 X117.619 Y85.216 E314.5551 F300
G1 X118.840 Y86.808 E314.6855 F300
G1 X119.919 Y88.500 E314.8159 F300
G1 X120.845 Y90.280 E314.9464 F300
G1 X121.613 Y92.134 E315.0768 F300
G1 X122.216 Y94.047 E315.2072 F300
G1 X122.651 Y96.006 E315.3376 F300
G1 X122.912 Y97.995 E315.4681 F300
G1 X123.000 Y100.000 E315.5985 F300
G1 E314.0985 F1200   ; Retract
G1 Z22.00 F600   ; Z-hop
G1 X119.000 Y100.000 F1200   ; Travel to tower fill ring 2
G1 Z21.00 F300   ; Lower to layer height
G1 E315.5985 F1200   ; Prime
G1 X118.928 Y98.344 E315.7062 F300
G1 X118.711 Y96.701 E315.8140 F300
G1 X118.353 Y95.082 E315.9217 F300
G1 X117.854 Y93.502 E316.0294 F300
G1 X117.220 Y91.970 E316.1372 F300
G1 X116.454 Y90.500 E316.2449 F300
G1 X115.564 Y89.102 E316.3527 F300
G1 X114.555 Y87.787 E316.4604 F300
G1 X113.435 Y86.565 E316.5681 F300
G1 X112.213 Y85.445 E316.6759 F300
G1 X110.898 Y84.436 E316.7836 F300
G1 X109.500 Y83.546 E316.8914 F300
G1 X108.030 Y82.780 E316.9991 F300
G1 X106.498 Y82.146 E317.1068 F300
G1 X104.918 Y81.647 E317.2146 F300
G1 X103.299 Y81.289 E317.3223 F300
G1 X101.656 Y81.072 E317.4301 F300
G1 X100.000 Y81.000 E317.5378 F300
G1 X98.344 Y81.072 E317.6455 F300
G1 X96.701 Y81.289 E317.7533 F300
G1 X95.082 Y81.647 E317.8610 F300
G1 X93.502 Y82.146 E317.9688 F300
G1 X91.970 Y82.780 E318.0765 F300
G1 X90.500 Y83.546 E318.1842 F300
G1 X89.102 Y84.436 E318.2920 F300
G1 X87.787 Y85.445 E318.3997 F300
G1 X86.565 Y86.565 E318.5075 F300
G1 X85.445 Y87.787 E318.6152 F300
G1 X84.436 Y89.102 E318.7229 F300
G1 X83.546 Y90.500 E318.8307 F300
G1 X82.780 Y91.970 E318.9384 F300
G1 X82.146 Y93.502 E319.0462 F300
G1 X81.647 Y95.082 E319.1539 F300
G1 X81.289 Y96.701 E319.2616 F300
G1 X81.072 Y98.344 E319.3694 F300
G1 X81.000 Y100.000 E319.4771 F300
G1 X81.072 Y101.656 E319.5849 F300
G1 X81.289 Y103.299 E319.6926 F300
G1 X81.647 Y104.918 E319.8003 F300
G1 X82.146 Y106.498 E319.9081 F300
G1 X82.780 Y108.030 E320.0158 F300
G1 X83.546 Y109.500 E320.1236 F300
G1 X84.436 Y110.898 E320.2313 F300
G1 X85.445 Y112.213 E320.3390 F300
G1 X86.565 Y113.435 E320.4468 F300
G1 X87.787 Y114.555 E320.5545 F300
G1 X89.102 Y115.564 E320.6623 F300
G1 X90.500 Y116.454 E320.7700 F300
G1 X91.970 Y117.220 E320.8777 F300
G1 X93.502 Y117.854 E320.9855 F300
G1 X95.082 Y118.353 E321.0932 F300
G1 X96.701 Y118.711 E321.2010 F300
G1 X98.344 Y118.928 E321.3087 F300
G1 X100.000 Y119.000 E321.4164 F300
G1 X101.656 Y118.928 E321.5242 F300
G1 X103.299 Y118.711 E321.6319 F300
G1 X104.918 Y118.353 E321.7397 F300
G1 X106.498 Y117.854 E321.8474 F300
G1 X108.030 Y117.220 E321.9551 F300
G1 X109.500 Y116.454 E322.0629 F300
G1 X110.898 Y115.564 E322.1706 F300
G1 X112.213 Y114.555 E322.2784 F300
G1 X113.435 Y113.435 E322.3861 F300
G1 X114.555 Y112.213 E322.4938 F300
G1 X115.564 Y110.898 E322.6016 F300
G1 X116.454 Y109.500 E322.7093 F300
G1 X117.220 Y108.030 E322.8171 F300
G1 X117.854 Y106.498 E322.9248 F300
G1 X118.353 Y104.918 E323.0325 F300
G1 X118.711 Y103.299 E323.1403 F300
G1 X118.928 Y101.656 E323.2480 F300
G1 X119.000 Y100.000 E323.3558 F300
G1 E321.8558 F1200   ; Retract
G1 Z22.00 F600   ; Z-hop
G1 X115.000 Y100.000 F1200   ; Travel to tower fill ring 3
G1 Z21.00 F300   ; Lower to layer height
G1 E323.3558 F1200   ; Prime
G1 X114.943 Y101.307 E323.4408 F300
G1 X114.772 Y102.605 E323.5259 F300
G1 X114.489 Y103.882 E323.6109 F300
G1 X114.095 Y105.130 E323.6960 F300
G1 X113.595 Y106.339 E323.7810 F300
G1 X112.990 Y107.500 E323.8661 F300
G1 X112.287 Y108.604 E323.9512 F300
G1 X111.491 Y109.642 E324.0362 F300
G1 X110.607 Y110.607 E324.1213 F300
G1 X109.642 Y111.491 E324.2063 F300
G1 X108.604 Y112.287 E324.2914 F300
G1 X107.500 Y112.990 E324.3764 F300
G1 X106.339 Y113.595 E324.4615 F300
G1 X105.130 Y114.095 E324.5466 F300
G1 X103.882 Y114.489 E324.6316 F300
G1 X102.605 Y114.772 E324.7167 F300
G1 X101.307 Y114.943 E324.8017 F300
G1 X100.000 Y115.000 E324.8868 F300
G1 X98.693 Y114.943 E324.9719 F300
G1 X97.395 Y114.772 E325.0569 F300
G1 X96.118 Y114.489 E325.1420 F300
G1 X94.870 Y114.095 E325.2270 F300
G1 X93.661 Y113.595 E325.3121 F300
G1 X92.500 Y112.990 E325.3971 F300
G1 X91.396 Y112.287 E325.4822 F300
G1 X90.358 Y111.491 E325.5673 F300
G1 X89.393 Y110.607 E325.6523 F300
G1 X88.509 Y109.642 E325.7374 F300
G1 X87.713 Y108.604 E325.8224 F300
G1 X87.010 Y107.500 E325.9075 F300
G1 X86.405 Y106.339 E325.9925 F300
G1 X85.905 Y105.130 E326.0776 F300
G1 X85.511 Y103.882 E326.1627 F300
G1 X85.228 Y102.605 E326.2477 F300
G1 X85.057 Y101.307 E326.3328 F300
G1 X85.000 Y100.000 E326.4178 F300
G1 X85.057 Y98.693 E326.5029 F300
G1 X85.228 Y97.395 E326.5879 F300
G1 X85.511 Y96.118 E326.6730 F300
G1 X85.905 Y94.870 E326.7581 F300
G1 X86.405 Y93.661 E326.8431 F300
G1 X87.010 Y92.500 E326.9282 F300
G1 X87.713 Y91.396 E327.0132 F300
G1 X88.509 Y90.358 E327.0983 F300
G1 X89.393 Y89.393 E327.1834 F300
G1 X90.358 Y88.509 E327.2684 F300
G1 X91.396 Y87.713 E327.3535 F300
G1 X92.500 Y87.010 E327.4385 F300
G1 X93.661 Y86.405 E327.5236 F300
G1 X94.870 Y85.905 E327.6086 F300
G1 X96.118 Y85.511 E327.6937 F300
G1 X97.395 Y85.228 E327.7788 F300
G1 X98.693 Y85.057 E327.8638 F300
G1 X100.000 Y85.000 E327.9489 F300
G1 X101.307 Y85.057 E328.0339 F300
G1 X102.605 Y85.228 E328.1190 F300
G1 X103.882 Y85.511 E328.2040 F300
G1 X105.130 Y85.905 E328.2891 F300
G1 X106.339 Y86.405 E328.3742 F300
G1 X107.500 Y87.010 E328.4592 F300
G1 X108.604 Y87.713 E328.5443 F300
G1 X109.642 Y88.509 E328.6293 F300
G1 X110.607 Y89.393 E328.7144 F300
G1 X111.491 Y90.358 E328.7995 F300
G1 X112.287 Y91.396 E328.8845 F300
G1 X112.990 Y92.500 E328.9696 F300
G1 X113.595 Y93.661 E329.0546 F300
G1 X114.095 Y94.870 E329.1397 F300
G1 X114.489 Y96.118 E329.2247 F300
G1 X114.772 Y97.395 E329.3098 F300
G1 X114.943 Y98.693 E329.3949 F300
G1 X115.000 Y100.000 E329.4799 F300
G1 E327.9799 F1200   ; Retract
G1 Z22.00 F600   ; Z-hop
G1 X111.000 Y100.000 F1200   ; Travel to tower fill ring 4
G1 Z21.00 F300   ; Lower to layer height
G1 E329.4799 F1200   ; Prime
G1 X110.958 Y99.041 E329.5423 F300
G1 X110.833 Y98.090 E329.6047 F300
G1 X110.625 Y97.153 E329.6670 F300
G1 X110.337 Y96.238 E329.7294 F300
G1 X109.969 Y95.351 E329.7918 F300
G1 X109.526 Y94.500 E329.8542 F300
G1 X109.011 Y93.691 E329.9165 F300
G1 X108.426 Y92.929 E329.9789 F300
G1 X107.778 Y92.222 E330.0413 F300
G1 X107.071 Y91.574 E330.1037 F300
G1 X106.309 Y90.989 E330.1660 F300
G1 X105.500 Y90.474 E330.2284 F300
G1 X104.649 Y90.031 E330.2908 F300
G1 X103.762 Y89.663 E330.3532 F300
G1 X102.847 Y89.375 E330.4156 F300
G1 X101.910 Y89.167 E330.4779 F300
G1 X100.959 Y89.042 E330.5403 F300
G1 X100.000 Y89.000 E330.6027 F300
G1 X99.041 Y89.042 E330.6651 F300
G1 X98.090 Y89.167 E330.7274 F300
G1 X97.153 Y89.375 E330.7898 F300
G1 X96.238 Y89.663 E330.8522 F300
G1 X95.351 Y90.031 E330.9146 F300
G1 X94.500 Y90.474 E330.9769 F300
G1 X93.691 Y90.989 E331.0393 F300
G1 X92.929 Y91.574 E331.1017 F300
G1 X92.222 Y92.222 E331.1641 F300
G1 X91.574 Y92.929 E331.2264 F300
G1 X90.989 Y93.691 E331.2888 F300
G1 X90.474 Y94.500 E331.3512 F300
G1 X90.031 Y95.351 E331.4136 F300
G1 X89.663 Y96.238 E331.4759 F300
G1 X89.375 Y97.153 E331.5383 F300
G1 X89.167 Y98.090 E331.6007 F300
G1 X89.042 Y99.041 E331.6631 F300
G1 X89.000 Y100.000 E331.7254 F300
G1 X89.042 Y100.959 E331.7878 F300
G1 X89.167 Y101.910 E331.8502 F300
G1 X89.375 Y102.847 E331.9126 F300
G1 X89.663 Y103.762 E331.9749 F300
G1 X90.031 Y104.649 E332.0373 F300
G1 X90.474 Y105.500 E332.0997 F300
G1 X90.989 Y106.309 E332.1621 F300
G1 X91.574 Y107.071 E332.2244 F300
G1 X92.222 Y107.778 E332.2868 F300
G1 X92.929 Y108.426 E332.3492 F300
G1 X93.691 Y109.011 E332.4116 F300
G1 X94.500 Y109.526 E332.4739 F300
G1 X95.351 Y109.969 E332.5363 F300
G1 X96.238 Y110.337 E332.5987 F300
G1 X97.153 Y110.625 E332.6611 F300
G1 X98.090 Y110.833 E332.7235 F300
G1 X99.041 Y110.958 E332.7858 F300
G1 X100.000 Y111.000 E332.8482 F300
G1 X100.959 Y110.958 E332.9106 F300
G1 X101.910 Y110.833 E332.9730 F300
G1 X102.847 Y110.625 E333.0353 F300
G1 X103.762 Y110.337 E333.0977 F300
G1 X104.649 Y109.969 E333.1601 F300
G1 X105.500 Y109.526 E333.2225 F300
G1 X106.309 Y109.011 E333.2848 F300
G1 X107.071 Y108.426 E333.3472 F300
G1 X107.778 Y107.778 E333.4096 F300
G1 X108.426 Y107.071 E333.4720 F300
G1 X109.011 Y106.309 E333.5343 F300
G1 X109.526 Y105.500 E333.5967 F300
G1 X109.969 Y104.649 E333.6591 F300
G1 X110.337 Y103.762 E333.7215 F300
G1 X110.625 Y102.847 E333.7838 F300
G1 X110.833 Y101.910 E333.8462 F300
G1 X110.958 Y100.959 E333.9086 F300
G1 X111.000 Y100.000 E333.9710 F300
G1 E332.4710 F1200   ; Retract
G1 Z22.00 F600   ; Z-hop
G1 X107.000 Y100.000 F1200   ; Travel to tower fill ring 5
G1 Z21.00 F300   ; Lower to layer height
G1 E333.9710 F1200   ; Prime
G1 X106.973 Y100.610 E334.0107 F300
G1 X106.894 Y101.216 E334.0504 F300
G1 X106.761 Y101.812 E334.0900 F300
G1 X106.578 Y102.394 E334.1297 F300
G1 X106.344 Y102.958 E334.1694 F300
G1 X106.062 Y103.500 E334.2091 F300
G1 X105.734 Y104.015 E334.2488 F300
G1 X105.362 Y104.500 E334.2885 F300
G1 X104.950 Y104.950 E334.3282 F300
G1 X104.500 Y105.362 E334.3679 F300
G1 X104.015 Y105.734 E334.4076 F300
G1 X103.500 Y106.062 E334.4473 F300
G1 X102.958 Y106.344 E334.4870 F300
G1 X102.394 Y106.578 E334.5267 F300
G1 X101.812 Y106.761 E334.5664 F300
G1 X101.216 Y106.894 E334.6061 F300
G1 X100.610 Y106.973 E334.6458 F300
G1 X100.000 Y107.000 E334.6855 F300
G1 X99.390 Y106.973 E334.7251 F300
G1 X98.784 Y106.894 E334.7648 F300
G1 X98.188 Y106.761 E334.8045 F300
G1 X97.606 Y106.578 E334.8442 F300
G1 X97.042 Y106.344 E334.8839 F300
G1 X96.500 Y106.062 E334.9236 F300
G1 X95.985 Y105.734 E334.9633 F300
G1 X95.500 Y105.362 E335.0030 F300
G1 X95.050 Y104.950 E335.0427 F300
G1 X94.638 Y104.500 E335.0824 F300
G1 X94.266 Y104.015 E335.1221 F300
G1 X93.938 Y103.500 E335.1618 F300
G1 X93.656 Y102.958 E335.2015 F300
G1 X93.422 Y102.394 E335.2412 F300
G1 X93.239 Y101.812 E335.2809 F300
G1 X93.106 Y101.216 E335.3206 F300
G1 X93.027 Y100.610 E335.3602 F300
G1 X93.000 Y100.000 E335.3999 F300
G1 X93.027 Y99.390 E335.4396 F300
G1 X93.106 Y98.784 E335.4793 F300
G1 X93.239 Y98.188 E335.5190 F300
G1 X93.422 Y97.606 E335.5587 F300
G1 X93.656 Y97.042 E335.5984 F300
G1 X93.938 Y96.500 E335.6381 F300
G1 X94.266 Y95.985 E335.6778 F300
G1 X94.638 Y95.500 E335.7175 F300
G1 X95.050 Y95.050 E335.7572 F300
G1 X95.500 Y94.638 E335.7969 F300
G1 X95.985 Y94.266 E335.8366 F300
G1 X96.500 Y93.938 E335.8763 F300
G1 X97.042 Y93.656 E335.9160 F300
G1 X97.606 Y93.422 E335.9556 F300
G1 X98.188 Y93.239 E335.9953 F300
G1 X98.784 Y93.106 E336.0350 F300
G1 X99.390 Y93.027 E336.0747 F300
G1 X100.000 Y93.000 E336.1144 F300
G1 X100.610 Y93.027 E336.1541 F300
G1 X101.216 Y93.106 E336.1938 F300
G1 X101.812 Y93.239 E336.2335 F300
G1 X102.394 Y93.422 E336.2732 F300
G1 X102.958 Y93.656 E336.3129 F300
G1 X103.500 Y93.938 E336.3526 F300
G1 X104.015 Y94.266 E336.3923 F300
G1 X104.500 Y94.638 E336.4320 F300
G1 X104.950 Y95.050 E336.4717 F300
G1 X105.362 Y95.500 E336.5114 F300
G1 X105.734 Y95.985 E336.5511 F300
G1 X106.062 Y96.500 E336.5907 F300
G1 X106.344 Y97.042 E336.6304 F300
G1 X106.578 Y97.606 E336.6701 F300
G1 X106.761 Y98.188 E336.7098 F300
G1 X106.894 Y98.784 E336.7495 F300
G1 X106.973 Y99.390 E336.7892 F300
G1 X107.000 Y100.000 E336.8289 F300
G1 E335.3289 F1200   ; Retract

; === TOWER LAYER 12/20 (Z=23.0mm, tower fill) ===
G1 Z24.00 F600   ; Z-hop
G1 X123.000 Y100.000 F1200   ; Travel to tower fill ring 1
G1 Z23.00 F300   ; Lower to layer height
G1 E336.8289 F1200   ; Prime
G1 X122.912 Y102.005 E336.9593 F300
G1 X122.651 Y103.994 E337.0898 F300
G1 X122.216 Y105.953 E337.2202 F300
G1 X121.613 Y107.866 E337.3506 F300
G1 X120.845 Y109.720 E337.4810 F300
G1 X119.919 Y111.500 E337.6114 F300
G1 X118.840 Y113.192 E337.7419 F300
G1 X117.619 Y114.784 E337.8723 F300
G1 X116.263 Y116.263 E338.0027 F300
G1 X114.784 Y117.619 E338.1331 F300
G1 X113.192 Y118.840 E338.2636 F300
G1 X111.500 Y119.919 E338.3940 F300
G1 X109.720 Y120.845 E338.5244 F300
G1 X107.866 Y121.613 E338.6548 F300
G1 X105.953 Y122.216 E338.7852 F300
G1 X103.994 Y122.651 E338.9157 F300
G1 X102.005 Y122.912 E339.0461 F300
G1 X100.000 Y123.000 E339.1765 F300
G1 X97.995 Y122.912 E339.3069 F300
G1 X96.006 Y122.651 E339.4373 F300
G1 X94.047 Y122.216 E339.5678 F300
G1 X92.134 Y121.613 E339.6982 F300
G1 X90.280 Y120.845 E339.8286 F300
G1 X88.500 Y119.919 E339.9590 F300
G1 X86.808 Y118.840 E340.0895 F300
G1 X85.216 Y117.619 E340.2199 F300
G1 X83.737 Y116.263 E340.3503 F300
G1 X82.381 Y114.784 E340.4807 F300
G1 X81.160 Y113.192 E340.6111 F300
G1 X80.081 Y111.500 E340.7416 F300
G1 X79.155 Y109.720 E340.8720 F300
G1 X78.387 Y107.866 E341.0024 F300
G1 X77.784 Y105.953 E341.1328 F300
G1 X77.349 Y103.994 E341.2633 F300
G1 X77.088 Y102.005 E341.3937 F300
G1 X77.000 Y100.000 E341.5241 F300
G1 X77.088 Y97.995 E341.6545 F300
G1 X77.349 Y96.006 E341.7849 F300
G1 X77.784 Y94.047 E341.9154 F300
G1 X78.387 Y92.134 E342.0458 F300
G1 X79.155 Y90.280 E342.1762 F300
G1 X80.081 Y88.500 E342.3066 F300
G1 X81.160 Y86.808 E342.4371 F300
G1 X82.381 Y85.216 E342.5675 F300
G1 X83.737 Y83.737 E342.6979 F300
G1 X85.216 Y82.381 E342.8283 F300
G1 X86.808 Y81.160 E342.9587 F300
G1 X88.500 Y80.081 E343.0892 F300
G1 X90.280 Y79.155 E343.2196 F300
G1 X92.134 Y78.387 E343.3500 F300
G1 X94.047 Y77.784 E343.4804 F300
G1 X96.006 Y77.349 E343.6109 F300
G1 X97.995 Y77.088 E343.7413 F300
G1 X100.000 Y77.000 E343.8717 F300
G1 X102.005 Y77.088 E344.0021 F300
G1 X103.994 Y77.349 E344.1325 F300
G1 X105.953 Y77.784 E344.2630 F300
G1 X107.866 Y78.387 E344.3934 F300
G1 X109.720 Y79.155 E344.5238 F300
G1 X111.500 Y80.081 E344.6542 F300
G1 X113.192 Y81.160 E344.7846 F300
G1 X114.784 Y82.381 E344.9151 F300
G1 X116.263 Y83.737 E345.0455 F300
G1 X117.619 Y85.216 E345.1759 F300
G1 X118.840 Y86.808 E345.3063 F300
G1 X119.919 Y88.500 E345.4368 F300
G1 X120.845 Y90.280 E345.5672 F300
G1 X121.613 Y92.134 E345.6976 F300
G1 X122.216 Y94.047 E345.8280 F300
G1 X122.651 Y96.006 E345.9584 F300
G1 X122.912 Y97.995 E346.0889 F300
G1 X123.000 Y100.000 E346.2193 F300
G1 E344.7193 F1200   ; Retract
G1 Z24.00 F600   ; Z-hop
G1 X119.000 Y100.000 F1200   ; Travel to tower fill ring 2
G1 Z23.00 F300   ; Lower to layer height
G1 E346.2193 F1200   ; Prime
G1 X118.928 Y98.344 E346.3270 F300
G1 X118.711 Y96.701 E346.4348 F300
G1 X118.353 Y95.082 E346.5425 F300
G1 X117.854 Y93.502 E346.6503 F300
G1 X117.220 Y91.970 E346.7580 F300
G1 X116.454 Y90.500 E346.8657 F300
G1 X115.564 Y89.102 E346.9735 F300
G1 X114.555 Y87.787 E347.0812 F300
G1 X113.435 Y86.565 E347.1889 F300
G1 X112.213 Y85.445 E347.2967 F300
G1 X110.898 Y84.436 E347.4044 F300
G1 X109.500 Y83.546 E347.5122 F300
G1 X108.030 Y82.780 E347.6199 F300
G1 X106.498 Y82.146 E347.7276 F300
G1 X104.918 Y81.647 E347.8354 F300
G1 X103.299 Y81.289 E347.9431 F300
G1 X101.656 Y81.072 E348.0509 F300
G1 X100.000 Y81.000 E348.1586 F300
G1 X98.344 Y81.072 E348.2663 F300
G1 X96.701 Y81.289 E348.3741 F300
G1 X95.082 Y81.647 E348.4818 F300
G1 X93.502 Y82.146 E348.5896 F300
G1 X91.970 Y82.780 E348.6973 F300
G1 X90.500 Y83.546 E348.8050 F300
G1 X89.102 Y84.436 E348.9128 F300
G1 X87.787 Y85.445 E349.0205 F300
G1 X86.565 Y86.565 E349.1283 F300
G1 X85.445 Y87.787 E349.2360 F300
G1 X84.436 Y89.102 E349.3437 F300
G1 X83.546 Y90.500 E349.4515 F300
G1 X82.780 Y91.970 E349.5592 F300
G1 X82.146 Y93.502 E349.6670 F300
G1 X81.647 Y95.082 E349.7747 F300
G1 X81.289 Y96.701 E349.8824 F300
G1 X81.072 Y98.344 E349.9902 F300
G1 X81.000 Y100.000 E350.0979 F300
G1 X81.072 Y101.656 E350.2057 F300
G1 X81.289 Y103.299 E350.3134 F300
G1 X81.647 Y104.918 E350.4211 F300
G1 X82.146 Y106.498 E350.5289 F300
G1 X82.780 Y108.030 E350.6366 F300
G1 X83.546 Y109.500 E350.7444 F300
G1 X84.436 Y110.898 E350.8521 F300
G1 X85.445 Y112.213 E350.9598 F300
G1 X86.565 Y113.435 E351.0676 F300
G1 X87.787 Y114.555 E351.1753 F300
G1 X89.102 Y115.564 E351.2831 F300
G1 X90.500 Y116.454 E351.3908 F300
G1 X91.970 Y117.220 E351.4985 F300
G1 X93.502 Y117.854 E351.6063 F300
G1 X95.082 Y118.353 E351.7140 F300
G1 X96.701 Y118.711 E351.8218 F300
G1 X98.344 Y118.928 E351.9295 F300
G1 X100.000 Y119.000 E352.0372 F300
G1 X101.656 Y118.928 E352.1450 F300
G1 X103.299 Y118.711 E352.2527 F300
G1 X104.918 Y118.353 E352.3605 F300
G1 X106.498 Y117.854 E352.4682 F300
G1 X108.030 Y117.220 E352.5759 F300
G1 X109.500 Y116.454 E352.6837 F300
G1 X110.898 Y115.564 E352.7914 F300
G1 X112.213 Y114.555 E352.8992 F300
G1 X113.435 Y113.435 E353.0069 F300
G1 X114.555 Y112.213 E353.1146 F300
G1 X115.564 Y110.898 E353.2224 F300
G1 X116.454 Y109.500 E353.3301 F300
G1 X117.220 Y108.030 E353.4379 F300
G1 X117.854 Y106.498 E353.5456 F300
G1 X118.353 Y104.918 E353.6533 F300
G1 X118.711 Y103.299 E353.7611 F300
G1 X118.928 Y101.656 E353.8688 F300
G1 X119.000 Y100.000 E353.9766 F300
G1 E352.4766 F1200   ; Retract
G1 Z24.00 F600   ; Z-hop
G1 X115.000 Y100.000 F1200   ; Travel to tower fill ring 3
G1 Z23.00 F300   ; Lower to layer height
G1 E353.9766 F1200   ; Prime
G1 X114.943 Y101.307 E354.0616 F300
G1 X114.772 Y102.605 E354.1467 F300
G1 X114.489 Y103.882 E354.2317 F300
G1 X114.095 Y105.130 E354.3168 F300
G1 X113.595 Y106.339 E354.4019 F300
G1 X112.990 Y107.500 E354.4869 F300
G1 X112.287 Y108.604 E354.5720 F300
G1 X111.491 Y109.642 E354.6570 F300
G1 X110.607 Y110.607 E354.7421 F300
G1 X109.642 Y111.491 E354.8271 F300
G1 X108.604 Y112.287 E354.9122 F300
G1 X107.500 Y112.990 E354.9973 F300
G1 X106.339 Y113.595 E355.0823 F300
G1 X105.130 Y114.095 E355.1674 F300
G1 X103.882 Y114.489 E355.2524 F300
G1 X102.605 Y114.772 E355.3375 F300
G1 X101.307 Y114.943 E355.4225 F300
G1 X100.000 Y115.000 E355.5076 F300
G1 X98.693 Y114.943 E355.5927 F300
G1 X97.395 Y114.772 E355.6777 F300
G1 X96.118 Y114.489 E355.7628 F300
G1 X94.870 Y114.095 E355.8478 F300
G1 X93.661 Y113.595 E355.9329 F300
G1 X92.500 Y112.990 E356.0180 F300
G1 X91.396 Y112.287 E356.1030 F300
G1 X90.358 Y111.491 E356.1881 F300
G1 X89.393 Y110.607 E356.2731 F300
G1 X88.509 Y109.642 E356.3582 F300
G1 X87.713 Y108.604 E356.4432 F300
G1 X87.010 Y107.500 E356.5283 F300
G1 X86.405 Y106.339 E356.6134 F300
G1 X85.905 Y105.130 E356.6984 F300
G1 X85.511 Y103.882 E356.7835 F300
G1 X85.228 Y102.605 E356.8685 F300
G1 X85.057 Y101.307 E356.9536 F300
G1 X85.000 Y100.000 E357.0386 F300
G1 X85.057 Y98.693 E357.1237 F300
G1 X85.228 Y97.395 E357.2088 F300
G1 X85.511 Y96.118 E357.2938 F300
G1 X85.905 Y94.870 E357.3789 F300
G1 X86.405 Y93.661 E357.4639 F300
G1 X87.010 Y92.500 E357.5490 F300
G1 X87.713 Y91.396 E357.6340 F300
G1 X88.509 Y90.358 E357.7191 F300
G1 X89.393 Y89.393 E357.8042 F300
G1 X90.358 Y88.509 E357.8892 F300
G1 X91.396 Y87.713 E357.9743 F300
G1 X92.500 Y87.010 E358.0593 F300
G1 X93.661 Y86.405 E358.1444 F300
G1 X94.870 Y85.905 E358.2295 F300
G1 X96.118 Y85.511 E358.3145 F300
G1 X97.395 Y85.228 E358.3996 F300
G1 X98.693 Y85.057 E358.4846 F300
G1 X100.000 Y85.000 E358.5697 F300
G1 X101.307 Y85.057 E358.6547 F300
G1 X102.605 Y85.228 E358.7398 F300
G1 X103.882 Y85.511 E358.8249 F300
G1 X105.130 Y85.905 E358.9099 F300
G1 X106.339 Y86.405 E358.9950 F300
G1 X107.500 Y87.010 E359.0800 F300
G1 X108.604 Y87.713 E359.1651 F300
G1 X109.642 Y88.509 E359.2501 F300
G1 X110.607 Y89.393 E359.3352 F300
G1 X111.491 Y90.358 E359.4203 F300
G1 X112.287 Y91.396 E359.5053 F300
G1 X112.990 Y92.500 E359.5904 F300
G1 X113.595 Y93.661 E359.6754 F300
G1 X114.095 Y94.870 E359.7605 F300
G1 X114.489 Y96.118 E359.8456 F300
G1 X114.772 Y97.395 E359.9306 F300
G1 X114.943 Y98.693 E360.0157 F300
G1 X115.000 Y100.000 E360.1007 F300
G1 E358.6007 F1200   ; Retract
G1 Z24.00 F600   ; Z-hop
G1 X111.000 Y100.000 F1200   ; Travel to tower fill ring 4
G1 Z23.00 F300   ; Lower to layer height
G1 E360.1007 F1200   ; Prime
G1 X110.958 Y99.041 E360.1631 F300
G1 X110.833 Y98.090 E360.2255 F300
G1 X110.625 Y97.153 E360.2879 F300
G1 X110.337 Y96.238 E360.3502 F300
G1 X109.969 Y95.351 E360.4126 F300
G1 X109.526 Y94.500 E360.4750 F300
G1 X109.011 Y93.691 E360.5374 F300
G1 X108.426 Y92.929 E360.5997 F300
G1 X107.778 Y92.222 E360.6621 F300
G1 X107.071 Y91.574 E360.7245 F300
G1 X106.309 Y90.989 E360.7869 F300
G1 X105.500 Y90.474 E360.8492 F300
G1 X104.649 Y90.031 E360.9116 F300
G1 X103.762 Y89.663 E360.9740 F300
G1 X102.847 Y89.375 E361.0364 F300
G1 X101.910 Y89.167 E361.0987 F300
G1 X100.959 Y89.042 E361.1611 F300
G1 X100.000 Y89.000 E361.2235 F300
G1 X99.041 Y89.042 E361.2859 F300
G1 X98.090 Y89.167 E361.3482 F300
G1 X97.153 Y89.375 E361.4106 F300
G1 X96.238 Y89.663 E361.4730 F300
G1 X95.351 Y90.031 E361.5354 F300
G1 X94.500 Y90.474 E361.5977 F300
G1 X93.691 Y90.989 E361.6601 F300
G1 X92.929 Y91.574 E361.7225 F300
G1 X92.222 Y92.222 E361.7849 F300
G1 X91.574 Y92.929 E361.8472 F300
G1 X90.989 Y93.691 E361.9096 F300
G1 X90.474 Y94.500 E361.9720 F300
G1 X90.031 Y95.351 E362.0344 F300
G1 X89.663 Y96.238 E362.0967 F300
G1 X89.375 Y97.153 E362.1591 F300
G1 X89.167 Y98.090 E362.2215 F300
G1 X89.042 Y99.041 E362.2839 F300
G1 X89.000 Y100.000 E362.3463 F300
G1 X89.042 Y100.959 E362.4086 F300
G1 X89.167 Y101.910 E362.4710 F300
G1 X89.375 Y102.847 E362.5334 F300
G1 X89.663 Y103.762 E362.5958 F300
G1 X90.031 Y104.649 E362.6581 F300
G1 X90.474 Y105.500 E362.7205 F300
G1 X90.989 Y106.309 E362.7829 F300
G1 X91.574 Y107.071 E362.8453 F300
G1 X92.222 Y107.778 E362.9076 F300
G1 X92.929 Y108.426 E362.9700 F300
G1 X93.691 Y109.011 E363.0324 F300
G1 X94.500 Y109.526 E363.0948 F300
G1 X95.351 Y109.969 E363.1571 F300
G1 X96.238 Y110.337 E363.2195 F300
G1 X97.153 Y110.625 E363.2819 F300
G1 X98.090 Y110.833 E363.3443 F300
G1 X99.041 Y110.958 E363.4066 F300
G1 X100.000 Y111.000 E363.4690 F300
G1 X100.959 Y110.958 E363.5314 F300
G1 X101.910 Y110.833 E363.5938 F300
G1 X102.847 Y110.625 E363.6561 F300
G1 X103.762 Y110.337 E363.7185 F300
G1 X104.649 Y109.969 E363.7809 F300
G1 X105.500 Y109.526 E363.8433 F300
G1 X106.309 Y109.011 E363.9056 F300
G1 X107.071 Y108.426 E363.9680 F300
G1 X107.778 Y107.778 E364.0304 F300
G1 X108.426 Y107.071 E364.0928 F300
G1 X109.011 Y106.309 E364.1551 F300
G1 X109.526 Y105.500 E364.2175 F300
G1 X109.969 Y104.649 E364.2799 F300
G1 X110.337 Y103.762 E364.3423 F300
G1 X110.625 Y102.847 E364.4046 F300
G1 X110.833 Y101.910 E364.4670 F300
G1 X110.958 Y100.959 E364.5294 F300
G1 X111.000 Y100.000 E364.5918 F300
G1 E363.0918 F1200   ; Retract
G1 Z24.00 F600   ; Z-hop
G1 X107.000 Y100.000 F1200   ; Travel to tower fill ring 5
G1 Z23.00 F300   ; Lower to layer height
G1 E364.5918 F1200   ; Prime
G1 X106.973 Y100.610 E364.6315 F300
G1 X106.894 Y101.216 E364.6712 F300
G1 X106.761 Y101.812 E364.7109 F300
G1 X106.578 Y102.394 E364.7506 F300
G1 X106.344 Y102.958 E364.7902 F300
G1 X106.062 Y103.500 E364.8299 F300
G1 X105.734 Y104.015 E364.8696 F300
G1 X105.362 Y104.500 E364.9093 F300
G1 X104.950 Y104.950 E364.9490 F300
G1 X104.500 Y105.362 E364.9887 F300
G1 X104.015 Y105.734 E365.0284 F300
G1 X103.500 Y106.062 E365.0681 F300
G1 X102.958 Y106.344 E365.1078 F300
G1 X102.394 Y106.578 E365.1475 F300
G1 X101.812 Y106.761 E365.1872 F300
G1 X101.216 Y106.894 E365.2269 F300
G1 X100.610 Y106.973 E365.2666 F300
G1 X100.000 Y107.000 E365.3063 F300
G1 X99.390 Y106.973 E365.3460 F300
G1 X98.784 Y106.894 E365.3856 F300
G1 X98.188 Y106.761 E365.4253 F300
G1 X97.606 Y106.578 E365.4650 F300
G1 X97.042 Y106.344 E365.5047 F300
G1 X96.500 Y106.062 E365.5444 F300
G1 X95.985 Y105.734 E365.5841 F300
G1 X95.500 Y105.362 E365.6238 F300
G1 X95.050 Y104.950 E365.6635 F300
G1 X94.638 Y104.500 E365.7032 F300
G1 X94.266 Y104.015 E365.7429 F300
G1 X93.938 Y103.500 E365.7826 F300
G1 X93.656 Y102.958 E365.8223 F300
G1 X93.422 Y102.394 E365.8620 F300
G1 X93.239 Y101.812 E365.9017 F300
G1 X93.106 Y101.216 E365.9414 F300
G1 X93.027 Y100.610 E365.9811 F300
G1 X93.000 Y100.000 E366.0207 F300
G1 X93.027 Y99.390 E366.0604 F300
G1 X93.106 Y98.784 E366.1001 F300
G1 X93.239 Y98.188 E366.1398 F300
G1 X93.422 Y97.606 E366.1795 F300
G1 X93.656 Y97.042 E366.2192 F300
G1 X93.938 Y96.500 E366.2589 F300
G1 X94.266 Y95.985 E366.2986 F300
G1 X94.638 Y95.500 E366.3383 F300
G1 X95.050 Y95.050 E366.3780 F300
G1 X95.500 Y94.638 E366.4177 F300
G1 X95.985 Y94.266 E366.4574 F300
G1 X96.500 Y93.938 E366.4971 F300
G1 X97.042 Y93.656 E366.5368 F300
G1 X97.606 Y93.422 E366.5765 F300
G1 X98.188 Y93.239 E366.6162 F300
G1 X98.784 Y93.106 E366.6558 F300
G1 X99.390 Y93.027 E366.6955 F300
G1 X100.000 Y93.000 E366.7352 F300
G1 X100.610 Y93.027 E366.7749 F300
G1 X101.216 Y93.106 E366.8146 F300
G1 X101.812 Y93.239 E366.8543 F300
G1 X102.394 Y93.422 E366.8940 F300
G1 X102.958 Y93.656 E366.9337 F300
G1 X103.500 Y93.938 E366.9734 F300
G1 X104.015 Y94.266 E367.0131 F300
G1 X104.500 Y94.638 E367.0528 F300
G1 X104.950 Y95.050 E367.0925 F300
G1 X105.362 Y95.500 E367.1322 F300
G1 X105.734 Y95.985 E367.1719 F300
G1 X106.062 Y96.500 E367.2116 F300
G1 X106.344 Y97.042 E367.2513 F300
G1 X106.578 Y97.606 E367.2909 F300
G1 X106.761 Y98.188 E367.3306 F300
G1 X106.894 Y98.784 E367.3703 F300
G1 X106.973 Y99.390 E367.4100 F300
G1 X107.000 Y100.000 E367.4497 F300
G1 E365.9497 F1200   ; Retract

; === TOWER LAYER 13/20 (Z=25.0mm, tower fill) ===
G1 Z26.00 F600   ; Z-hop
G1 X123.000 Y100.000 F1200   ; Travel to tower fill ring 1
G1 Z25.00 F300   ; Lower to layer height
G1 E367.4497 F1200   ; Prime
G1 X122.912 Y102.005 E367.5801 F300
G1 X122.651 Y103.994 E367.7106 F300
G1 X122.216 Y105.953 E367.8410 F300
G1 X121.613 Y107.866 E367.9714 F300
G1 X120.845 Y109.720 E368.1018 F300
G1 X119.919 Y111.500 E368.2323 F300
G1 X118.840 Y113.192 E368.3627 F300
G1 X117.619 Y114.784 E368.4931 F300
G1 X116.263 Y116.263 E368.6235 F300
G1 X114.784 Y117.619 E368.7539 F300
G1 X113.192 Y118.840 E368.8844 F300
G1 X111.500 Y119.919 E369.0148 F300
G1 X109.720 Y120.845 E369.1452 F300
G1 X107.866 Y121.613 E369.2756 F300
G1 X105.953 Y122.216 E369.4060 F300
G1 X103.994 Y122.651 E369.5365 F300
G1 X102.005 Y122.912 E369.6669 F300
G1 X100.000 Y123.000 E369.7973 F300
G1 X97.995 Y122.912 E369.9277 F300
G1 X96.006 Y122.651 E370.0582 F300
G1 X94.047 Y122.216 E370.1886 F300
G1 X92.134 Y121.613 E370.3190 F300
G1 X90.280 Y120.845 E370.4494 F300
G1 X88.500 Y119.919 E370.5798 F300
G1 X86.808 Y118.840 E370.7103 F300
G1 X85.216 Y117.619 E370.8407 F300
G1 X83.737 Y116.263 E370.9711 F300
G1 X82.381 Y114.784 E371.1015 F300
G1 X81.160 Y113.192 E371.2320 F300
G1 X80.081 Y111.500 E371.3624 F300
G1 X79.155 Y109.720 E371.4928 F300
G1 X78.387 Y107.866 E371.6232 F300
G1 X77.784 Y105.953 E371.7536 F300
G1 X77.349 Y103.994 E371.8841 F300
G1 X77.088 Y102.005 E372.0145 F300
G1 X77.000 Y100.000 E372.1449 F300
G1 X77.088 Y97.995 E372.2753 F300
G1 X77.349 Y96.006 E372.4058 F300
G1 X77.784 Y94.047 E372.5362 F300
G1 X78.387 Y92.134 E372.6666 F300
G1 X79.155 Y90.280 E372.7970 F300
G1 X80.081 Y88.500 E372.9274 F300
G1 X81.160 Y86.808 E373.0579 F300
G1 X82.381 Y85.216 E373.1883 F300
G1 X83.737 Y83.737 E373.3187 F300
G1 X85.216 Y82.381 E373.4491 F300
G1 X86.808 Y81.160 E373.5796 F300
G1 X88.500 Y80.081 E373.7100 F300
G1 X90.280 Y79.155 E373.8404 F300
G1 X92.134 Y78.387 E373.9708 F300
G1 X94.047 Y77.784 E374.1012 F300
G1 X96.006 Y77.349 E374.2317 F300
G1 X97.995 Y77.088 E374.3621 F300
G1 X100.000 Y77.000 E374.4925 F300
G1 X102.005 Y77.088 E374.6229 F300
G1 X103.994 Y77.349 E374.7533 F300
G1 X105.953 Y77.784 E374.8838 F300
G1 X107.866 Y78.387 E375.0142 F300
G1 X109.720 Y79.155 E375.1446 F300
G1 X111.500 Y80.081 E375.2750 F300
G1 X113.192 Y81.160 E375.4055 F300
G1 X114.784 Y82.381 E375.5359 F300
G1 X116.263 Y83.737 E375.6663 F300
G1 X117.619 Y85.216 E375.7967 F300
G1 X118.840 Y86.808 E375.9271 F300
G1 X119.919 Y88.500 E376.0576 F300
G1 X120.845 Y90.280 E376.1880 F300
G1 X121.613 Y92.134 E376.3184 F300
G1 X122.216 Y94.047 E376.4488 F300
G1 X122.651 Y96.006 E376.5793 F300
G1 X122.912 Y97.995 E376.7097 F300
G1 X123.000 Y100.000 E376.8401 F300
G1 E375.3401 F1200   ; Retract
G1 Z26.00 F600   ; Z-hop
G1 X119.000 Y100.000 F1200   ; Travel to tower fill ring 2
G1 Z25.00 F300   ; Lower to layer height
G1 E376.8401 F1200   ; Prime
G1 X118.928 Y98.344 E376.9478 F300
G1 X118.711 Y96.701 E377.0556 F300
G1 X118.353 Y95.082 E377.1633 F300
G1 X117.854 Y93.502 E377.2711 F300
G1 X117.220 Y91.970 E377.3788 F300
G1 X116.454 Y90.500 E377.4865 F300
G1 X115.564 Y89.102 E377.5943 F300
G1 X114.555 Y87.787 E377.7020 F300
G1 X113.435 Y86.565 E377.8098 F300
G1 X112.213 Y85.445 E377.9175 F300
G1 X110.898 Y84.436 E378.0252 F300
G1 X109.500 Y83.546 E378.1330 F300
G1 X108.030 Y82.780 E378.2407 F300
G1 X106.498 Y82.146 E378.3485 F300
G1 X104.918 Y81.647 E378.4562 F300
G1 X103.299 Y81.289 E378.5639 F300
G1 X101.656 Y81.072 E378.6717 F300
G1 X100.000 Y81.000 E378.7794 F300
G1 X98.344 Y81.072 E378.8872 F300
G1 X96.701 Y81.289 E378.9949 F300
G1 X95.082 Y81.647 E379.1026 F300
G1 X93.502 Y82.146 E379.2104 F300
G1 X91.970 Y82.780 E379.3181 F300
G1 X90.500 Y83.546 E379.4259 F300
G1 X89.102 Y84.436 E379.5336 F300
G1 X87.787 Y85.445 E379.6413 F300
G1 X86.565 Y86.565 E379.7491 F300
G1 X85.445 Y87.787 E379.8568 F300
G1 X84.436 Y89.102 E379.9646 F300
G1 X83.546 Y90.500 E380.0723 F300
G1 X82.780 Y91.970 E380.1800 F300
G1 X82.146 Y93.502 E380.2878 F300
G1 X81.647 Y95.082 E380.3955 F300
G1 X81.289 Y96.701 E380.5033 F300
G1 X81.072 Y98.344 E380.6110 F300
G1 X81.000 Y100.000 E380.7187 F300
G1 X81.072 Y101.656 E380.8265 F300
G1 X81.289 Y103.299 E380.9342 F300
G1 X81.647 Y104.918 E381.0420 F300
G1 X82.146 Y106.498 E381.1497 F300
G1 X82.780 Y108.030 E381.2574 F300
G1 X83.546 Y109.500 E381.3652 F300
G1 X84.436 Y110.898 E381.4729 F300
G1 X85.445 Y112.213 E381.5807 F300
G1 X86.565 Y113.435 E381.6884 F300
G1 X87.787 Y114.555 E381.7961 F300
G1 X89.102 Y115.564 E381.9039 F300
G1 X90.500 Y116.454 E382.0116 F300
G1 X91.970 Y117.220 E382.1194 F300
G1 X93.502 Y117.854 E382.2271 F300
G1 X95.082 Y118.353 E382.3348 F300
G1 X96.701 Y118.711 E382.4426 F300
G1 X98.344 Y118.928 E382.5503 F300
G1 X100.000 Y119.000 E382.6581 F300
G1 X101.656 Y118.928 E382.7658 F300
G1 X103.299 Y118.711 E382.8735 F300
G1 X104.918 Y118.353 E382.9813 F300
G1 X106.498 Y117.854 E383.0890 F300
G1 X108.030 Y117.220 E383.1968 F300
G1 X109.500 Y116.454 E383.3045 F300
G1 X110.898 Y115.564 E383.4122 F300
G1 X112.213 Y114.555 E383.5200 F300
G1 X113.435 Y113.435 E383.6277 F300
G1 X114.555 Y112.213 E383.7355 F300
G1 X115.564 Y110.898 E383.8432 F300
G1 X116.454 Y109.500 E383.9509 F300
G1 X117.220 Y108.030 E384.0587 F300
G1 X117.854 Y106.498 E384.1664 F300
G1 X118.353 Y104.918 E384.2742 F300
G1 X118.711 Y103.299 E384.3819 F300
G1 X118.928 Y101.656 E384.4896 F300
G1 X119.000 Y100.000 E384.5974 F300
G1 E383.0974 F1200   ; Retract
G1 Z26.00 F600   ; Z-hop
G1 X115.000 Y100.000 F1200   ; Travel to tower fill ring 3
G1 Z25.00 F300   ; Lower to layer height
G1 E384.5974 F1200   ; Prime
G1 X114.943 Y101.307 E384.6824 F300
G1 X114.772 Y102.605 E384.7675 F300
G1 X114.489 Y103.882 E384.8525 F300
G1 X114.095 Y105.130 E384.9376 F300
G1 X113.595 Y106.339 E385.0227 F300
G1 X112.990 Y107.500 E385.1077 F300
G1 X112.287 Y108.604 E385.1928 F300
G1 X111.491 Y109.642 E385.2778 F300
G1 X110.607 Y110.607 E385.3629 F300
G1 X109.642 Y111.491 E385.4480 F300
G1 X108.604 Y112.287 E385.5330 F300
G1 X107.500 Y112.990 E385.6181 F300
G1 X106.339 Y113.595 E385.7031 F300
G1 X105.130 Y114.095 E385.7882 F300
G1 X103.882 Y114.489 E385.8732 F300
G1 X102.605 Y114.772 E385.9583 F300
G1 X101.307 Y114.943 E386.0434 F300
G1 X100.000 Y115.000 E386.1284 F300
G1 X98.693 Y114.943 E386.2135 F300
G1 X97.395 Y114.772 E386.2985 F300
G1 X96.118 Y114.489 E386.3836 F300
G1 X94.870 Y114.095 E386.4686 F300
G1 X93.661 Y113.595 E386.5537 F300
G1 X92.500 Y112.990 E386.6388 F300
G1 X91.396 Y112.287 E386.7238 F300
G1 X90.358 Y111.491 E386.8089 F300
G1 X89.393 Y110.607 E386.8939 F300
G1 X88.509 Y109.642 E386.9790 F300
G1 X87.713 Y108.604 E387.0640 F300
G1 X87.010 Y107.500 E387.1491 F300
G1 X86.405 Y106.339 E387.2342 F300
G1 X85.905 Y105.130 E387.3192 F300
G1 X85.511 Y103.882 E387.4043 F300
G1 X85.228 Y102.605 E387.4893 F300
G1 X85.057 Y101.307 E387.5744 F300
G1 X85.000 Y100.000 E387.6595 F300
G1 X85.057 Y98.693 E387.7445 F300
G1 X85.228 Y97.395 E387.8296 F300
G1 X85.511 Y96.118 E387.9146 F300
G1 X85.905 Y94.870 E387.9997 F300
G1 X86.405 Y93.661 E388.0847 F300
G1 X87.010 Y92.500 E388.1698 F300
G1 X87.713 Y91.396 E388.2549 F300
G1 X88.509 Y90.358 E388.3399 F300
G1 X89.393 Y89.393 E388.4250 F300
G1 X90.358 Y88.509 E388.5100 F300
G1 X91.396 Y87.713 E388.5951 F300
G1 X92.500 Y87.010 E388.6801 F300
G1 X93.661 Y86.405 E388.7652 F300
G1 X94.870 Y85.905 E388.8503 F300
G1 X96.118 Y85.511 E388.9353 F300
G1 X97.395 Y85.228 E389.0204 F300
G1 X98.693 Y85.057 E389.1054 F300
G1 X100.000 Y85.000 E389.1905 F300
G1 X101.307 Y85.057 E389.2756 F300
G1 X102.605 Y85.228 E389.3606 F300
G1 X103.882 Y85.511 E389.4457 F300
G1 X105.130 Y85.905 E389.5307 F300
G1 X106.339 Y86.405 E389.6158 F300
G1 X107.500 Y87.010 E389.7008 F300
G1 X108.604 Y87.713 E389.7859 F300
G1 X109.642 Y88.509 E389.8710 F300
G1 X110.607 Y89.393 E389.9560 F300
G1 X111.491 Y90.358 E390.0411 F300
G1 X112.287 Y91.396 E390.1261 F300
G1 X112.990 Y92.500 E390.2112 F300
G1 X113.595 Y93.661 E390.2962 F300
G1 X114.095 Y94.870 E390.3813 F300
G1 X114.489 Y96.118 E390.4664 F300
G1 X114.772 Y97.395 E390.5514 F300
G1 X114.943 Y98.693 E390.6365 F300
G1 X115.000 Y100.000 E390.7215 F300
G1 E389.2215 F1200   ; Retract
G1 Z26.00 F600   ; Z-hop
G1 X111.000 Y100.000 F1200   ; Travel to tower fill ring 4
G1 Z25.00 F300   ; Lower to layer height
G1 E390.7215 F1200   ; Prime
G1 X110.958 Y99.041 E390.7839 F300
G1 X110.833 Y98.090 E390.8463 F300
G1 X110.625 Y97.153 E390.9087 F300
G1 X110.337 Y96.238 E390.9710 F300
G1 X109.969 Y95.351 E391.0334 F300
G1 X109.526 Y94.500 E391.0958 F300
G1 X109.011 Y93.691 E391.1582 F300
G1 X108.426 Y92.929 E391.2205 F300
G1 X107.778 Y92.222 E391.2829 F300
G1 X107.071 Y91.574 E391.3453 F300
G1 X106.309 Y90.989 E391.4077 F300
G1 X105.500 Y90.474 E391.4700 F300
G1 X104.649 Y90.031 E391.5324 F300
G1 X103.762 Y89.663 E391.5948 F300
G1 X102.847 Y89.375 E391.6572 F300
G1 X101.910 Y89.167 E391.7195 F300
G1 X100.959 Y89.042 E391.7819 F300
G1 X100.000 Y89.000 E391.8443 F300
G1 X99.041 Y89.042 E391.9067 F300
G1 X98.090 Y89.167 E391.9690 F300
G1 X97.153 Y89.375 E392.0314 F300
G1 X96.238 Y89.663 E392.0938 F300
G1 X95.351 Y90.031 E392.1562 F300
G1 X94.500 Y90.474 E392.2186 F300
G1 X93.691 Y90.989 E392.2809 F300
G1 X92.929 Y91.574 E392.3433 F300
G1 X92.222 Y92.222 E392.4057 F300
G1 X91.574 Y92.929 E392.4681 F300
G1 X90.989 Y93.691 E392.5304 F300
G1 X90.474 Y94.500 E392.5928 F300
G1 X90.031 Y95.351 E392.6552 F300
G1 X89.663 Y96.238 E392.7176 F300
G1 X89.375 Y97.153 E392.7799 F300
G1 X89.167 Y98.090 E392.8423 F300
G1 X89.042 Y99.041 E392.9047 F300
G1 X89.000 Y100.000 E392.9671 F300
G1 X89.042 Y100.959 E393.0294 F300
G1 X89.167 Y101.910 E393.0918 F300
G1 X89.375 Y102.847 E393.1542 F300
G1 X89.663 Y103.762 E393.2166 F300
G1 X90.031 Y104.649 E393.2789 F300
G1 X90.474 Y105.500 E393.3413 F300
G1 X90.989 Y106.309 E393.4037 F300
G1 X91.574 Y107.071 E393.4661 F300
G1 X92.222 Y107.778 E393.5284 F300
G1 X92.929 Y108.426 E393.5908 F300
G1 X93.691 Y109.011 E393.6532 F300
G1 X94.500 Y109.526 E393.7156 F300
G1 X95.351 Y109.969 E393.7779 F300
G1 X96.238 Y110.337 E393.8403 F300
G1 X97.153 Y110.625 E393.9027 F300
G1 X98.090 Y110.833 E393.9651 F300
G1 X99.041 Y110.958 E394.0274 F300
G1 X100.000 Y111.000 E394.0898 F300
G1 X100.959 Y110.958 E394.1522 F300
G1 X101.910 Y110.833 E394.2146 F300
G1 X102.847 Y110.625 E394.2770 F300
G1 X103.762 Y110.337 E394.3393 F300
G1 X104.649 Y109.969 E394.4017 F300
G1 X105.500 Y109.526 E394.4641 F300
G1 X106.309 Y109.011 E394.5265 F300
G1 X107.071 Y108.426 E394.5888 F300
G1 X107.778 Y107.778 E394.6512 F300
G1 X108.426 Y107.071 E394.7136 F300
G1 X109.011 Y106.309 E394.7760 F300
G1 X109.526 Y105.500 E394.8383 F300
G1 X109.969 Y104.649 E394.9007 F300
G1 X110.337 Y103.762 E394.9631 F300
G1 X110.625 Y102.847 E395.0255 F300
G1 X110.833 Y101.910 E395.0878 F300
G1 X110.958 Y100.959 E395.1502 F300
G1 X111.000 Y100.000 E395.2126 F300
G1 E393.7126 F1200   ; Retract
G1 Z26.00 F600   ; Z-hop
G1 X107.000 Y100.000 F1200   ; Travel to tower fill ring 5
G1 Z25.00 F300   ; Lower to layer height
G1 E395.2126 F1200   ; Prime
G1 X106.973 Y100.610 E395.2523 F300
G1 X106.894 Y101.216 E395.2920 F300
G1 X106.761 Y101.812 E395.3317 F300
G1 X106.578 Y102.394 E395.3714 F300
G1 X106.344 Y102.958 E395.4111 F300
G1 X106.062 Y103.500 E395.4507 F300
G1 X105.734 Y104.015 E395.4904 F300
G1 X105.362 Y104.500 E395.5301 F300
G1 X104.950 Y104.950 E395.5698 F300
G1 X104.500 Y105.362 E395.6095 F300
G1 X104.015 Y105.734 E395.6492 F300
G1 X103.500 Y106.062 E395.6889 F300
G1 X102.958 Y106.344 E395.7286 F300
G1 X102.394 Y106.578 E395.7683 F300
G1 X101.812 Y106.761 E395.8080 F300
G1 X101.216 Y106.894 E395.8477 F300
G1 X100.610 Y106.973 E395.8874 F300
G1 X100.000 Y107.000 E395.9271 F300
G1 X99.390 Y106.973 E395.9668 F300
G1 X98.784 Y106.894 E396.0065 F300
G1 X98.188 Y106.761 E396.0462 F300
G1 X97.606 Y106.578 E396.0858 F300
G1 X97.042 Y106.344 E396.1255 F300
G1 X96.500 Y106.062 E396.1652 F300
G1 X95.985 Y105.734 E396.2049 F300
G1 X95.500 Y105.362 E396.2446 F300
G1 X95.050 Y104.950 E396.2843 F300
G1 X94.638 Y104.500 E396.3240 F300
G1 X94.266 Y104.015 E396.3637 F300
G1 X93.938 Y103.500 E396.4034 F300
G1 X93.656 Y102.958 E396.4431 F300
G1 X93.422 Y102.394 E396.4828 F300
G1 X93.239 Y101.812 E396.5225 F300
G1 X93.106 Y101.216 E396.5622 F300
G1 X93.027 Y100.610 E396.6019 F300
G1 X93.000 Y100.000 E396.6416 F300
G1 X93.027 Y99.390 E396.6813 F300
G1 X93.106 Y98.784 E396.7209 F300
G1 X93.239 Y98.188 E396.7606 F300
G1 X93.422 Y97.606 E396.8003 F300
G1 X93.656 Y97.042 E396.8400 F300
G1 X93.938 Y96.500 E396.8797 F300
G1 X94.266 Y95.985 E396.9194 F300
G1 X94.638 Y95.500 E396.9591 F300
G1 X95.050 Y95.050 E396.9988 F300
G1 X95.500 Y94.638 E397.0385 F300
G1 X95.985 Y94.266 E397.0782 F300
G1 X96.500 Y93.938 E397.1179 F300
G1 X97.042 Y93.656 E397.1576 F300
G1 X97.606 Y93.422 E397.1973 F300
G1 X98.188 Y93.239 E397.2370 F300
G1 X98.784 Y93.106 E397.2767 F300
G1 X99.390 Y93.027 E397.3163 F300
G1 X100.000 Y93.000 E397.3560 F300
G1 X100.610 Y93.027 E397.3957 F300
G1 X101.216 Y93.106 E397.4354 F300
G1 X101.812 Y93.239 E397.4751 F300
G1 X102.394 Y93.422 E397.5148 F300
G1 X102.958 Y93.656 E397.5545 F300
G1 X103.500 Y93.938 E397.5942 F300
G1 X104.015 Y94.266 E397.6339 F300
G1 X104.500 Y94.638 E397.6736 F300
G1 X104.950 Y95.050 E397.7133 F300
G1 X105.362 Y95.500 E397.7530 F300
G1 X105.734 Y95.985 E397.7927 F300
G1 X106.062 Y96.500 E397.8324 F300
G1 X106.344 Y97.042 E397.8721 F300
G1 X106.578 Y97.606 E397.9118 F300
G1 X106.761 Y98.188 E397.9514 F300
G1 X106.894 Y98.784 E397.9911 F300
G1 X106.973 Y99.390 E398.0308 F300
G1 X107.000 Y100.000 E398.0705 F300
G1 E396.5705 F1200   ; Retract

; === TOWER LAYER 14/20 (Z=27.0mm, tower fill) ===
G1 Z28.00 F600   ; Z-hop
G1 X123.000 Y100.000 F1200   ; Travel to tower fill ring 1
G1 Z27.00 F300   ; Lower to layer height
G1 E398.0705 F1200   ; Prime
G1 X122.912 Y102.005 E398.2010 F300
G1 X122.651 Y103.994 E398.3314 F300
G1 X122.216 Y105.953 E398.4618 F300
G1 X121.613 Y107.866 E398.5922 F300
G1 X120.845 Y109.720 E398.7226 F300
G1 X119.919 Y111.500 E398.8531 F300
G1 X118.840 Y113.192 E398.9835 F300
G1 X117.619 Y114.784 E399.1139 F300
G1 X116.263 Y116.263 E399.2443 F300
G1 X114.784 Y117.619 E399.3747 F300
G1 X113.192 Y118.840 E399.5052 F300
G1 X111.500 Y119.919 E399.6356 F300
G1 X109.720 Y120.845 E399.7660 F300
G1 X107.866 Y121.613 E399.8964 F300
G1 X105.953 Y122.216 E400.0269 F300
G1 X103.994 Y122.651 E400.1573 F300
G1 X102.005 Y122.912 E400.2877 F300
G1 X100.000 Y123.000 E400.4181 F300
G1 X97.995 Y122.912 E400.5485 F300
G1 X96.006 Y122.651 E400.6790 F300
G1 X94.047 Y122.216 E400.8094 F300
G1 X92.134 Y121.613 E400.9398 F300
G1 X90.280 Y120.845 E401.0702 F300
G1 X88.500 Y119.919 E401.2007 F300
G1 X86.808 Y118.840 E401.3311 F300
G1 X85.216 Y117.619 E401.4615 F300
G1 X83.737 Y116.263 E401.5919 F300
G1 X82.381 Y114.784 E401.7223 F300
G1 X81.160 Y113.192 E401.8528 F300
G1 X80.081 Y111.500 E401.9832 F300
G1 X79.155 Y109.720 E402.1136 F300
G1 X78.387 Y107.866 E402.2440 F300
G1 X77.784 Y105.953 E402.3745 F300
G1 X77.349 Y103.994 E402.5049 F300
G1 X77.088 Y102.005 E402.6353 F300
G1 X77.000 Y100.000 E402.7657 F300
G1 X77.088 Y97.995 E402.8961 F300
G1 X77.349 Y96.006 E403.0266 F300
G1 X77.784 Y94.047 E403.1570 F300
G1 X78.387 Y92.134 E403.2874 F300
G1 X79.155 Y90.280 E403.4178 F300
G1 X80.081 Y88.500 E403.5483 F300
G1 X81.160 Y86.808 E403.6787 F300
G1 X82.381 Y85.216 E403.8091 F300
G1 X83.737 Y83.737 E403.9395 F300
G1 X85.216 Y82.381 E404.0699 F300
G1 X86.808 Y81.160 E404.2004 F300
G1 X88.500 Y80.081 E404.3308 F300
G1 X90.280 Y79.155 E404.4612 F300
G1 X92.134 Y78.387 E404.5916 F300
G1 X94.047 Y77.784 E404.7220 F300
G1 X96.006 Y77.349 E404.8525 F300
G1 X97.995 Y77.088 E404.9829 F300
G1 X100.000 Y77.000 E405.1133 F300
G1 X102.005 Y77.088 E405.2437 F300
G1 X103.994 Y77.349 E405.3742 F300
G1 X105.953 Y77.784 E405.5046 F300
G1 X107.866 Y78.387 E405.6350 F300
G1 X109.720 Y79.155 E405.7654 F300
G1 X111.500 Y80.081 E405.8958 F300
G1 X113.192 Y81.160 E406.0263 F300
G1 X114.784 Y82.381 E406.1567 F300
G1 X116.263 Y83.737 E406.2871 F300
G1 X117.619 Y85.216 E406.4175 F300
G1 X118.840 Y86.808 E406.5480 F300
G1 X119.919 Y88.500 E406.6784 F300
G1 X120.845 Y90.280 E406.8088 F300
G1 X121.613 Y92.134 E406.9392 F300
G1 X122.216 Y94.047 E407.0696 F300
G1 X122.651 Y96.006 E407.2001 F300
G1 X122.912 Y97.995 E407.3305 F300
G1 X123.000 Y100.000 E407.4609 F300
G1 E405.9609 F1200   ; Retract
G1 Z28.00 F600   ; Z-hop
G1 X119.000 Y100.000 F1200   ; Travel to tower fill ring 2
G1 Z27.00 F300   ; Lower to layer height
G1 E407.4609 F1200   ; Prime
G1 X118.928 Y98.344 E407.5687 F300
G1 X118.711 Y96.701 E407.6764 F300
G1 X118.353 Y95.082 E407.7841 F300
G1 X117.854 Y93.502 E407.8919 F300
G1 X117.220 Y91.970 E407.9996 F300
G1 X116.454 Y90.500 E408.1074 F300
G1 X115.564 Y89.102 E408.2151 F300
G1 X114.555 Y87.787 E408.3228 F300
G1 X113.435 Y86.565 E408.4306 F300
G1 X112.213 Y85.445 E408.5383 F300
G1 X110.898 Y84.436 E408.6460 F300
G1 X109.500 Y83.546 E408.7538 F300
G1 X108.030 Y82.780 E408.8615 F300
G1 X106.498 Y82.146 E408.9693 F300
G1 X104.918 Y81.647 E409.0770 F300
G1 X103.299 Y81.289 E409.1847 F300
G1 X101.656 Y81.072 E409.2925 F300
G1 X100.000 Y81.000 E409.4002 F300
G1 X98.344 Y81.072 E409.5080 F300
G1 X96.701 Y81.289 E409.6157 F300
G1 X95.082 Y81.647 E409.7234 F300
G1 X93.502 Y82.146 E409.8312 F300
G1 X91.970 Y82.780 E409.9389 F300
G1 X90.500 Y83.546 E410.0467 F300
G1 X89.102 Y84.436 E410.1544 F300
G1 X87.787 Y85.445 E410.2621 F300
G1 X86.565 Y86.565 E410.3699 F300
G1 X85.445 Y87.787 E410.4776 F300
G1 X84.436 Y89.102 E410.5854 F300
G1 X83.546 Y90.500 E410.6931 F300
G1 X82.780 Y91.970 E410.8008 F300
G1 X82.146 Y93.502 E410.9086 F300
G1 X81.647 Y95.082 E411.0163 F300
G1 X81.289 Y96.701 E411.1241 F300
G1 X81.072 Y98.344 E411.2318 F300
G1 X81.000 Y100.000 E411.3395 F300
G1 X81.072 Y101.656 E411.4473 F300
G1 X81.289 Y103.299 E411.5550 F300
G1 X81.647 Y104.918 E411.6628 F300
G1 X82.146 Y106.498 E411.7705 F300
G1 X82.780 Y108.030 E411.8782 F300
G1 X83.546 Y109.500 E411.9860 F300
G1 X84.436 Y110.898 E412.0937 F300
G1 X85.445 Y112.213 E412.2015 F300
G1 X86.565 Y113.435 E412.3092 F300
G1 X87.787 Y114.555 E412.4169 F300
G1 X89.102 Y115.564 E412.5247 F300
G1 X90.500 Y116.454 E412.6324 F300
G1 X91.970 Y117.220 E412.7402 F300
G1 X93.502 Y117.854 E412.8479 F300
G1 X95.082 Y118.353 E412.9556 F300
G1 X96.701 Y118.711 E413.0634 F300
G1 X98.344 Y118.928 E413.1711 F300
G1 X100.000 Y119.000 E413.2789 F300
G1 X101.656 Y118.928 E413.3866 F300
G1 X103.299 Y118.711 E413.4943 F300
G1 X104.918 Y118.353 E413.6021 F300
G1 X106.498 Y117.854 E413.7098 F300
G1 X108.030 Y117.220 E413.8176 F300
G1 X109.500 Y116.454 E413.9253 F300
G1 X110.898 Y115.564 E414.0330 F300
G1 X112.213 Y114.555 E414.1408 F300
G1 X113.435 Y113.435 E414.2485 F300
G1 X114.555 Y112.213 E414.3563 F300
G1 X115.564 Y110.898 E414.4640 F300
G1 X116.454 Y109.500 E414.5717 F300
G1 X117.220 Y108.030 E414.6795 F300
G1 X117.854 Y106.498 E414.7872 F300
G1 X118.353 Y104.918 E414.8950 F300
G1 X118.711 Y103.299 E415.0027 F300
G1 X118.928 Y101.656 E415.1104 F300
G1 X119.000 Y100.000 E415.2182 F300
G1 E413.7182 F1200   ; Retract
G1 Z28.00 F600   ; Z-hop
G1 X115.000 Y100.000 F1200   ; Travel to tower fill ring 3
G1 Z27.00 F300   ; Lower to layer height
G1 E415.2182 F1200   ; Prime
G1 X114.943 Y101.307 E415.3032 F300
G1 X114.772 Y102.605 E415.3883 F300
G1 X114.489 Y103.882 E415.4734 F300
G1 X114.095 Y105.130 E415.5584 F300
G1 X113.595 Y106.339 E415.6435 F300
G1 X112.990 Y107.500 E415.7285 F300
G1 X112.287 Y108.604 E415.8136 F300
G1 X111.491 Y109.642 E415.8986 F300
G1 X110.607 Y110.607 E415.9837 F300
G1 X109.642 Y111.491 E416.0688 F300
G1 X108.604 Y112.287 E416.1538 F300
G1 X107.500 Y112.990 E416.2389 F300
G1 X106.339 Y113.595 E416.3239 F300
G1 X105.130 Y114.095 E416.4090 F300
G1 X103.882 Y114.489 E416.4940 F300
G1 X102.605 Y114.772 E416.5791 F300
G1 X101.307 Y114.943 E416.6642 F300
G1 X100.000 Y115.000 E416.7492 F300
G1 X98.693 Y114.943 E416.8343 F300
G1 X97.395 Y114.772 E416.9193 F300
G1 X96.118 Y114.489 E417.0044 F300
G1 X94.870 Y114.095 E417.0895 F300
G1 X93.661 Y113.595 E417.1745 F300
G1 X92.500 Y112.990 E417.2596 F300
G1 X91.396 Y112.287 E417.3446 F300
G1 X90.358 Y111.491 E417.4297 F300
G1 X89.393 Y110.607 E417.5147 F300
G1 X88.509 Y109.642 E417.5998 F300
G1 X87.713 Y108.604 E417.6849 F300
G1 X87.010 Y107.500 E417.7699 F300
G1 X86.405 Y106.339 E417.8550 F300
G1 X85.905 Y105.130 E417.9400 F300
G1 X85.511 Y103.882 E418.0251 F300
G1 X85.228 Y102.605 E418.1101 F300
G1 X85.057 Y101.307 E418.1952 F300
G1 X85.000 Y100.000 E418.2803 F300
G1 X85.057 Y98.693 E418.3653 F300
G1 X85.228 Y97.395 E418.4504 F300
G1 X85.511 Y96.118 E418.5354 F300
G1 X85.905 Y94.870 E418.6205 F300
G1 X86.405 Y93.661 E418.7056 F300
G1 X87.010 Y92.500 E418.7906 F300
G1 X87.713 Y91.396 E418.8757 F300
G1 X88.509 Y90.358 E418.9607 F300
G1 X89.393 Y89.393 E419.0458 F300
G1 X90.358 Y88.509 E419.1308 F300
G1 X91.396 Y87.713 E419.2159 F300
G1 X92.500 Y87.010 E419.3010 F300
G1 X93.661 Y86.405 E419.3860 F300
G1 X94.870 Y85.905 E419.4711 F300
G1 X96.118 Y85.511 E419.5561 F300
G1 X97.395 Y85.228 E419.6412 F300
G1 X98.693 Y85.057 E419.7262 F300
G1 X100.000 Y85.000 E419.8113 F300
G1 X101.307 Y85.057 E419.8964 F300
G1 X102.605 Y85.228 E419.9814 F300
G1 X103.882 Y85.511 E420.0665 F300
G1 X105.130 Y85.905 E420.1515 F300
G1 X106.339 Y86.405 E420.2366 F300
G1 X107.500 Y87.010 E420.3217 F300
G1 X108.604 Y87.713 E420.4067 F300
G1 X109.642 Y88.509 E420.4918 F300
G1 X110.607 Y89.393 E420.5768 F300
G1 X111.491 Y90.358 E420.6619 F300
G1 X112.287 Y91.396 E420.7469 F300
G1 X112.990 Y92.500 E420.8320 F300
G1 X113.595 Y93.661 E420.9171 F300
G1 X114.095 Y94.870 E421.0021 F300
G1 X114.489 Y96.118 E421.0872 F300
G1 X114.772 Y97.395 E421.1722 F300
G1 X114.943 Y98.693 E421.2573 F300
G1 X115.000 Y100.000 E421.3423 F300
G1 E419.8423 F1200   ; Retract
G1 Z28.00 F600   ; Z-hop
G1 X111.000 Y100.000 F1200   ; Travel to tower fill ring 4
G1 Z27.00 F300   ; Lower to layer height
G1 E421.3423 F1200   ; Prime
G1 X110.958 Y99.041 E421.4047 F300
G1 X110.833 Y98.090 E421.4671 F300
G1 X110.625 Y97.153 E421.5295 F300
G1 X110.337 Y96.238 E421.5918 F300
G1 X109.969 Y95.351 E421.6542 F300
G1 X109.526 Y94.500 E421.7166 F300
G1 X109.011 Y93.691 E421.7790 F300
G1 X108.426 Y92.929 E421.8414 F300
G1 X107.778 Y92.222 E421.9037 F300
G1 X107.071 Y91.574 E421.9661 F300
G1 X106.309 Y90.989 E422.0285 F300
G1 X105.500 Y90.474 E422.0909 F300
G1 X104.649 Y90.031 E422.1532 F300
G1 X103.762 Y89.663 E422.2156 F300
G1 X102.847 Y89.375 E422.2780 F300
G1 X101.910 Y89.167 E422.3404 F300
G1 X100.959 Y89.042 E422.4027 F300
G1 X100.000 Y89.000 E422.4651 F300
G1 X99.041 Y89.042 E422.5275 F300
G1 X98.090 Y89.167 E422.5899 F300
G1 X97.153 Y89.375 E422.6522 F300
G1 X96.238 Y89.663 E422.7146 F300
G1 X95.351 Y90.031 E422.7770 F300
G1 X94.500 Y90.474 E422.8394 F300
G1 X93.691 Y90.989 E422.9017 F300
G1 X92.929 Y91.574 E422.9641 F300
G1 X92.222 Y92.222 E423.0265 F300
G1 X91.574 Y92.929 E423.0889 F300
G1 X90.989 Y93.691 E423.1512 F300
G1 X90.474 Y94.500 E423.2136 F300
G1 X90.031 Y95.351 E423.2760 F300
G1 X89.663 Y96.238 E423.3384 F300
G1 X89.375 Y97.153 E423.4007 F300
G1 X89.167 Y98.090 E423.4631 F300
G1 X89.042 Y99.041 E423.5255 F300
G1 X89.000 Y100.000 E423.5879 F300
G1 X89.042 Y100.959 E423.6502 F300
G1 X89.167 Y101.910 E423.7126 F300
G1 X89.375 Y102.847 E423.7750 F300
G1 X89.663 Y103.762 E423.8374 F300
G1 X90.031 Y104.649 E423.8997 F300
G1 X90.474 Y105.500 E423.9621 F300
G1 X90.989 Y106.309 E424.0245 F300
G1 X91.574 Y107.071 E424.0869 F300
G1 X92.222 Y107.778 E424.1493 F300
G1 X92.929 Y108.426 E424.2116 F300
G1 X93.691 Y109.011 E424.2740 F300
G1 X94.500 Y109.526 E424.3364 F300
G1 X95.351 Y109.969 E424.3988 F300
G1 X96.238 Y110.337 E424.4611 F300
G1 X97.153 Y110.625 E424.5235 F300
G1 X98.090 Y110.833 E424.5859 F300
G1 X99.041 Y110.958 E424.6483 F300
G1 X100.000 Y111.000 E424.7106 F300
G1 X100.959 Y110.958 E424.7730 F300
G1 X101.910 Y110.833 E424.8354 F300
G1 X102.847 Y110.625 E424.8978 F300
G1 X103.762 Y110.337 E424.9601 F300
G1 X104.649 Y109.969 E425.0225 F300
G1 X105.500 Y109.526 E425.0849 F300
G1 X106.309 Y109.011 E425.1473 F300
G1 X107.071 Y108.426 E425.2096 F300
G1 X107.778 Y107.778 E425.2720 F300
G1 X108.426 Y107.071 E425.3344 F300
G1 X109.011 Y106.309 E425.3968 F300
G1 X109.526 Y105.500 E425.4591 F300
G1 X109.969 Y104.649 E425.5215 F300
G1 X110.337 Y103.762 E425.5839 F300
G1 X110.625 Y102.847 E425.6463 F300
G1 X110.833 Y101.910 E425.7086 F300
G1 X110.958 Y100.959 E425.7710 F300
G1 X111.000 Y100.000 E425.8334 F300
G1 E424.3334 F1200   ; Retract
G1 Z28.00 F600   ; Z-hop
G1 X107.000 Y100.000 F1200   ; Travel to tower fill ring 5
G1 Z27.00 F300   ; Lower to layer height
G1 E425.8334 F1200   ; Prime
G1 X106.973 Y100.610 E425.8731 F300
G1 X106.894 Y101.216 E425.9128 F300
G1 X106.761 Y101.812 E425.9525 F300
G1 X106.578 Y102.394 E425.9922 F300
G1 X106.344 Y102.958 E426.0319 F300
G1 X106.062 Y103.500 E426.0716 F300
G1 X105.734 Y104.015 E426.1113 F300
G1 X105.362 Y104.500 E426.1509 F300
G1 X104.950 Y104.950 E426.1906 F300
G1 X104.500 Y105.362 E426.2303 F300
G1 X104.015 Y105.734 E426.2700 F300
G1 X103.500 Y106.062 E426.3097 F300
G1 X102.958 Y106.344 E426.3494 F300
G1 X102.394 Y106.578 E426.3891 F300
G1 X101.812 Y106.761 E426.4288 F300
G1 X101.216 Y106.894 E426.4685 F300
G1 X100.610 Y106.973 E426.5082 F300
G1 X100.000 Y107.000 E426.5479 F300
G1 X99.390 Y106.973 E426.5876 F300
G1 X98.784 Y106.894 E426.6273 F300
G1 X98.188 Y106.761 E426.6670 F300
G1 X97.606 Y106.578 E426.7067 F300
G1 X97.042 Y106.344 E426.7464 F300
G1 X96.500 Y106.062 E426.7860 F300
G1 X95.985 Y105.734 E426.8257 F300
G1 X95.500 Y105.362 E426.8654 F300
G1 X95.050 Y104.950 E426.9051 F300
G1 X94.638 Y104.500 E426.9448 F300
G1 X94.266 Y104.015 E426.9845 F300
G1 X93.938 Y103.500 E427.0242 F300
G1 X93.656 Y102.958 E427.0639 F300
G1 X93.422 Y102.394 E427.1036 F300
G1 X93.239 Y101.812 E427.1433 F300
G1 X93.106 Y101.216 E427.1830 F300
G1 X93.027 Y100.610 E427.2227 F300
G1 X93.000 Y100.000 E427.2624 F300
G1 X93.027 Y99.390 E427.3021 F300
G1 X93.106 Y98.784 E427.3418 F300
G1 X93.239 Y98.188 E427.3814 F300
G1 X93.422 Y97.606 E427.4211 F300
G1 X93.656 Y97.042 E427.4608 F300
G1 X93.938 Y96.500 E427.5005 F300
G1 X94.266 Y95.985 E427.5402 F300
G1 X94.638 Y95.500 E427.5799 F300
G1 X95.050 Y95.050 E427.6196 F300
G1 X95.500 Y94.638 E427.6593 F300
G1 X95.985 Y94.266 E427.6990 F300
G1 X96.500 Y93.938 E427.7387 F300
G1 X97.042 Y93.656 E427.7784 F300
G1 X97.606 Y93.422 E427.8181 F300
G1 X98.188 Y93.239 E427.8578 F300
G1 X98.784 Y93.106 E427.8975 F300
G1 X99.390 Y93.027 E427.9372 F300
G1 X100.000 Y93.000 E427.9769 F300
G1 X100.610 Y93.027 E428.0165 F300
G1 X101.216 Y93.106 E428.0562 F300
G1 X101.812 Y93.239 E428.0959 F300
G1 X102.394 Y93.422 E428.1356 F300
G1 X102.958 Y93.656 E428.1753 F300
G1 X103.500 Y93.938 E428.2150 F300
G1 X104.015 Y94.266 E428.2547 F300
G1 X104.500 Y94.638 E428.2944 F300
G1 X104.950 Y95.050 E428.3341 F300
G1 X105.362 Y95.500 E428.3738 F300
G1 X105.734 Y95.985 E428.4135 F300
G1 X106.062 Y96.500 E428.4532 F300
G1 X106.344 Y97.042 E428.4929 F300
G1 X106.578 Y97.606 E428.5326 F300
G1 X106.761 Y98.188 E428.5723 F300
G1 X106.894 Y98.784 E428.6120 F300
G1 X106.973 Y99.390 E428.6516 F300
G1 X107.000 Y100.000 E428.6913 F300
G1 E427.1913 F1200   ; Retract

; === TOWER LAYER 15/20 (Z=29.0mm, tower fill) ===
G1 Z30.00 F600   ; Z-hop
G1 X123.000 Y100.000 F1200   ; Travel to tower fill ring 1
G1 Z29.00 F300   ; Lower to layer height
G1 E428.6913 F1200   ; Prime
G1 X122.912 Y102.005 E428.8218 F300
G1 X122.651 Y103.994 E428.9522 F300
G1 X122.216 Y105.953 E429.0826 F300
G1 X121.613 Y107.866 E429.2130 F300
G1 X120.845 Y109.720 E429.3434 F300
G1 X119.919 Y111.500 E429.4739 F300
G1 X118.840 Y113.192 E429.6043 F300
G1 X117.619 Y114.784 E429.7347 F300
G1 X116.263 Y116.263 E429.8651 F300
G1 X114.784 Y117.619 E429.9956 F300
G1 X113.192 Y118.840 E430.1260 F300
G1 X111.500 Y119.919 E430.2564 F300
G1 X109.720 Y120.845 E430.3868 F300
G1 X107.866 Y121.613 E430.5172 F300
G1 X105.953 Y122.216 E430.6477 F300
G1 X103.994 Y122.651 E430.7781 F300
G1 X102.005 Y122.912 E430.9085 F300
G1 X100.000 Y123.000 E431.0389 F300
G1 X97.995 Y122.912 E431.1694 F300
G1 X96.006 Y122.651 E431.2998 F300
G1 X94.047 Y122.216 E431.4302 F300
G1 X92.134 Y121.613 E431.5606 F300
G1 X90.280 Y120.845 E431.6910 F300
G1 X88.500 Y119.919 E431.8215 F300
G1 X86.808 Y118.840 E431.9519 F300
G1 X85.216 Y117.619 E432.0823 F300
G1 X83.737 Y116.263 E432.2127 F300
G1 X82.381 Y114.784 E432.3432 F300
G1 X81.160 Y113.192 E432.4736 F300
G1 X80.081 Y111.500 E432.6040 F300
G1 X79.155 Y109.720 E432.7344 F300
G1 X78.387 Y107.866 E432.8648 F300
G1 X77.784 Y105.953 E432.9953 F300
G1 X77.349 Y103.994 E433.1257 F300
G1 X77.088 Y102.005 E433.2561 F300
G1 X77.000 Y100.000 E433.3865 F300
G1 X77.088 Y97.995 E433.5170 F300
G1 X77.349 Y96.006 E433.6474 F300
G1 X77.784 Y94.047 E433.7778 F300
G1 X78.387 Y92.134 E433.9082 F300
G1 X79.155 Y90.280 E434.0386 F300
G1 X80.081 Y88.500 E434.1691 F300
G1 X81.160 Y86.808 E434.2995 F300
G1 X82.381 Y85.216 E434.4299 F300
G1 X83.737 Y83.737 E434.5603 F300
G1 X85.216 Y82.381 E434.6907 F300
G1 X86.808 Y81.160 E434.8212 F300
G1 X88.500 Y80.081 E434.9516 F300
G1 X90.280 Y79.155 E435.0820 F300
G1 X92.134 Y78.387 E435.2124 F300
G1 X94.047 Y77.784 E435.3429 F300
G1 X96.006 Y77.349 E435.4733 F300
G1 X97.995 Y77.088 E435.6037 F300
G1 X100.000 Y77.000 E435.7341 F300
G1 X102.005 Y77.088 E435.8645 F300
G1 X103.994 Y77.349 E435.9950 F300
G1 X105.953 Y77.784 E436.1254 F300
G1 X107.866 Y78.387 E436.2558 F300
G1 X109.720 Y79.155 E436.3862 F300
G1 X111.500 Y80.081 E436.5167 F300
G1 X113.192 Y81.160 E436.6471 F300
G1 X114.784 Y82.381 E436.7775 F300
G1 X116.263 Y83.737 E436.9079 F300
G1 X117.619 Y85.216 E437.0383 F300
G1 X118.840 Y86.808 E437.1688 F300
G1 X119.919 Y88.500 E437.2992 F300
G1 X120.845 Y90.280 E437.4296 F300
G1 X121.613 Y92.134 E437.5600 F300
G1 X122.216 Y94.047 E437.6905 F300
G1 X122.651 Y96.006 E437.8209 F300
G1 X122.912 Y97.995 E437.9513 F300
G1 X123.000 Y100.000 E438.0817 F300
G1 E436.5817 F1200   ; Retract
G1 Z30.00 F600   ; Z-hop
G1 X119.000 Y100.000 F1200   ; Travel to tower fill ring 2
G1 Z29.00 F300   ; Lower to layer height
G1 E438.0817 F1200   ; Prime
G1 X118.928 Y98.344 E438.1895 F300
G1 X118.711 Y96.701 E438.2972 F300
G1 X118.353 Y95.082 E438.4049 F300
G1 X117.854 Y93.502 E438.5127 F300
G1 X117.220 Y91.970 E438.6204 F300
G1 X116.454 Y90.500 E438.7282 F300
G1 X115.564 Y89.102 E438.8359 F300
G1 X114.555 Y87.787 E438.9436 F300
G1 X113.435 Y86.565 E439.0514 F300
G1 X112.213 Y85.445 E439.1591 F300
G1 X110.898 Y84.436 E439.2669 F300
G1 X109.500 Y83.546 E439.3746 F300
G1 X108.030 Y82.780 E439.4823 F300
G1 X106.498 Y82.146 E439.5901 F300
G1 X104.918 Y81.647 E439.6978 F300
G1 X103.299 Y81.289 E439.8056 F300
G1 X101.656 Y81.072 E439.9133 F300
G1 X100.000 Y81.000 E440.0210 F300
G1 X98.344 Y81.072 E440.1288 F300
G1 X96.701 Y81.289 E440.2365 F300
G1 X95.082 Y81.647 E440.3443 F300
G1 X93.502 Y82.146 E440.4520 F300
G1 X91.970 Y82.780 E440.5597 F300
G1 X90.500 Y83.546 E440.6675 F300
G1 X89.102 Y84.436 E440.7752 F300
G1 X87.787 Y85.445 E440.8830 F300
G1 X86.565 Y86.565 E440.9907 F300
G1 X85.445 Y87.787 E441.0984 F300
G1 X84.436 Y89.102 E441.2062 F300
G1 X83.546 Y90.500 E441.3139 F300
G1 X82.780 Y91.970 E441.4217 F300
G1 X82.146 Y93.502 E441.5294 F300
G1 X81.647 Y95.082 E441.6371 F300
G1 X81.289 Y96.701 E441.7449 F300
G1 X81.072 Y98.344 E441.8526 F300
G1 X81.000 Y100.000 E441.9604 F300
G1 X81.072 Y101.656 E442.0681 F300
G1 X81.289 Y103.299 E442.1758 F300
G1 X81.647 Y104.918 E442.2836 F300
G1 X82.146 Y106.498 E442.3913 F300
G1 X82.780 Y108.030 E442.4991 F300
G1 X83.546 Y109.500 E442.6068 F300
G1 X84.436 Y110.898 E442.7145 F300
G1 X85.445 Y112.213 E442.8223 F300
G1 X86.565 Y113.435 E442.9300 F300
G1 X87.787 Y114.555 E443.0378 F300
G1 X89.102 Y115.564 E443.1455 F300
G1 X90.500 Y116.454 E443.2532 F300
G1 X91.970 Y117.220 E443.3610 F300
G1 X93.502 Y117.854 E443.4687 F300
G1 X95.082 Y118.353 E443.5765 F300
G1 X96.701 Y118.711 E443.6842 F300
G1 X98.344 Y118.928 E443.7919 F300
G1 X100.000 Y119.000 E443.8997 F300
G1 X101.656 Y118.928 E444.0074 F300
G1 X103.299 Y118.711 E444.1152 F300
G1 X104.918 Y118.353 E444.2229 F300
G1 X106.498 Y117.854 E444.3306 F300
G1 X108.030 Y117.220 E444.4384 F300
G1 X109.500 Y116.454 E444.5461 F300
G1 X110.898 Y115.564 E444.6539 F300
G1 X112.213 Y114.555 E444.7616 F300
G1 X113.435 Y113.435 E444.8693 F300
G1 X114.555 Y112.213 E444.9771 F300
G1 X115.564 Y110.898 E445.0848 F300
G1 X116.454 Y109.500 E445.1926 F300
G1 X117.220 Y108.030 E445.3003 F300
G1 X117.854 Y106.498 E445.4080 F300
G1 X118.353 Y104.918 E445.5158 F300
G1 X118.711 Y103.299 E445.6235 F300
G1 X118.928 Y101.656 E445.7313 F300
G1 X119.000 Y100.000 E445.8390 F300
G1 E444.3390 F1200   ; Retract
G1 Z30.00 F600   ; Z-hop
G1 X115.000 Y100.000 F1200   ; Travel to tower fill ring 3
G1 Z29.00 F300   ; Lower to layer height
G1 E445.8390 F1200   ; Prime
G1 X114.943 Y101.307 E445.9241 F300
G1 X114.772 Y102.605 E446.0091 F300
G1 X114.489 Y103.882 E446.0942 F300
G1 X114.095 Y105.130 E446.1792 F300
G1 X113.595 Y106.339 E446.2643 F300
G1 X112.990 Y107.500 E446.3493 F300
G1 X112.287 Y108.604 E446.4344 F300
G1 X111.491 Y109.642 E446.5195 F300
G1 X110.607 Y110.607 E446.6045 F300
G1 X109.642 Y111.491 E446.6896 F300
G1 X108.604 Y112.287 E446.7746 F300
G1 X107.500 Y112.990 E446.8597 F300
G1 X106.339 Y113.595 E446.9447 F300
G1 X105.130 Y114.095 E447.0298 F300
G1 X103.882 Y114.489 E447.1149 F300
G1 X102.605 Y114.772 E447.1999 F300
G1 X101.307 Y114.943 E447.2850 F300
G1 X100.000 Y115.000 E447.3700 F300
G1 X98.693 Y114.943 E447.4551 F300
G1 X97.395 Y114.772 E447.5401 F300
G1 X96.118 Y114.489 E447.6252 F300
G1 X94.870 Y114.095 E447.7103 F300
G1 X93.661 Y113.595 E447.7953 F300
G1 X92.500 Y112.990 E447.8804 F300
G1 X91.396 Y112.287 E447.9654 F300
G1 X90.358 Y111.491 E448.0505 F300
G1 X89.393 Y110.607 E448.1356 F300
G1 X88.509 Y109.642 E448.2206 F300
G1 X87.713 Y108.604 E448.3057 F300
G1 X87.010 Y107.500 E448.3907 F300
G1 X86.405 Y106.339 E448.4758 F300
G1 X85.905 Y105.130 E448.5608 F300
G1 X85.511 Y103.882 E448.6459 F300
G1 X85.228 Y102.605 E448.7310 F300
G1 X85.057 Y101.307 E448.8160 F300
G1 X85.000 Y100.000 E448.9011 F300
G1 X85.057 Y98.693 E448.9861 F300
G1 X85.228 Y97.395 E449.0712 F300
G1 X85.511 Y96.118 E449.1562 F300
G1 X85.905 Y94.870 E449.2413 F300
G1 X86.405 Y93.661 E449.3264 F300
G1 X87.010 Y92.500 E449.4114 F300
G1 X87.713 Y91.396 E449.4965 F300
G1 X88.509 Y90.358 E449.5815 F300
G1 X89.393 Y89.393 E449.6666 F300
G1 X90.358 Y88.509 E449.7517 F300
G1 X91.396 Y87.713 E449.8367 F300
G1 X92.500 Y87.010 E449.9218 F300
G1 X93.661 Y86.405 E450.0068 F300
G1 X94.870 Y85.905 E450.0919 F300
G1 X96.118 Y85.511 E450.1769 F300
G1 X97.395 Y85.228 E450.2620 F300
G1 X98.693 Y85.057 E450.3471 F300
G1 X100.000 Y85.000 E450.4321 F300
G1 X101.307 Y85.057 E450.5172 F300
G1 X102.605 Y85.228 E450.6022 F300
G1 X103.882 Y85.511 E450.6873 F300
G1 X105.130 Y85.905 E450.7723 F300
G1 X106.339 Y86.405 E450.8574 F300
G1 X107.500 Y87.010 E450.9425 F300
G1 X108.604 Y87.713 E451.0275 F300
G1 X109.642 Y88.509 E451.1126 F300
G1 X110.607 Y89.393 E451.1976 F300
G1 X111.491 Y90.358 E451.2827 F300
G1 X112.287 Y91.396 E451.3677 F300
G1 X112.990 Y92.500 E451.4528 F300
G1 X113.595 Y93.661 E451.5379 F300
G1 X114.095 Y94.870 E451.6229 F300
G1 X114.489 Y96.118 E451.7080 F300
G1 X114.772 Y97.395 E451.7930 F300
G1 X114.943 Y98.693 E451.8781 F300
G1 X115.000 Y100.000 E451.9632 F300
G1 E450.4632 F1200   ; Retract
G1 Z30.00 F600   ; Z-hop
G1 X111.000 Y100.000 F1200   ; Travel to tower fill ring 4
G1 Z29.00 F300   ; Lower to layer height
G1 E451.9632 F1200   ; Prime
G1 X110.958 Y99.041 E452.0255 F300
G1 X110.833 Y98.090 E452.0879 F300
G1 X110.625 Y97.153 E452.1503 F300
G1 X110.337 Y96.238 E452.2127 F300
G1 X109.969 Y95.351 E452.2750 F300
G1 X109.526 Y94.500 E452.3374 F300
G1 X109.011 Y93.691 E452.3998 F300
G1 X108.426 Y92.929 E452.4622 F300
G1 X107.778 Y92.222 E452.5245 F300
G1 X107.071 Y91.574 E452.5869 F300
G1 X106.309 Y90.989 E452.6493 F300
G1 X105.500 Y90.474 E452.7117 F300
G1 X104.649 Y90.031 E452.7740 F300
G1 X103.762 Y89.663 E452.8364 F300
G1 X102.847 Y89.375 E452.8988 F300
G1 X101.910 Y89.167 E452.9612 F300
G1 X100.959 Y89.042 E453.0235 F300
G1 X100.000 Y89.000 E453.0859 F300
G1 X99.041 Y89.042 E453.1483 F300
G1 X98.090 Y89.167 E453.2107 F300
G1 X97.153 Y89.375 E453.2730 F300
G1 X96.238 Y89.663 E453.3354 F300
G1 X95.351 Y90.031 E453.3978 F300
G1 X94.500 Y90.474 E453.4602 F300
G1 X93.691 Y90.989 E453.5225 F300
G1 X92.929 Y91.574 E453.5849 F300
G1 X92.222 Y92.222 E453.6473 F300
G1 X91.574 Y92.929 E453.7097 F300
G1 X90.989 Y93.691 E453.7721 F300
G1 X90.474 Y94.500 E453.8344 F300
G1 X90.031 Y95.351 E453.8968 F300
G1 X89.663 Y96.238 E453.9592 F300
G1 X89.375 Y97.153 E454.0216 F300
G1 X89.167 Y98.090 E454.0839 F300
G1 X89.042 Y99.041 E454.1463 F300
G1 X89.000 Y100.000 E454.2087 F300
G1 X89.042 Y100.959 E454.2711 F300
G1 X89.167 Y101.910 E454.3334 F300
G1 X89.375 Y102.847 E454.3958 F300
G1 X89.663 Y103.762 E454.4582 F300
G1 X90.031 Y104.649 E454.5206 F300
G1 X90.474 Y105.500 E454.5829 F300
G1 X90.989 Y106.309 E454.6453 F300
G1 X91.574 Y107.071 E454.7077 F300
G1 X92.222 Y107.778 E454.7701 F300
G1 X92.929 Y108.426 E454.8324 F300
G1 X93.691 Y109.011 E454.8948 F300
G1 X94.500 Y109.526 E454.9572 F300
G1 X95.351 Y109.969 E455.0196 F300
G1 X96.238 Y110.337 E455.0819 F300
G1 X97.153 Y110.625 E455.1443 F300
G1 X98.090 Y110.833 E455.2067 F300
G1 X99.041 Y110.958 E455.2691 F300
G1 X100.000 Y111.000 E455.3314 F300
G1 X100.959 Y110.958 E455.3938 F300
G1 X101.910 Y110.833 E455.4562 F300
G1 X102.847 Y110.625 E455.5186 F300
G1 X103.762 Y110.337 E455.5809 F300
G1 X104.649 Y109.969 E455.6433 F300
G1 X105.500 Y109.526 E455.7057 F300
G1 X106.309 Y109.011 E455.7681 F300
G1 X107.071 Y108.426 E455.8304 F300
G1 X107.778 Y107.778 E455.8928 F300
G1 X108.426 Y107.071 E455.9552 F300
G1 X109.011 Y106.309 E456.0176 F300
G1 X109.526 Y105.500 E456.0800 F300
G1 X109.969 Y104.649 E456.1423 F300
G1 X110.337 Y103.762 E456.2047 F300
G1 X110.625 Y102.847 E456.2671 F300
G1 X110.833 Y101.910 E456.3295 F300
G1 X110.958 Y100.959 E456.3918 F300
G1 X111.000 Y100.000 E456.4542 F300
G1 E454.9542 F1200   ; Retract
G1 Z30.00 F600   ; Z-hop
G1 X107.000 Y100.000 F1200   ; Travel to tower fill ring 5
G1 Z29.00 F300   ; Lower to layer height
G1 E456.4542 F1200   ; Prime
G1 X106.973 Y100.610 E456.4939 F300
G1 X106.894 Y101.216 E456.5336 F300
G1 X106.761 Y101.812 E456.5733 F300
G1 X106.578 Y102.394 E456.6130 F300
G1 X106.344 Y102.958 E456.6527 F300
G1 X106.062 Y103.500 E456.6924 F300
G1 X105.734 Y104.015 E456.7321 F300
G1 X105.362 Y104.500 E456.7718 F300
G1 X104.950 Y104.950 E456.8114 F300
G1 X104.500 Y105.362 E456.8511 F300
G1 X104.015 Y105.734 E456.8908 F300
G1 X103.500 Y106.062 E456.9305 F300
G1 X102.958 Y106.344 E456.9702 F300
G1 X102.394 Y106.578 E457.0099 F300
G1 X101.812 Y106.761 E457.0496 F300
G1 X101.216 Y106.894 E457.0893 F300
G1 X100.610 Y106.973 E457.1290 F300
G1 X100.000 Y107.000 E457.1687 F300
G1 X99.390 Y106.973 E457.2084 F300
G1 X98.784 Y106.894 E457.2481 F300
G1 X98.188 Y106.761 E457.2878 F300
G1 X97.606 Y106.578 E457.3275 F300
G1 X97.042 Y106.344 E457.3672 F300
G1 X96.500 Y106.062 E457.4069 F300
G1 X95.985 Y105.734 E457.4465 F300
G1 X95.500 Y105.362 E457.4862 F300
G1 X95.050 Y104.950 E457.5259 F300
G1 X94.638 Y104.500 E457.5656 F300
G1 X94.266 Y104.015 E457.6053 F300
G1 X93.938 Y103.500 E457.6450 F300
G1 X93.656 Y102.958 E457.6847 F300
G1 X93.422 Y102.394 E457.7244 F300
G1 X93.239 Y101.812 E457.7641 F300
G1 X93.106 Y101.216 E457.8038 F300
G1 X93.027 Y100.610 E457.8435 F300
G1 X93.000 Y100.000 E457.8832 F300
G1 X93.027 Y99.390 E457.9229 F300
G1 X93.106 Y98.784 E457.9626 F300
G1 X93.239 Y98.188 E458.0023 F300
G1 X93.422 Y97.606 E458.0420 F300
G1 X93.656 Y97.042 E458.0816 F300
G1 X93.938 Y96.500 E458.1213 F300
G1 X94.266 Y95.985 E458.1610 F300
G1 X94.638 Y95.500 E458.2007 F300
G1 X95.050 Y95.050 E458.2404 F300
G1 X95.500 Y94.638 E458.2801 F300
G1 X95.985 Y94.266 E458.3198 F300
G1 X96.500 Y93.938 E458.3595 F300
G1 X97.042 Y93.656 E458.3992 F300
G1 X97.606 Y93.422 E458.4389 F300
G1 X98.188 Y93.239 E458.4786 F300
G1 X98.784 Y93.106 E458.5183 F300
G1 X99.390 Y93.027 E458.5580 F300
G1 X100.000 Y93.000 E458.5977 F300
G1 X100.610 Y93.027 E458.6374 F300
G1 X101.216 Y93.106 E458.6771 F300
G1 X101.812 Y93.239 E458.7167 F300
G1 X102.394 Y93.422 E458.7564 F300
G1 X102.958 Y93.656 E458.7961 F300
G1 X103.500 Y93.938 E458.8358 F300
G1 X104.015 Y94.266 E458.8755 F300
G1 X104.500 Y94.638 E458.9152 F300
G1 X104.950 Y95.050 E458.9549 F300
G1 X105.362 Y95.500 E458.9946 F300
G1 X105.734 Y95.985 E459.0343 F300
G1 X106.062 Y96.500 E459.0740 F300
G1 X106.344 Y97.042 E459.1137 F300
G1 X106.578 Y97.606 E459.1534 F300
G1 X106.761 Y98.188 E459.1931 F300
G1 X106.894 Y98.784 E459.2328 F300
G1 X106.973 Y99.390 E459.2725 F300
G1 X107.000 Y100.000 E459.3121 F300
G1 E457.8121 F1200   ; Retract

; === TOWER LAYER 16/20 (Z=31.0mm, tower fill) ===
G1 Z32.00 F600   ; Z-hop
G1 X123.000 Y100.000 F1200   ; Travel to tower fill ring 1
G1 Z31.00 F300   ; Lower to layer height
G1 E459.3121 F1200   ; Prime
G1 X122.912 Y102.005 E459.4426 F300
G1 X122.651 Y103.994 E459.5730 F300
G1 X122.216 Y105.953 E459.7034 F300
G1 X121.613 Y107.866 E459.8338 F300
G1 X120.845 Y109.720 E459.9643 F300
G1 X119.919 Y111.500 E460.0947 F300
G1 X118.840 Y113.192 E460.2251 F300
G1 X117.619 Y114.784 E460.3555 F300
G1 X116.263 Y116.263 E460.4859 F300
G1 X114.784 Y117.619 E460.6164 F300
G1 X113.192 Y118.840 E460.7468 F300
G1 X111.500 Y119.919 E460.8772 F300
G1 X109.720 Y120.845 E461.0076 F300
G1 X107.866 Y121.613 E461.1381 F300
G1 X105.953 Y122.216 E461.2685 F300
G1 X103.994 Y122.651 E461.3989 F300
G1 X102.005 Y122.912 E461.5293 F300
G1 X100.000 Y123.000 E461.6597 F300
G1 X97.995 Y122.912 E461.7902 F300
G1 X96.006 Y122.651 E461.9206 F300
G1 X94.047 Y122.216 E462.0510 F300
G1 X92.134 Y121.613 E462.1814 F300
G1 X90.280 Y120.845 E462.3119 F300
G1 X88.500 Y119.919 E462.4423 F300
G1 X86.808 Y118.840 E462.5727 F300
G1 X85.216 Y117.619 E462.7031 F300
G1 X83.737 Y116.263 E462.8335 F300
G1 X82.381 Y114.784 E462.9640 F300
G1 X81.160 Y113.192 E463.0944 F300
G1 X80.081 Y111.500 E463.2248 F300
G1 X79.155 Y109.720 E463.3552 F300
G1 X78.387 Y107.866 E463.4857 F300
G1 X77.784 Y105.953 E463.6161 F300
G1 X77.349 Y103.994 E463.7465 F300
G1 X77.088 Y102.005 E463.8769 F300
G1 X77.000 Y100.000 E464.0073 F300
G1 X77.088 Y97.995 E464.1378 F300
G1 X77.349 Y96.006 E464.2682 F300
G1 X77.784 Y94.047 E464.3986 F300
G1 X78.387 Y92.134 E464.5290 F300
G1 X79.155 Y90.280 E464.6594 F300
G1 X80.081 Y88.500 E464.7899 F300
G1 X81.160 Y86.808 E464.9203 F300
G1 X82.381 Y85.216 E465.0507 F300
G1 X83.737 Y83.737 E465.1811 F300
G1 X85.216 Y82.381 E465.3116 F300
G1 X86.808 Y81.160 E465.4420 F300
G1 X88.500 Y80.081 E465.5724 F300
G1 X90.280 Y79.155 E465.7028 F300
G1 X92.134 Y78.387 E465.8332 F300
G1 X94.047 Y77.784 E465.9637 F300
G1 X96.006 Y77.349 E466.0941 F300
G1 X97.995 Y77.088 E466.2245 F300
G1 X100.000 Y77.000 E466.3549 F300
G1 X102.005 Y77.088 E466.4854 F300
G1 X103.994 Y77.349 E466.6158 F300
G1 X105.953 Y77.784 E466.7462 F300
G1 X107.866 Y78.387 E466.8766 F300
G1 X109.720 Y79.155 E467.0070 F300
G1 X111.500 Y80.081 E467.1375 F300
G1 X113.192 Y81.160 E467.2679 F300
G1 X114.784 Y82.381 E467.3983 F300
G1 X116.263 Y83.737 E467.5287 F300
G1 X117.619 Y85.216 E467.6592 F300
G1 X118.840 Y86.808 E467.7896 F300
G1 X119.919 Y88.500 E467.9200 F300
G1 X120.845 Y90.280 E468.0504 F300
G1 X121.613 Y92.134 E468.1808 F300
G1 X122.216 Y94.047 E468.3113 F300
G1 X122.651 Y96.006 E468.4417 F300
G1 X122.912 Y97.995 E468.5721 F300
G1 X123.000 Y100.000 E468.7025 F300
G1 E467.2025 F1200   ; Retract
G1 Z32.00 F600   ; Z-hop
G1 X119.000 Y100.000 F1200   ; Travel to tower fill ring 2
G1 Z31.00 F300   ; Lower to layer height
G1 E468.7025 F1200   ; Prime
G1 X118.928 Y98.344 E468.8103 F300
G1 X118.711 Y96.701 E468.9180 F300
G1 X118.353 Y95.082 E469.0258 F300
G1 X117.854 Y93.502 E469.1335 F300
G1 X117.220 Y91.970 E469.2412 F300
G1 X116.454 Y90.500 E469.3490 F300
G1 X115.564 Y89.102 E469.4567 F300
G1 X114.555 Y87.787 E469.5644 F300
G1 X113.435 Y86.565 E469.6722 F300
G1 X112.213 Y85.445 E469.7799 F300
G1 X110.898 Y84.436 E469.8877 F300
G1 X109.500 Y83.546 E469.9954 F300
G1 X108.030 Y82.780 E470.1031 F300
G1 X106.498 Y82.146 E470.2109 F300
G1 X104.918 Y81.647 E470.3186 F300
G1 X103.299 Y81.289 E470.4264 F300
G1 X101.656 Y81.072 E470.5341 F300
G1 X100.000 Y81.000 E470.6418 F300
G1 X98.344 Y81.072 E470.7496 F300
G1 X96.701 Y81.289 E470.8573 F300
G1 X95.082 Y81.647 E470.9651 F300
G1 X93.502 Y82.146 E471.0728 F300
G1 X91.970 Y82.780 E471.1805 F300
G1 X90.500 Y83.546 E471.2883 F300
G1 X89.102 Y84.436 E471.3960 F300
G1 X87.787 Y85.445 E471.5038 F300
G1 X86.565 Y86.565 E471.6115 F300
G1 X85.445 Y87.787 E471.7192 F300
G1 X84.436 Y89.102 E471.8270 F300
G1 X83.546 Y90.500 E471.9347 F300
G1 X82.780 Y91.970 E472.0425 F300
G1 X82.146 Y93.502 E472.1502 F300
G1 X81.647 Y95.082 E472.2579 F300
G1 X81.289 Y96.701 E472.3657 F300
G1 X81.072 Y98.344 E472.4734 F300
G1 X81.000 Y100.000 E472.5812 F300
G1 X81.072 Y101.656 E472.6889 F300
G1 X81.289 Y103.299 E472.7966 F300
G1 X81.647 Y104.918 E472.9044 F300
G1 X82.146 Y106.498 E473.0121 F300
G1 X82.780 Y108.030 E473.1199 F300
G1 X83.546 Y109.500 E473.2276 F300
G1 X84.436 Y110.898 E473.3353 F300
G1 X85.445 Y112.213 E473.4431 F300
G1 X86.565 Y113.435 E473.5508 F300
G1 X87.787 Y114.555 E473.6586 F300
G1 X89.102 Y115.564 E473.7663 F300
G1 X90.500 Y116.454 E473.8740 F300
G1 X91.970 Y117.220 E473.9818 F300
G1 X93.502 Y117.854 E474.0895 F300
G1 X95.082 Y118.353 E474.1973 F300
G1 X96.701 Y118.711 E474.3050 F300
G1 X98.344 Y118.928 E474.4127 F300
G1 X100.000 Y119.000 E474.5205 F300
G1 X101.656 Y118.928 E474.6282 F300
G1 X103.299 Y118.711 E474.7360 F300
G1 X104.918 Y118.353 E474.8437 F300
G1 X106.498 Y117.854 E474.9514 F300
G1 X108.030 Y117.220 E475.0592 F300
G1 X109.500 Y116.454 E475.1669 F300
G1 X110.898 Y115.564 E475.2747 F300
G1 X112.213 Y114.555 E475.3824 F300
G1 X113.435 Y113.435 E475.4901 F300
G1 X114.555 Y112.213 E475.5979 F300
G1 X115.564 Y110.898 E475.7056 F300
G1 X116.454 Y109.500 E475.8134 F300
G1 X117.220 Y108.030 E475.9211 F300
G1 X117.854 Y106.498 E476.0288 F300
G1 X118.353 Y104.918 E476.1366 F300
G1 X118.711 Y103.299 E476.2443 F300
G1 X118.928 Y101.656 E476.3521 F300
G1 X119.000 Y100.000 E476.4598 F300
G1 E474.9598 F1200   ; Retract
G1 Z32.00 F600   ; Z-hop
G1 X115.000 Y100.000 F1200   ; Travel to tower fill ring 3
G1 Z31.00 F300   ; Lower to layer height
G1 E476.4598 F1200   ; Prime
G1 X114.943 Y101.307 E476.5449 F300
G1 X114.772 Y102.605 E476.6299 F300
G1 X114.489 Y103.882 E476.7150 F300
G1 X114.095 Y105.130 E476.8000 F300
G1 X113.595 Y106.339 E476.8851 F300
G1 X112.990 Y107.500 E476.9701 F300
G1 X112.287 Y108.604 E477.0552 F300
G1 X111.491 Y109.642 E477.1403 F300
G1 X110.607 Y110.607 E477.2253 F300
G1 X109.642 Y111.491 E477.3104 F300
G1 X108.604 Y112.287 E477.3954 F300
G1 X107.500 Y112.990 E477.4805 F300
G1 X106.339 Y113.595 E477.5656 F300
G1 X105.130 Y114.095 E477.6506 F300
G1 X103.882 Y114.489 E477.7357 F300
G1 X102.605 Y114.772 E477.8207 F300
G1 X101.307 Y114.943 E477.9058 F300
G1 X100.000 Y115.000 E477.9908 F300
G1 X98.693 Y114.943 E478.0759 F300
G1 X97.395 Y114.772 E478.1610 F300
G1 X96.118 Y114.489 E478.2460 F300
G1 X94.870 Y114.095 E478.3311 F300
G1 X93.661 Y113.595 E478.4161 F300
G1 X92.500 Y112.990 E478.5012 F300
G1 X91.396 Y112.287 E478.5862 F300
G1 X90.358 Y111.491 E478.6713 F300
G1 X89.393 Y110.607 E478.7564 F300
G1 X88.509 Y109.642 E478.8414 F300
G1 X87.713 Y108.604 E478.9265 F300
G1 X87.010 Y107.500 E479.0115 F300
G1 X86.405 Y106.339 E479.0966 F300
G1 X85.905 Y105.130 E479.1817 F300
G1 X85.511 Y103.882 E479.2667 F300
G1 X85.228 Y102.605 E479.3518 F300
G1 X85.057 Y101.307 E479.4368 F300
G1 X85.000 Y100.000 E479.5219 F300
G1 X85.057 Y98.693 E479.6069 F300
G1 X85.228 Y97.395 E479.6920 F300
G1 X85.511 Y96.118 E479.7771 F300
G1 X85.905 Y94.870 E479.8621 F300
G1 X86.405 Y93.661 E479.9472 F300
G1 X87.010 Y92.500 E480.0322 F300
G1 X87.713 Y91.396 E480.1173 F300
G1 X88.509 Y90.358 E480.2023 F300
G1 X89.393 Y89.393 E480.2874 F300
G1 X90.358 Y88.509 E480.3725 F300
G1 X91.396 Y87.713 E480.4575 F300
G1 X92.500 Y87.010 E480.5426 F300
G1 X93.661 Y86.405 E480.6276 F300
G1 X94.870 Y85.905 E480.7127 F300
G1 X96.118 Y85.511 E480.7978 F300
G1 X97.395 Y85.228 E480.8828 F300
G1 X98.693 Y85.057 E480.9679 F300
G1 X100.000 Y85.000 E481.0529 F300
G1 X101.307 Y85.057 E481.1380 F300
G1 X102.605 Y85.228 E481.2230 F300
G1 X103.882 Y85.511 E481.3081 F300
G1 X105.130 Y85.905 E481.3932 F300
G1 X106.339 Y86.405 E481.4782 F300
G1 X107.500 Y87.010 E481.5633 F300
G1 X108.604 Y87.713 E481.6483 F300
G1 X109.642 Y88.509 E481.7334 F300
G1 X110.607 Y89.393 E481.8184 F300
G1 X111.491 Y90.358 E481.9035 F300
G1 X112.287 Y91.396 E481.9886 F300
G1 X112.990 Y92.500 E482.0736 F300
G1 X113.595 Y93.661 E482.1587 F300
G1 X114.095 Y94.870 E482.2437 F300
G1 X114.489 Y96.118 E482.3288 F300
G1 X114.772 Y97.395 E482.4138 F300
G1 X114.943 Y98.693 E482.4989 F300
G1 X115.000 Y100.000 E482.5840 F300
G1 E481.0840 F1200   ; Retract
G1 Z32.00 F600   ; Z-hop
G1 X111.000 Y100.000 F1200   ; Travel to tower fill ring 4
G1 Z31.00 F300   ; Lower to layer height
G1 E482.5840 F1200   ; Prime
G1 X110.958 Y99.041 E482.6463 F300
G1 X110.833 Y98.090 E482.7087 F300
G1 X110.625 Y97.153 E482.7711 F300
G1 X110.337 Y96.238 E482.8335 F300
G1 X109.969 Y95.351 E482.8958 F300
G1 X109.526 Y94.500 E482.9582 F300
G1 X109.011 Y93.691 E483.0206 F300
G1 X108.426 Y92.929 E483.0830 F300
G1 X107.778 Y92.222 E483.1453 F300
G1 X107.071 Y91.574 E483.2077 F300
G1 X106.309 Y90.989 E483.2701 F300
G1 X105.500 Y90.474 E483.3325 F300
G1 X104.649 Y90.031 E483.3948 F300
G1 X103.762 Y89.663 E483.4572 F300
G1 X102.847 Y89.375 E483.5196 F300
G1 X101.910 Y89.167 E483.5820 F300
G1 X100.959 Y89.042 E483.6444 F300
G1 X100.000 Y89.000 E483.7067 F300
G1 X99.041 Y89.042 E483.7691 F300
G1 X98.090 Y89.167 E483.8315 F300
G1 X97.153 Y89.375 E483.8939 F300
G1 X96.238 Y89.663 E483.9562 F300
G1 X95.351 Y90.031 E484.0186 F300
G1 X94.500 Y90.474 E484.0810 F300
G1 X93.691 Y90.989 E484.1434 F300
G1 X92.929 Y91.574 E484.2057 F300
G1 X92.222 Y92.222 E484.2681 F300
G1 X91.574 Y92.929 E484.3305 F300
G1 X90.989 Y93.691 E484.3929 F300
G1 X90.474 Y94.500 E484.4552 F300
G1 X90.031 Y95.351 E484.5176 F300
G1 X89.663 Y96.238 E484.5800 F300
G1 X89.375 Y97.153 E484.6424 F300
G1 X89.167 Y98.090 E484.7047 F300
G1 X89.042 Y99.041 E484.7671 F300
G1 X89.000 Y100.000 E484.8295 F300
G1 X89.042 Y100.959 E484.8919 F300
G1 X89.167 Y101.910 E484.9542 F300
G1 X89.375 Y102.847 E485.0166 F300
G1 X89.663 Y103.762 E485.0790 F300
G1 X90.031 Y104.649 E485.1414 F300
G1 X90.474 Y105.500 E485.2037 F300
G1 X90.989 Y106.309 E485.2661 F300
G1 X91.574 Y107.071 E485.3285 F300
G1 X92.222 Y107.778 E485.3909 F300
G1 X92.929 Y108.426 E485.4532 F300
G1 X93.691 Y109.011 E485.5156 F300
G1 X94.500 Y109.526 E485.5780 F300
G1 X95.351 Y109.969 E485.6404 F300
G1 X96.238 Y110.337 E485.7028 F300
G1 X97.153 Y110.625 E485.7651 F300
G1 X98.090 Y110.833 E485.8275 F300
G1 X99.041 Y110.958 E485.8899 F300
G1 X100.000 Y111.000 E485.9523 F300
G1 X100.959 Y110.958 E486.0146 F300
G1 X101.910 Y110.833 E486.0770 F300
G1 X102.847 Y110.625 E486.1394 F300
G1 X103.762 Y110.337 E486.2018 F300
G1 X104.649 Y109.969 E486.2641 F300
G1 X105.500 Y109.526 E486.3265 F300
G1 X106.309 Y109.011 E486.3889 F300
G1 X107.071 Y108.426 E486.4513 F300
G1 X107.778 Y107.778 E486.5136 F300
G1 X108.426 Y107.071 E486.5760 F300
G1 X109.011 Y106.309 E486.6384 F300
G1 X109.526 Y105.500 E486.7008 F300
G1 X109.969 Y104.649 E486.7631 F300
G1 X110.337 Y103.762 E486.8255 F300
G1 X110.625 Y102.847 E486.8879 F300
G1 X110.833 Y101.910 E486.9503 F300
G1 X110.958 Y100.959 E487.0126 F300
G1 X111.000 Y100.000 E487.0750 F300
G1 E485.5750 F1200   ; Retract
G1 Z32.00 F600   ; Z-hop
G1 X107.000 Y100.000 F1200   ; Travel to tower fill ring 5
G1 Z31.00 F300   ; Lower to layer height
G1 E487.0750 F1200   ; Prime
G1 X106.973 Y100.610 E487.1147 F300
G1 X106.894 Y101.216 E487.1544 F300
G1 X106.761 Y101.812 E487.1941 F300
G1 X106.578 Y102.394 E487.2338 F300
G1 X106.344 Y102.958 E487.2735 F300
G1 X106.062 Y103.500 E487.3132 F300
G1 X105.734 Y104.015 E487.3529 F300
G1 X105.362 Y104.500 E487.3926 F300
G1 X104.950 Y104.950 E487.4323 F300
G1 X104.500 Y105.362 E487.4720 F300
G1 X104.015 Y105.734 E487.5116 F300
G1 X103.500 Y106.062 E487.5513 F300
G1 X102.958 Y106.344 E487.5910 F300
G1 X102.394 Y106.578 E487.6307 F300
G1 X101.812 Y106.761 E487.6704 F300
G1 X101.216 Y106.894 E487.7101 F300
G1 X100.610 Y106.973 E487.7498 F300
G1 X100.000 Y107.000 E487.7895 F300
G1 X99.390 Y106.973 E487.8292 F300
G1 X98.784 Y106.894 E487.8689 F300
G1 X98.188 Y106.761 E487.9086 F300
G1 X97.606 Y106.578 E487.9483 F300
G1 X97.042 Y106.344 E487.9880 F300
G1 X96.500 Y106.062 E488.0277 F300
G1 X95.985 Y105.734 E488.0674 F300
G1 X95.500 Y105.362 E488.1071 F300
G1 X95.050 Y104.950 E488.1467 F300
G1 X94.638 Y104.500 E488.1864 F300
G1 X94.266 Y104.015 E488.2261 F300
G1 X93.938 Y103.500 E488.2658 F300
G1 X93.656 Y102.958 E488.3055 F300
G1 X93.422 Y102.394 E488.3452 F300
G1 X93.239 Y101.812 E488.3849 F300
G1 X93.106 Y101.216 E488.4246 F300
G1 X93.027 Y100.610 E488.4643 F300
G1 X93.000 Y100.000 E488.5040 F300
G1 X93.027 Y99.390 E488.5437 F300
G1 X93.106 Y98.784 E488.5834 F300
G1 X93.239 Y98.188 E488.6231 F300
G1 X93.422 Y97.606 E488.6628 F300
G1 X93.656 Y97.042 E488.7025 F300
G1 X93.938 Y96.500 E488.7421 F300
G1 X94.266 Y95.985 E488.7818 F300
G1 X94.638 Y95.500 E488.8215 F300
G1 X95.050 Y95.050 E488.8612 F300
G1 X95.500 Y94.638 E488.9009 F300
G1 X95.985 Y94.266 E488.9406 F300
G1 X96.500 Y93.938 E488.9803 F300
G1 X97.042 Y93.656 E489.0200 F300
G1 X97.606 Y93.422 E489.0597 F300
G1 X98.188 Y93.239 E489.0994 F300
G1 X98.784 Y93.106 E489.1391 F300
G1 X99.390 Y93.027 E489.1788 F300
G1 X100.000 Y93.000 E489.2185 F300
G1 X100.610 Y93.027 E489.2582 F300
G1 X101.216 Y93.106 E489.2979 F300
G1 X101.812 Y93.239 E489.3376 F300
G1 X102.394 Y93.422 E489.3772 F300
G1 X102.958 Y93.656 E489.4169 F300
G1 X103.500 Y93.938 E489.4566 F300
G1 X104.015 Y94.266 E489.4963 F300
G1 X104.500 Y94.638 E489.5360 F300
G1 X104.950 Y95.050 E489.5757 F300
G1 X105.362 Y95.500 E489.6154 F300
G1 X105.734 Y95.985 E489.6551 F300
G1 X106.062 Y96.500 E489.6948 F300
G1 X106.344 Y97.042 E489.7345 F300
G1 X106.578 Y97.606 E489.7742 F300
G1 X106.761 Y98.188 E489.8139 F300
G1 X106.894 Y98.784 E489.8536 F300
G1 X106.973 Y99.390 E489.8933 F300
G1 X107.000 Y100.000 E489.9330 F300
G1 E488.4330 F1200   ; Retract

; === TOWER LAYER 17/20 (Z=33.0mm, tower fill) ===
G1 Z34.00 F600   ; Z-hop
G1 X123.000 Y100.000 F1200   ; Travel to tower fill ring 1
G1 Z33.00 F300   ; Lower to layer height
G1 E489.9330 F1200   ; Prime
G1 X122.912 Y102.005 E490.0634 F300
G1 X122.651 Y103.994 E490.1938 F300
G1 X122.216 Y105.953 E490.3242 F300
G1 X121.613 Y107.866 E490.4546 F300
G1 X120.845 Y109.720 E490.5851 F300
G1 X119.919 Y111.500 E490.7155 F300
G1 X118.840 Y113.192 E490.8459 F300
G1 X117.619 Y114.784 E490.9763 F300
G1 X116.263 Y116.263 E491.1068 F300
G1 X114.784 Y117.619 E491.2372 F300
G1 X113.192 Y118.840 E491.3676 F300
G1 X111.500 Y119.919 E491.4980 F300
G1 X109.720 Y120.845 E491.6284 F300
G1 X107.866 Y121.613 E491.7589 F300
G1 X105.953 Y122.216 E491.8893 F300
G1 X103.994 Y122.651 E492.0197 F300
G1 X102.005 Y122.912 E492.1501 F300
G1 X100.000 Y123.000 E492.2806 F300
G1 X97.995 Y122.912 E492.4110 F300
G1 X96.006 Y122.651 E492.5414 F300
G1 X94.047 Y122.216 E492.6718 F300
G1 X92.134 Y121.613 E492.8022 F300
G1 X90.280 Y120.845 E492.9327 F300
G1 X88.500 Y119.919 E493.0631 F300
G1 X86.808 Y118.840 E493.1935 F300
G1 X85.216 Y117.619 E493.3239 F300
G1 X83.737 Y116.263 E493.4544 F300
G1 X82.381 Y114.784 E493.5848 F300
G1 X81.160 Y113.192 E493.7152 F300
G1 X80.081 Y111.500 E493.8456 F300
G1 X79.155 Y109.720 E493.9760 F300
G1 X78.387 Y107.866 E494.1065 F300
G1 X77.784 Y105.953 E494.2369 F300
G1 X77.349 Y103.994 E494.3673 F300
G1 X77.088 Y102.005 E494.4977 F300
G1 X77.000 Y100.000 E494.6281 F300
G1 X77.088 Y97.995 E494.7586 F300
G1 X77.349 Y96.006 E494.8890 F300
G1 X77.784 Y94.047 E495.0194 F300
G1 X78.387 Y92.134 E495.1498 F300
G1 X79.155 Y90.280 E495.2803 F300
G1 X80.081 Y88.500 E495.4107 F300
G1 X81.160 Y86.808 E495.5411 F300
G1 X82.381 Y85.216 E495.6715 F300
G1 X83.737 Y83.737 E495.8019 F300
G1 X85.216 Y82.381 E495.9324 F300
G1 X86.808 Y81.160 E496.0628 F300
G1 X88.500 Y80.081 E496.1932 F300
G1 X90.280 Y79.155 E496.3236 F300
G1 X92.134 Y78.387 E496.4541 F300
G1 X94.047 Y77.784 E496.5845 F300
G1 X96.006 Y77.349 E496.7149 F300
G1 X97.995 Y77.088 E496.8453 F300
G1 X100.000 Y77.000 E496.9757 F300
G1 X102.005 Y77.088 E497.1062 F300
G1 X103.994 Y77.349 E497.2366 F300
G1 X105.953 Y77.784 E497.3670 F300
G1 X107.866 Y78.387 E497.4974 F300
G1 X109.720 Y79.155 E497.6279 F300
G1 X111.500 Y80.081 E497.7583 F300
G1 X113.192 Y81.160 E497.8887 F300
G1 X114.784 Y82.381 E498.0191 F300
G1 X116.263 Y83.737 E498.1495 F300
G1 X117.619 Y85.216 E498.2800 F300
G1 X118.840 Y86.808 E498.4104 F300
G1 X119.919 Y88.500 E498.5408 F300
G1 X120.845 Y90.280 E498.6712 F300
G1 X121.613 Y92.134 E498.8017 F300
G1 X122.216 Y94.047 E498.9321 F300
G1 X122.651 Y96.006 E499.0625 F300
G1 X122.912 Y97.995 E499.1929 F300
G1 X123.000 Y100.000 E499.3233 F300
G1 E497.8233 F1200   ; Retract
G1 Z34.00 F600   ; Z-hop
G1 X119.000 Y100.000 F1200   ; Travel to tower fill ring 2
G1 Z33.00 F300   ; Lower to layer height
G1 E499.3233 F1200   ; Prime
G1 X118.928 Y98.344 E499.4311 F300
G1 X118.711 Y96.701 E499.5388 F300
G1 X118.353 Y95.082 E499.6466 F300
G1 X117.854 Y93.502 E499.7543 F300
G1 X117.220 Y91.970 E499.8620 F300
G1 X116.454 Y90.500 E499.9698 F300
G1 X115.564 Y89.102 E500.0775 F300
G1 X114.555 Y87.787 E500.1853 F300
G1 X113.435 Y86.565 E500.2930 F300
G1 X112.213 Y85.445 E500.4007 F300
G1 X110.898 Y84.436 E500.5085 F300
G1 X109.500 Y83.546 E500.6162 F300
G1 X108.030 Y82.780 E500.7240 F300
G1 X106.498 Y82.146 E500.8317 F300
G1 X104.918 Y81.647 E500.9394 F300
G1 X103.299 Y81.289 E501.0472 F300
G1 X101.656 Y81.072 E501.1549 F300
G1 X100.000 Y81.000 E501.2627 F300
G1 X98.344 Y81.072 E501.3704 F300
G1 X96.701 Y81.289 E501.4781 F300
G1 X95.082 Y81.647 E501.5859 F300
G1 X93.502 Y82.146 E501.6936 F300
G1 X91.970 Y82.780 E501.8014 F300
G1 X90.500 Y83.546 E501.9091 F300
G1 X89.102 Y84.436 E502.0168 F300
G1 X87.787 Y85.445 E502.1246 F300
G1 X86.565 Y86.565 E502.2323 F300
G1 X85.445 Y87.787 E502.3401 F300
G1 X84.436 Y89.102 E502.4478 F300
G1 X83.546 Y90.500 E502.5555 F300
G1 X82.780 Y91.970 E502.6633 F300
G1 X82.146 Y93.502 E502.7710 F300
G1 X81.647 Y95.082 E502.8788 F300
G1 X81.289 Y96.701 E502.9865 F300
G1 X81.072 Y98.344 E503.0942 F300
G1 X81.000 Y100.000 E503.2020 F300
G1 X81.072 Y101.656 E503.3097 F300
G1 X81.289 Y103.299 E503.4175 F300
G1 X81.647 Y104.918 E503.5252 F300
G1 X82.146 Y106.498 E503.6329 F300
G1 X82.780 Y108.030 E503.7407 F300
G1 X83.546 Y109.500 E503.8484 F300
G1 X84.436 Y110.898 E503.9562 F300
G1 X85.445 Y112.213 E504.0639 F300
G1 X86.565 Y113.435 E504.1716 F300
G1 X87.787 Y114.555 E504.2794 F300
G1 X89.102 Y115.564 E504.3871 F300
G1 X90.500 Y116.454 E504.4949 F300
G1 X91.970 Y117.220 E504.6026 F300
G1 X93.502 Y117.854 E504.7103 F300
G1 X95.082 Y118.353 E504.8181 F300
G1 X96.701 Y118.711 E504.9258 F300
G1 X98.344 Y118.928 E505.0336 F300
G1 X100.000 Y119.000 E505.1413 F300
G1 X101.656 Y118.928 E505.2490 F300
G1 X103.299 Y118.711 E505.3568 F300
G1 X104.918 Y118.353 E505.4645 F300
G1 X106.498 Y117.854 E505.5723 F300
G1 X108.030 Y117.220 E505.6800 F300
G1 X109.500 Y116.454 E505.7877 F300
G1 X110.898 Y115.564 E505.8955 F300
G1 X112.213 Y114.555 E506.0032 F300
G1 X113.435 Y113.435 E506.1110 F300
G1 X114.555 Y112.213 E506.2187 F300
G1 X115.564 Y110.898 E506.3264 F300
G1 X116.454 Y109.500 E506.4342 F300
G1 X117.220 Y108.030 E506.5419 F300
G1 X117.854 Y106.498 E506.6497 F300
G1 X118.353 Y104.918 E506.7574 F300
G1 X118.711 Y103.299 E506.8651 F300
G1 X118.928 Y101.656 E506.9729 F300
G1 X119.000 Y100.000 E507.0806 F300
G1 E505.5806 F1200   ; Retract
G1 Z34.00 F600   ; Z-hop
G1 X115.000 Y100.000 F1200   ; Travel to tower fill ring 3
G1 Z33.00 F300   ; Lower to layer height
G1 E507.0806 F1200   ; Prime
G1 X114.943 Y101.307 E507.1657 F300
G1 X114.772 Y102.605 E507.2507 F300
G1 X114.489 Y103.882 E507.3358 F300
G1 X114.095 Y105.130 E507.4208 F300
G1 X113.595 Y106.339 E507.5059 F300
G1 X112.990 Y107.500 E507.5910 F300
G1 X112.287 Y108.604 E507.6760 F300
G1 X111.491 Y109.642 E507.7611 F300
G1 X110.607 Y110.607 E507.8461 F300
G1 X109.642 Y111.491 E507.9312 F300
G1 X108.604 Y112.287 E508.0162 F300
G1 X107.500 Y112.990 E508.1013 F300
G1 X106.339 Y113.595 E508.1864 F300
G1 X105.130 Y114.095 E508.2714 F300
G1 X103.882 Y114.489 E508.3565 F300
G1 X102.605 Y114.772 E508.4415 F300
G1 X101.307 Y114.943 E508.5266 F300
G1 X100.000 Y115.000 E508.6117 F300
G1 X98.693 Y114.943 E508.6967 F300
G1 X97.395 Y114.772 E508.7818 F300
G1 X96.118 Y114.489 E508.8668 F300
G1 X94.870 Y114.095 E508.9519 F300
G1 X93.661 Y113.595 E509.0369 F300
G1 X92.500 Y112.990 E509.1220 F300
G1 X91.396 Y112.287 E509.2071 F300
G1 X90.358 Y111.491 E509.2921 F300
G1 X89.393 Y110.607 E509.3772 F300
G1 X88.509 Y109.642 E509.4622 F300
G1 X87.713 Y108.604 E509.5473 F300
G1 X87.010 Y107.500 E509.6323 F300
G1 X86.405 Y106.339 E509.7174 F300
G1 X85.905 Y105.130 E509.8025 F300
G1 X85.511 Y103.882 E509.8875 F300
G1 X85.228 Y102.605 E509.9726 F300
G1 X85.057 Y101.307 E510.0576 F300
G1 X85.000 Y100.000 E510.1427 F300
G1 X85.057 Y98.693 E510.2278 F300
G1 X85.228 Y97.395 E510.3128 F300
G1 X85.511 Y96.118 E510.3979 F300
G1 X85.905 Y94.870 E510.4829 F300
G1 X86.405 Y93.661 E510.5680 F300
G1 X87.010 Y92.500 E510.6530 F300
G1 X87.713 Y91.396 E510.7381 F300
G1 X88.509 Y90.358 E510.8232 F300
G1 X89.393 Y89.393 E510.9082 F300
G1 X90.358 Y88.509 E510.9933 F300
G1 X91.396 Y87.713 E511.0783 F300
G1 X92.500 Y87.010 E511.1634 F300
G1 X93.661 Y86.405 E511.2484 F300
G1 X94.870 Y85.905 E511.3335 F300
G1 X96.118 Y85.511 E511.4186 F300
G1 X97.395 Y85.228 E511.5036 F300
G1 X98.693 Y85.057 E511.5887 F300
G1 X100.000 Y85.000 E511.6737 F300
G1 X101.307 Y85.057 E511.7588 F300
G1 X102.605 Y85.228 E511.8438 F300
G1 X103.882 Y85.511 E511.9289 F300
G1 X105.130 Y85.905 E512.0140 F300
G1 X106.339 Y86.405 E512.0990 F300
G1 X107.500 Y87.010 E512.1841 F300
G1 X108.604 Y87.713 E512.2691 F300
G1 X109.642 Y88.509 E512.3542 F300
G1 X110.607 Y89.393 E512.4393 F300
G1 X111.491 Y90.358 E512.5243 F300
G1 X112.287 Y91.396 E512.6094 F300
G1 X112.990 Y92.500 E512.6944 F300
G1 X113.595 Y93.661 E512.7795 F300
G1 X114.095 Y94.870 E512.8645 F300
G1 X114.489 Y96.118 E512.9496 F300
G1 X114.772 Y97.395 E513.0347 F300
G1 X114.943 Y98.693 E513.1197 F300
G1 X115.000 Y100.000 E513.2048 F300
G1 E511.7048 F1200   ; Retract
G1 Z34.00 F600   ; Z-hop
G1 X111.000 Y100.000 F1200   ; Travel to tower fill ring 4
G1 Z33.00 F300   ; Lower to layer height
G1 E513.2048 F1200   ; Prime
G1 X110.958 Y99.041 E513.2672 F300
G1 X110.833 Y98.090 E513.3295 F300
G1 X110.625 Y97.153 E513.3919 F300
G1 X110.337 Y96.238 E513.4543 F300
G1 X109.969 Y95.351 E513.5167 F300
G1 X109.526 Y94.500 E513.5790 F300
G1 X109.011 Y93.691 E513.6414 F300
G1 X108.426 Y92.929 E513.7038 F300
G1 X107.778 Y92.222 E513.7662 F300
G1 X107.071 Y91.574 E513.8285 F300
G1 X106.309 Y90.989 E513.8909 F300
G1 X105.500 Y90.474 E513.9533 F300
G1 X104.649 Y90.031 E514.0157 F300
G1 X103.762 Y89.663 E514.0780 F300
G1 X102.847 Y89.375 E514.1404 F300
G1 X101.910 Y89.167 E514.2028 F300
G1 X100.959 Y89.042 E514.2652 F300
G1 X100.000 Y89.000 E514.3275 F300
G1 X99.041 Y89.042 E514.3899 F300
G1 X98.090 Y89.167 E514.4523 F300
G1 X97.153 Y89.375 E514.5147 F300
G1 X96.238 Y89.663 E514.5770 F300
G1 X95.351 Y90.031 E514.6394 F300
G1 X94.500 Y90.474 E514.7018 F300
G1 X93.691 Y90.989 E514.7642 F300
G1 X92.929 Y91.574 E514.8265 F300
G1 X92.222 Y92.222 E514.8889 F300
G1 X91.574 Y92.929 E514.9513 F300
G1 X90.989 Y93.691 E515.0137 F300
G1 X90.474 Y94.500 E515.0760 F300
G1 X90.031 Y95.351 E515.1384 F300
G1 X89.663 Y96.238 E515.2008 F300
G1 X89.375 Y97.153 E515.2632 F300
G1 X89.167 Y98.090 E515.3255 F300
G1 X89.042 Y99.041 E515.3879 F300
G1 X89.000 Y100.000 E515.4503 F300
G1 X89.042 Y100.959 E515.5127 F300
G1 X89.167 Y101.910 E515.5751 F300
G1 X89.375 Y102.847 E515.6374 F300
G1 X89.663 Y103.762 E515.6998 F300
G1 X90.031 Y104.649 E515.7622 F300
G1 X90.474 Y105.500 E515.8246 F300
G1 X90.989 Y106.309 E515.8869 F300
G1 X91.574 Y107.071 E515.9493 F300
G1 X92.222 Y107.778 E516.0117 F300
G1 X92.929 Y108.426 E516.0741 F300
G1 X93.691 Y109.011 E516.1364 F300
G1 X94.500 Y109.526 E516.1988 F300
G1 X95.351 Y109.969 E516.2612 F300
G1 X96.238 Y110.337 E516.3236 F300
G1 X97.153 Y110.625 E516.3859 F300
G1 X98.090 Y110.833 E516.4483 F300
G1 X99.041 Y110.958 E516.5107 F300
G1 X100.000 Y111.000 E516.5731 F300
G1 X100.959 Y110.958 E516.6354 F300
G1 X101.910 Y110.833 E516.6978 F300
G1 X102.847 Y110.625 E516.7602 F300
G1 X103.762 Y110.337 E516.8226 F300
G1 X104.649 Y109.969 E516.8849 F300
G1 X105.500 Y109.526 E516.9473 F300
G1 X106.309 Y109.011 E517.0097 F300
G1 X107.071 Y108.426 E517.0721 F300
G1 X107.778 Y107.778 E517.1344 F300
G1 X108.426 Y107.071 E517.1968 F300
G1 X109.011 Y106.309 E517.2592 F300
G1 X109.526 Y105.500 E517.3216 F300
G1 X109.969 Y104.649 E517.3839 F300
G1 X110.337 Y103.762 E517.4463 F300
G1 X110.625 Y102.847 E517.5087 F300
G1 X110.833 Y101.910 E517.5711 F300
G1 X110.958 Y100.959 E517.6335 F300
G1 X111.000 Y100.000 E517.6958 F300
G1 E516.1958 F1200   ; Retract
G1 Z34.00 F600   ; Z-hop
G1 X107.000 Y100.000 F1200   ; Travel to tower fill ring 5
G1 Z33.00 F300   ; Lower to layer height
G1 E517.6958 F1200   ; Prime
G1 X106.973 Y100.610 E517.7355 F300
G1 X106.894 Y101.216 E517.7752 F300
G1 X106.761 Y101.812 E517.8149 F300
G1 X106.578 Y102.394 E517.8546 F300
G1 X106.344 Y102.958 E517.8943 F300
G1 X106.062 Y103.500 E517.9340 F300
G1 X105.734 Y104.015 E517.9737 F300
G1 X105.362 Y104.500 E518.0134 F300
G1 X104.950 Y104.950 E518.0531 F300
G1 X104.500 Y105.362 E518.0928 F300
G1 X104.015 Y105.734 E518.1325 F300
G1 X103.500 Y106.062 E518.1722 F300
G1 X102.958 Y106.344 E518.2118 F300
G1 X102.394 Y106.578 E518.2515 F300
G1 X101.812 Y106.761 E518.2912 F300
G1 X101.216 Y106.894 E518.3309 F300
G1 X100.610 Y106.973 E518.3706 F300
G1 X100.000 Y107.000 E518.4103 F300
G1 X99.390 Y106.973 E518.4500 F300
G1 X98.784 Y106.894 E518.4897 F300
G1 X98.188 Y106.761 E518.5294 F300
G1 X97.606 Y106.578 E518.5691 F300
G1 X97.042 Y106.344 E518.6088 F300
G1 X96.500 Y106.062 E518.6485 F300
G1 X95.985 Y105.734 E518.6882 F300
G1 X95.500 Y105.362 E518.7279 F300
G1 X95.050 Y104.950 E518.7676 F300
G1 X94.638 Y104.500 E518.8072 F300
G1 X94.266 Y104.015 E518.8469 F300
G1 X93.938 Y103.500 E518.8866 F300
G1 X93.656 Y102.958 E518.9263 F300
G1 X93.422 Y102.394 E518.9660 F300
G1 X93.239 Y101.812 E519.0057 F300
G1 X93.106 Y101.216 E519.0454 F300
G1 X93.027 Y100.610 E519.0851 F300
G1 X93.000 Y100.000 E519.1248 F300
G1 X93.027 Y99.390 E519.1645 F300
G1 X93.106 Y98.784 E519.2042 F300
G1 X93.239 Y98.188 E519.2439 F300
G1 X93.422 Y97.606 E519.2836 F300
G1 X93.656 Y97.042 E519.3233 F300
G1 X93.938 Y96.500 E519.3630 F300
G1 X94.266 Y95.985 E519.4027 F300
G1 X94.638 Y95.500 E519.4423 F300
G1 X95.050 Y95.050 E519.4820 F300
G1 X95.500 Y94.638 E519.5217 F300
G1 X95.985 Y94.266 E519.5614 F300
G1 X96.500 Y93.938 E519.6011 F300
G1 X97.042 Y93.656 E519.6408 F300
G1 X97.606 Y93.422 E519.6805 F300
G1 X98.188 Y93.239 E519.7202 F300
G1 X98.784 Y93.106 E519.7599 F300
G1 X99.390 Y93.027 E519.7996 F300
G1 X100.000 Y93.000 E519.8393 F300
G1 X100.610 Y93.027 E519.8790 F300
G1 X101.216 Y93.106 E519.9187 F300
G1 X101.812 Y93.239 E519.9584 F300
G1 X102.394 Y93.422 E519.9981 F300
G1 X102.958 Y93.656 E520.0378 F300
G1 X103.500 Y93.938 E520.0774 F300
G1 X104.015 Y94.266 E520.1171 F300
G1 X104.500 Y94.638 E520.1568 F300
G1 X104.950 Y95.050 E520.1965 F300
G1 X105.362 Y95.500 E520.2362 F300
G1 X105.734 Y95.985 E520.2759 F300
G1 X106.062 Y96.500 E520.3156 F300
G1 X106.344 Y97.042 E520.3553 F300
G1 X106.578 Y97.606 E520.3950 F300
G1 X106.761 Y98.188 E520.4347 F300
G1 X106.894 Y98.784 E520.4744 F300
G1 X106.973 Y99.390 E520.5141 F300
G1 X107.000 Y100.000 E520.5538 F300
G1 E519.0538 F1200   ; Retract

; === TOWER LAYER 18/20 (Z=35.0mm, tower fill) ===
G1 Z36.00 F600   ; Z-hop
G1 X123.000 Y100.000 F1200   ; Travel to tower fill ring 1
G1 Z35.00 F300   ; Lower to layer height
G1 E520.5538 F1200   ; Prime
G1 X122.912 Y102.005 E520.6842 F300
G1 X122.651 Y103.994 E520.8146 F300
G1 X122.216 Y105.953 E520.9450 F300
G1 X121.613 Y107.866 E521.0755 F300
G1 X120.845 Y109.720 E521.2059 F300
G1 X119.919 Y111.500 E521.3363 F300
G1 X118.840 Y113.192 E521.4667 F300
G1 X117.619 Y114.784 E521.5971 F300
G1 X116.263 Y116.263 E521.7276 F300
G1 X114.784 Y117.619 E521.8580 F300
G1 X113.192 Y118.840 E521.9884 F300
G1 X111.500 Y119.919 E522.1188 F300
G1 X109.720 Y120.845 E522.2493 F300
G1 X107.866 Y121.613 E522.3797 F300
G1 X105.953 Y122.216 E522.5101 F300
G1 X103.994 Y122.651 E522.6405 F300
G1 X102.005 Y122.912 E522.7709 F300
G1 X100.000 Y123.000 E522.9014 F300
G1 X97.995 Y122.912 E523.0318 F300
G1 X96.006 Y122.651 E523.1622 F300
G1 X94.047 Y122.216 E523.2926 F300
G1 X92.134 Y121.613 E523.4231 F300
G1 X90.280 Y120.845 E523.5535 F300
G1 X88.500 Y119.919 E523.6839 F300
G1 X86.808 Y118.840 E523.8143 F300
G1 X85.216 Y117.619 E523.9447 F300
G1 X83.737 Y116.263 E524.0752 F300
G1 X82.381 Y114.784 E524.2056 F300
G1 X81.160 Y113.192 E524.3360 F300
G1 X80.081 Y111.500 E524.4664 F300
G1 X79.155 Y109.720 E524.5968 F300
G1 X78.387 Y107.866 E524.7273 F300
G1 X77.784 Y105.953 E524.8577 F300
G1 X77.349 Y103.994 E524.9881 F300
G1 X77.088 Y102.005 E525.1185 F300
G1 X77.000 Y100.000 E525.2490 F300
G1 X77.088 Y97.995 E525.3794 F300
G1 X77.349 Y96.006 E525.5098 F300
G1 X77.784 Y94.047 E525.6402 F300
G1 X78.387 Y92.134 E525.7706 F300
G1 X79.155 Y90.280 E525.9011 F300
G1 X80.081 Y88.500 E526.0315 F300
G1 X81.160 Y86.808 E526.1619 F300
G1 X82.381 Y85.216 E526.2923 F300
G1 X83.737 Y83.737 E526.4228 F300
G1 X85.216 Y82.381 E526.5532 F300
G1 X86.808 Y81.160 E526.6836 F300
G1 X88.500 Y80.081 E526.8140 F300
G1 X90.280 Y79.155 E526.9444 F300
G1 X92.134 Y78.387 E527.0749 F300
G1 X94.047 Y77.784 E527.2053 F300
G1 X96.006 Y77.349 E527.3357 F300
G1 X97.995 Y77.088 E527.4661 F300
G1 X100.000 Y77.000 E527.5966 F300
G1 X102.005 Y77.088 E527.7270 F300
G1 X103.994 Y77.349 E527.8574 F300
G1 X105.953 Y77.784 E527.9878 F300
G1 X107.866 Y78.387 E528.1182 F300
G1 X109.720 Y79.155 E528.2487 F300
G1 X111.500 Y80.081 E528.3791 F300
G1 X113.192 Y81.160 E528.5095 F300
G1 X114.784 Y82.381 E528.6399 F300
G1 X116.263 Y83.737 E528.7704 F300
G1 X117.619 Y85.216 E528.9008 F300
G1 X118.840 Y86.808 E529.0312 F300
G1 X119.919 Y88.500 E529.1616 F300
G1 X120.845 Y90.280 E529.2920 F300
G1 X121.613 Y92.134 E529.4225 F300
G1 X122.216 Y94.047 E529.5529 F300
G1 X122.651 Y96.006 E529.6833 F300
G1 X122.912 Y97.995 E529.8137 F300
G1 X123.000 Y100.000 E529.9442 F300
G1 E528.4442 F1200   ; Retract
G1 Z36.00 F600   ; Z-hop
G1 X119.000 Y100.000 F1200   ; Travel to tower fill ring 2
G1 Z35.00 F300   ; Lower to layer height
G1 E529.9442 F1200   ; Prime
G1 X118.928 Y98.344 E530.0519 F300
G1 X118.711 Y96.701 E530.1596 F300
G1 X118.353 Y95.082 E530.2674 F300
G1 X117.854 Y93.502 E530.3751 F300
G1 X117.220 Y91.970 E530.4828 F300
G1 X116.454 Y90.500 E530.5906 F300
G1 X115.564 Y89.102 E530.6983 F300
G1 X114.555 Y87.787 E530.8061 F300
G1 X113.435 Y86.565 E530.9138 F300
G1 X112.213 Y85.445 E531.0215 F300
G1 X110.898 Y84.436 E531.1293 F300
G1 X109.500 Y83.546 E531.2370 F300
G1 X108.030 Y82.780 E531.3448 F300
G1 X106.498 Y82.146 E531.4525 F300
G1 X104.918 Y81.647 E531.5602 F300
G1 X103.299 Y81.289 E531.6680 F300
G1 X101.656 Y81.072 E531.7757 F300
G1 X100.000 Y81.000 E531.8835 F300
G1 X98.344 Y81.072 E531.9912 F300
G1 X96.701 Y81.289 E532.0989 F300
G1 X95.082 Y81.647 E532.2067 F300
G1 X93.502 Y82.146 E532.3144 F300
G1 X91.970 Y82.780 E532.4222 F300
G1 X90.500 Y83.546 E532.5299 F300
G1 X89.102 Y84.436 E532.6376 F300
G1 X87.787 Y85.445 E532.7454 F300
G1 X86.565 Y86.565 E532.8531 F300
G1 X85.445 Y87.787 E532.9609 F300
G1 X84.436 Y89.102 E533.0686 F300
G1 X83.546 Y90.500 E533.1763 F300
G1 X82.780 Y91.970 E533.2841 F300
G1 X82.146 Y93.502 E533.3918 F300
G1 X81.647 Y95.082 E533.4996 F300
G1 X81.289 Y96.701 E533.6073 F300
G1 X81.072 Y98.344 E533.7150 F300
G1 X81.000 Y100.000 E533.8228 F300
G1 X81.072 Y101.656 E533.9305 F300
G1 X81.289 Y103.299 E534.0383 F300
G1 X81.647 Y104.918 E534.1460 F300
G1 X82.146 Y106.498 E534.2537 F300
G1 X82.780 Y108.030 E534.3615 F300
G1 X83.546 Y109.500 E534.4692 F300
G1 X84.436 Y110.898 E534.5770 F300
G1 X85.445 Y112.213 E534.6847 F300
G1 X86.565 Y113.435 E534.7924 F300
G1 X87.787 Y114.555 E534.9002 F300
G1 X89.102 Y115.564 E535.0079 F300
G1 X90.500 Y116.454 E535.1157 F300
G1 X91.970 Y117.220 E535.2234 F300
G1 X93.502 Y117.854 E535.3311 F300
G1 X95.082 Y118.353 E535.4389 F300
G1 X96.701 Y118.711 E535.5466 F300
G1 X98.344 Y118.928 E535.6544 F300
G1 X100.000 Y119.000 E535.7621 F300
G1 X101.656 Y118.928 E535.8698 F300
G1 X103.299 Y118.711 E535.9776 F300
G1 X104.918 Y118.353 E536.0853 F300
G1 X106.498 Y117.854 E536.1931 F300
G1 X108.030 Y117.220 E536.3008 F300
G1 X109.500 Y116.454 E536.4085 F300
G1 X110.898 Y115.564 E536.5163 F300
G1 X112.213 Y114.555 E536.6240 F300
G1 X113.435 Y113.435 E536.7318 F300
G1 X114.555 Y112.213 E536.8395 F300
G1 X115.564 Y110.898 E536.9472 F300
G1 X116.454 Y109.500 E537.0550 F300
G1 X117.220 Y108.030 E537.1627 F300
G1 X117.854 Y106.498 E537.2705 F300
G1 X118.353 Y104.918 E537.3782 F300
G1 X118.711 Y103.299 E537.4859 F300
G1 X118.928 Y101.656 E537.5937 F300
G1 X119.000 Y100.000 E537.7014 F300
G1 E536.2014 F1200   ; Retract
G1 Z36.00 F600   ; Z-hop
G1 X115.000 Y100.000 F1200   ; Travel to tower fill ring 3
G1 Z35.00 F300   ; Lower to layer height
G1 E537.7014 F1200   ; Prime
G1 X114.943 Y101.307 E537.7865 F300
G1 X114.772 Y102.605 E537.8715 F300
G1 X114.489 Y103.882 E537.9566 F300
G1 X114.095 Y105.130 E538.0417 F300
G1 X113.595 Y106.339 E538.1267 F300
G1 X112.990 Y107.500 E538.2118 F300
G1 X112.287 Y108.604 E538.2968 F300
G1 X111.491 Y109.642 E538.3819 F300
G1 X110.607 Y110.607 E538.4669 F300
G1 X109.642 Y111.491 E538.5520 F300
G1 X108.604 Y112.287 E538.6371 F300
G1 X107.500 Y112.990 E538.7221 F300
G1 X106.339 Y113.595 E538.8072 F300
G1 X105.130 Y114.095 E538.8922 F300
G1 X103.882 Y114.489 E538.9773 F300
G1 X102.605 Y114.772 E539.0623 F300
G1 X101.307 Y114.943 E539.1474 F300
G1 X100.000 Y115.000 E539.2325 F300
G1 X98.693 Y114.943 E539.3175 F300
G1 X97.395 Y114.772 E539.4026 F300
G1 X96.118 Y114.489 E539.4876 F300
G1 X94.870 Y114.095 E539.5727 F300
G1 X93.661 Y113.595 E539.6578 F300
G1 X92.500 Y112.990 E539.7428 F300
G1 X91.396 Y112.287 E539.8279 F300
G1 X90.358 Y111.491 E539.9129 F300
G1 X89.393 Y110.607 E539.9980 F300
G1 X88.509 Y109.642 E540.0830 F300
G1 X87.713 Y108.604 E540.1681 F300
G1 X87.010 Y107.500 E540.2532 F300
G1 X86.405 Y106.339 E540.3382 F300
G1 X85.905 Y105.130 E540.4233 F300
G1 X85.511 Y103.882 E540.5083 F300
G1 X85.228 Y102.605 E540.5934 F300
G1 X85.057 Y101.307 E540.6784 F300
G1 X85.000 Y100.000 E540.7635 F300
G1 X85.057 Y98.693 E540.8486 F300
G1 X85.228 Y97.395 E540.9336 F300
G1 X85.511 Y96.118 E541.0187 F300
G1 X85.905 Y94.870 E541.1037 F300
G1 X86.405 Y93.661 E541.1888 F300
G1 X87.010 Y92.500 E541.2739 F300
G1 X87.713 Y91.396 E541.3589 F300
G1 X88.509 Y90.358 E541.4440 F300
G1 X89.393 Y89.393 E541.5290 F300
G1 X90.358 Y88.509 E541.6141 F300
G1 X91.396 Y87.713 E541.6991 F300
G1 X92.500 Y87.010 E541.7842 F300
G1 X93.661 Y86.405 E541.8693 F300
G1 X94.870 Y85.905 E541.9543 F300
G1 X96.118 Y85.511 E542.0394 F300
G1 X97.395 Y85.228 E542.1244 F300
G1 X98.693 Y85.057 E542.2095 F300
G1 X100.000 Y85.000 E542.2945 F300
G1 X101.307 Y85.057 E542.3796 F300
G1 X102.605 Y85.228 E542.4647 F300
G1 X103.882 Y85.511 E542.5497 F300
G1 X105.130 Y85.905 E542.6348 F300
G1 X106.339 Y86.405 E542.7198 F300
G1 X107.500 Y87.010 E542.8049 F300
G1 X108.604 Y87.713 E542.8899 F300
G1 X109.642 Y88.509 E542.9750 F300
G1 X110.607 Y89.393 E543.0601 F300
G1 X111.491 Y90.358 E543.1451 F300
G1 X112.287 Y91.396 E543.2302 F300
G1 X112.990 Y92.500 E543.3152 F300
G1 X113.595 Y93.661 E543.4003 F300
G1 X114.095 Y94.870 E543.4854 F300
G1 X114.489 Y96.118 E543.5704 F300
G1 X114.772 Y97.395 E543.6555 F300
G1 X114.943 Y98.693 E543.7405 F300
G1 X115.000 Y100.000 E543.8256 F300
G1 E542.3256 F1200   ; Retract
G1 Z36.00 F600   ; Z-hop
G1 X111.000 Y100.000 F1200   ; Travel to tower fill ring 4
G1 Z35.00 F300   ; Lower to layer height
G1 E543.8256 F1200   ; Prime
G1 X110.958 Y99.041 E543.8880 F300
G1 X110.833 Y98.090 E543.9503 F300
G1 X110.625 Y97.153 E544.0127 F300
G1 X110.337 Y96.238 E544.0751 F300
G1 X109.969 Y95.351 E544.1375 F300
G1 X109.526 Y94.500 E544.1998 F300
G1 X109.011 Y93.691 E544.2622 F300
G1 X108.426 Y92.929 E544.3246 F300
G1 X107.778 Y92.222 E544.3870 F300
G1 X107.071 Y91.574 E544.4493 F300
G1 X106.309 Y90.989 E544.5117 F300
G1 X105.500 Y90.474 E544.5741 F300
G1 X104.649 Y90.031 E544.6365 F300
G1 X103.762 Y89.663 E544.6988 F300
G1 X102.847 Y89.375 E544.7612 F300
G1 X101.910 Y89.167 E544.8236 F300
G1 X100.959 Y89.042 E544.8860 F300
G1 X100.000 Y89.000 E544.9483 F300
G1 X99.041 Y89.042 E545.0107 F300
G1 X98.090 Y89.167 E545.0731 F300
G1 X97.153 Y89.375 E545.1355 F300
G1 X96.238 Y89.663 E545.1979 F300
G1 X95.351 Y90.031 E545.2602 F300
G1 X94.500 Y90.474 E545.3226 F300
G1 X93.691 Y90.989 E545.3850 F300
G1 X92.929 Y91.574 E545.4474 F300
G1 X92.222 Y92.222 E545.5097 F300
G1 X91.574 Y92.929 E545.5721 F300
G1 X90.989 Y93.691 E545.6345 F300
G1 X90.474 Y94.500 E545.6969 F300
G1 X90.031 Y95.351 E545.7592 F300
G1 X89.663 Y96.238 E545.8216 F300
G1 X89.375 Y97.153 E545.8840 F300
G1 X89.167 Y98.090 E545.9464 F300
G1 X89.042 Y99.041 E546.0087 F300
G1 X89.000 Y100.000 E546.0711 F300
G1 X89.042 Y100.959 E546.1335 F300
G1 X89.167 Y101.910 E546.1959 F300
G1 X89.375 Y102.847 E546.2582 F300
G1 X89.663 Y103.762 E546.3206 F300
G1 X90.031 Y104.649 E546.3830 F300
G1 X90.474 Y105.500 E546.4454 F300
G1 X90.989 Y106.309 E546.5077 F300
G1 X91.574 Y107.071 E546.5701 F300
G1 X92.222 Y107.778 E546.6325 F300
G1 X92.929 Y108.426 E546.6949 F300
G1 X93.691 Y109.011 E546.7572 F300
G1 X94.500 Y109.526 E546.8196 F300
G1 X95.351 Y109.969 E546.8820 F300
G1 X96.238 Y110.337 E546.9444 F300
G1 X97.153 Y110.625 E547.0067 F300
G1 X98.090 Y110.833 E547.0691 F300
G1 X99.041 Y110.958 E547.1315 F300
G1 X100.000 Y111.000 E547.1939 F300
G1 X100.959 Y110.958 E547.2562 F300
G1 X101.910 Y110.833 E547.3186 F300
G1 X102.847 Y110.625 E547.3810 F300
G1 X103.762 Y110.337 E547.4434 F300
G1 X104.649 Y109.969 E547.5058 F300
G1 X105.500 Y109.526 E547.5681 F300
G1 X106.309 Y109.011 E547.6305 F300
G1 X107.071 Y108.426 E547.6929 F300
G1 X107.778 Y107.778 E547.7553 F300
G1 X108.426 Y107.071 E547.8176 F300
G1 X109.011 Y106.309 E547.8800 F300
G1 X109.526 Y105.500 E547.9424 F300
G1 X109.969 Y104.649 E548.0048 F300
G1 X110.337 Y103.762 E548.0671 F300
G1 X110.625 Y102.847 E548.1295 F300
G1 X110.833 Y101.910 E548.1919 F300
G1 X110.958 Y100.959 E548.2543 F300
G1 X111.000 Y100.000 E548.3166 F300
G1 E546.8166 F1200   ; Retract
G1 Z36.00 F600   ; Z-hop
G1 X107.000 Y100.000 F1200   ; Travel to tower fill ring 5
G1 Z35.00 F300   ; Lower to layer height
G1 E548.3166 F1200   ; Prime
G1 X106.973 Y100.610 E548.3563 F300
G1 X106.894 Y101.216 E548.3960 F300
G1 X106.761 Y101.812 E548.4357 F300
G1 X106.578 Y102.394 E548.4754 F300
G1 X106.344 Y102.958 E548.5151 F300
G1 X106.062 Y103.500 E548.5548 F300
G1 X105.734 Y104.015 E548.5945 F300
G1 X105.362 Y104.500 E548.6342 F300
G1 X104.950 Y104.950 E548.6739 F300
G1 X104.500 Y105.362 E548.7136 F300
G1 X104.015 Y105.734 E548.7533 F300
G1 X103.500 Y106.062 E548.7930 F300
G1 X102.958 Y106.344 E548.8327 F300
G1 X102.394 Y106.578 E548.8723 F300
G1 X101.812 Y106.761 E548.9120 F300
G1 X101.216 Y106.894 E548.9517 F300
G1 X100.610 Y106.973 E548.9914 F300
G1 X100.000 Y107.000 E549.0311 F300
G1 X99.390 Y106.973 E549.0708 F300
G1 X98.784 Y106.894 E549.1105 F300
G1 X98.188 Y106.761 E549.1502 F300
G1 X97.606 Y106.578 E549.1899 F300
G1 X97.042 Y106.344 E549.2296 F300
G1 X96.500 Y106.062 E549.2693 F300
G1 X95.985 Y105.734 E549.3090 F300
G1 X95.500 Y105.362 E549.3487 F300
G1 X95.050 Y104.950 E549.3884 F300
G1 X94.638 Y104.500 E549.4281 F300
G1 X94.266 Y104.015 E549.4678 F300
G1 X93.938 Y103.500 E549.5074 F300
G1 X93.656 Y102.958 E549.5471 F300
G1 X93.422 Y102.394 E549.5868 F300
G1 X93.239 Y101.812 E549.6265 F300
G1 X93.106 Y101.216 E549.6662 F300
G1 X93.027 Y100.610 E549.7059 F300
G1 X93.000 Y100.000 E549.7456 F300
G1 X93.027 Y99.390 E549.7853 F300
G1 X93.106 Y98.784 E549.8250 F300
G1 X93.239 Y98.188 E549.8647 F300
G1 X93.422 Y97.606 E549.9044 F300
G1 X93.656 Y97.042 E549.9441 F300
G1 X93.938 Y96.500 E549.9838 F300
G1 X94.266 Y95.985 E550.0235 F300
G1 X94.638 Y95.500 E550.0632 F300
G1 X95.050 Y95.050 E550.1029 F300
G1 X95.500 Y94.638 E550.1425 F300
G1 X95.985 Y94.266 E550.1822 F300
G1 X96.500 Y93.938 E550.2219 F300
G1 X97.042 Y93.656 E550.2616 F300
G1 X97.606 Y93.422 E550.3013 F300
G1 X98.188 Y93.239 E550.3410 F300
G1 X98.784 Y93.106 E550.3807 F300
G1 X99.390 Y93.027 E550.4204 F300
G1 X100.000 Y93.000 E550.4601 F300
G1 X100.610 Y93.027 E550.4998 F300
G1 X101.216 Y93.106 E550.5395 F300
G1 X101.812 Y93.239 E550.5792 F300
G1 X102.394 Y93.422 E550.6189 F300
G1 X102.958 Y93.656 E550.6586 F300
G1 X103.500 Y93.938 E550.6983 F300
G1 X104.015 Y94.266 E550.7379 F300
G1 X104.500 Y94.638 E550.7776 F300
G1 X104.950 Y95.050 E550.8173 F300
G1 X105.362 Y95.500 E550.8570 F300
G1 X105.734 Y95.985 E550.8967 F300
G1 X106.062 Y96.500 E550.9364 F300
G1 X106.344 Y97.042 E550.9761 F300
G1 X106.578 Y97.606 E551.0158 F300
G1 X106.761 Y98.188 E551.0555 F300
G1 X106.894 Y98.784 E551.0952 F300
G1 X106.973 Y99.390 E551.1349 F300
G1 X107.000 Y100.000 E551.1746 F300
G1 E549.6746 F1200   ; Retract

; === TOWER LAYER 19/20 (Z=37.0mm, tower fill) ===
G1 Z38.00 F600   ; Z-hop
G1 X123.000 Y100.000 F1200   ; Travel to tower fill ring 1
G1 Z37.00 F300   ; Lower to layer height
G1 E551.1746 F1200   ; Prime
G1 X122.912 Y102.005 E551.3050 F300
G1 X122.651 Y103.994 E551.4354 F300
G1 X122.216 Y105.953 E551.5658 F300
G1 X121.613 Y107.866 E551.6963 F300
G1 X120.845 Y109.720 E551.8267 F300
G1 X119.919 Y111.500 E551.9571 F300
G1 X118.840 Y113.192 E552.0875 F300
G1 X117.619 Y114.784 E552.2180 F300
G1 X116.263 Y116.263 E552.3484 F300
G1 X114.784 Y117.619 E552.4788 F300
G1 X113.192 Y118.840 E552.6092 F300
G1 X111.500 Y119.919 E552.7396 F300
G1 X109.720 Y120.845 E552.8701 F300
G1 X107.866 Y121.613 E553.0005 F300
G1 X105.953 Y122.216 E553.1309 F300
G1 X103.994 Y122.651 E553.2613 F300
G1 X102.005 Y122.912 E553.3918 F300
G1 X100.000 Y123.000 E553.5222 F300
G1 X97.995 Y122.912 E553.6526 F300
G1 X96.006 Y122.651 E553.7830 F300
G1 X94.047 Y122.216 E553.9134 F300
G1 X92.134 Y121.613 E554.0439 F300
G1 X90.280 Y120.845 E554.1743 F300
G1 X88.500 Y119.919 E554.3047 F300
G1 X86.808 Y118.840 E554.4351 F300
G1 X85.216 Y117.619 E554.5655 F300
G1 X83.737 Y116.263 E554.6960 F300
G1 X82.381 Y114.784 E554.8264 F300
G1 X81.160 Y113.192 E554.9568 F300
G1 X80.081 Y111.500 E555.0872 F300
G1 X79.155 Y109.720 E555.2177 F300
G1 X78.387 Y107.866 E555.3481 F300
G1 X77.784 Y105.953 E555.4785 F300
G1 X77.349 Y103.994 E555.6089 F300
G1 X77.088 Y102.005 E555.7393 F300
G1 X77.000 Y100.000 E555.8698 F300
G1 X77.088 Y97.995 E556.0002 F300
G1 X77.349 Y96.006 E556.1306 F300
G1 X77.784 Y94.047 E556.2610 F300
G1 X78.387 Y92.134 E556.3915 F300
G1 X79.155 Y90.280 E556.5219 F300
G1 X80.081 Y88.500 E556.6523 F300
G1 X81.160 Y86.808 E556.7827 F300
G1 X82.381 Y85.216 E556.9131 F300
G1 X83.737 Y83.737 E557.0436 F300
G1 X85.216 Y82.381 E557.1740 F300
G1 X86.808 Y81.160 E557.3044 F300
G1 X88.500 Y80.081 E557.4348 F300
G1 X90.280 Y79.155 E557.5653 F300
G1 X92.134 Y78.387 E557.6957 F300
G1 X94.047 Y77.784 E557.8261 F300
G1 X96.006 Y77.349 E557.9565 F300
G1 X97.995 Y77.088 E558.0869 F300
G1 X100.000 Y77.000 E558.2174 F300
G1 X102.005 Y77.088 E558.3478 F300
G1 X103.994 Y77.349 E558.4782 F300
G1 X105.953 Y77.784 E558.6086 F300
G1 X107.866 Y78.387 E558.7391 F300
G1 X109.720 Y79.155 E558.8695 F300
G1 X111.500 Y80.081 E558.9999 F300
G1 X113.192 Y81.160 E559.1303 F300
G1 X114.784 Y82.381 E559.2607 F300
G1 X116.263 Y83.737 E559.3912 F300
G1 X117.619 Y85.216 E559.5216 F300
G1 X118.840 Y86.808 E559.6520 F300
G1 X119.919 Y88.500 E559.7824 F300
G1 X120.845 Y90.280 E559.9129 F300
G1 X121.613 Y92.134 E560.0433 F300
G1 X122.216 Y94.047 E560.1737 F300
G1 X122.651 Y96.006 E560.3041 F300
G1 X122.912 Y97.995 E560.4345 F300
G1 X123.000 Y100.000 E560.5650 F300
G1 E559.0650 F1200   ; Retract
G1 Z38.00 F600   ; Z-hop
G1 X119.000 Y100.000 F1200   ; Travel to tower fill ring 2
G1 Z37.00 F300   ; Lower to layer height
G1 E560.5650 F1200   ; Prime
G1 X118.928 Y98.344 E560.6727 F300
G1 X118.711 Y96.701 E560.7804 F300
G1 X118.353 Y95.082 E560.8882 F300
G1 X117.854 Y93.502 E560.9959 F300
G1 X117.220 Y91.970 E561.1037 F300
G1 X116.454 Y90.500 E561.2114 F300
G1 X115.564 Y89.102 E561.3191 F300
G1 X114.555 Y87.787 E561.4269 F300
G1 X113.435 Y86.565 E561.5346 F300
G1 X112.213 Y85.445 E561.6424 F300
G1 X110.898 Y84.436 E561.7501 F300
G1 X109.500 Y83.546 E561.8578 F300
G1 X108.030 Y82.780 E561.9656 F300
G1 X106.498 Y82.146 E562.0733 F300
G1 X104.918 Y81.647 E562.1811 F300
G1 X103.299 Y81.289 E562.2888 F300
G1 X101.656 Y81.072 E562.3965 F300
G1 X100.000 Y81.000 E562.5043 F300
G1 X98.344 Y81.072 E562.6120 F300
G1 X96.701 Y81.289 E562.7198 F300
G1 X95.082 Y81.647 E562.8275 F300
G1 X93.502 Y82.146 E562.9352 F300
G1 X91.970 Y82.780 E563.0430 F300
G1 X90.500 Y83.546 E563.1507 F300
G1 X89.102 Y84.436 E563.2585 F300
G1 X87.787 Y85.445 E563.3662 F300
G1 X86.565 Y86.565 E563.4739 F300
G1 X85.445 Y87.787 E563.5817 F300
G1 X84.436 Y89.102 E563.6894 F300
G1 X83.546 Y90.500 E563.7972 F300
G1 X82.780 Y91.970 E563.9049 F300
G1 X82.146 Y93.502 E564.0126 F300
G1 X81.647 Y95.082 E564.1204 F300
G1 X81.289 Y96.701 E564.2281 F300
G1 X81.072 Y98.344 E564.3359 F300
G1 X81.000 Y100.000 E564.4436 F300
G1 X81.072 Y101.656 E564.5513 F300
G1 X81.289 Y103.299 E564.6591 F300
G1 X81.647 Y104.918 E564.7668 F300
G1 X82.146 Y106.498 E564.8746 F300
G1 X82.780 Y108.030 E564.9823 F300
G1 X83.546 Y109.500 E565.0900 F300
G1 X84.436 Y110.898 E565.1978 F300
G1 X85.445 Y112.213 E565.3055 F300
G1 X86.565 Y113.435 E565.4133 F300
G1 X87.787 Y114.555 E565.5210 F300
G1 X89.102 Y115.564 E565.6287 F300
G1 X90.500 Y116.454 E565.7365 F300
G1 X91.970 Y117.220 E565.8442 F300
G1 X93.502 Y117.854 E565.9520 F300
G1 X95.082 Y118.353 E566.0597 F300
G1 X96.701 Y118.711 E566.1674 F300
G1 X98.344 Y118.928 E566.2752 F300
G1 X100.000 Y119.000 E566.3829 F300
G1 X101.656 Y118.928 E566.4907 F300
G1 X103.299 Y118.711 E566.5984 F300
G1 X104.918 Y118.353 E566.7061 F300
G1 X106.498 Y117.854 E566.8139 F300
G1 X108.030 Y117.220 E566.9216 F300
G1 X109.500 Y116.454 E567.0294 F300
G1 X110.898 Y115.564 E567.1371 F300
G1 X112.213 Y114.555 E567.2448 F300
G1 X113.435 Y113.435 E567.3526 F300
G1 X114.555 Y112.213 E567.4603 F300
G1 X115.564 Y110.898 E567.5681 F300
G1 X116.454 Y109.500 E567.6758 F300
G1 X117.220 Y108.030 E567.7835 F300
G1 X117.854 Y106.498 E567.8913 F300
G1 X118.353 Y104.918 E567.9990 F300
G1 X118.711 Y103.299 E568.1068 F300
G1 X118.928 Y101.656 E568.2145 F300
G1 X119.000 Y100.000 E568.3222 F300
G1 E566.8222 F1200   ; Retract
G1 Z38.00 F600   ; Z-hop
G1 X115.000 Y100.000 F1200   ; Travel to tower fill ring 3
G1 Z37.00 F300   ; Lower to layer height
G1 E568.3222 F1200   ; Prime
G1 X114.943 Y101.307 E568.4073 F300
G1 X114.772 Y102.605 E568.4923 F300
G1 X114.489 Y103.882 E568.5774 F300
G1 X114.095 Y105.130 E568.6625 F300
G1 X113.595 Y106.339 E568.7475 F300
G1 X112.990 Y107.500 E568.8326 F300
G1 X112.287 Y108.604 E568.9176 F300
G1 X111.491 Y109.642 E569.0027 F300
G1 X110.607 Y110.607 E569.0878 F300
G1 X109.642 Y111.491 E569.1728 F300
G1 X108.604 Y112.287 E569.2579 F300
G1 X107.500 Y112.990 E569.3429 F300
G1 X106.339 Y113.595 E569.4280 F300
G1 X105.130 Y114.095 E569.5130 F300
G1 X103.882 Y114.489 E569.5981 F300
G1 X102.605 Y114.772 E569.6832 F300
G1 X101.307 Y114.943 E569.7682 F300
G1 X100.000 Y115.000 E569.8533 F300
G1 X98.693 Y114.943 E569.9383 F300
G1 X97.395 Y114.772 E570.0234 F300
G1 X96.118 Y114.489 E570.1084 F300
G1 X94.870 Y114.095 E570.1935 F300
G1 X93.661 Y113.595 E570.2786 F300
G1 X92.500 Y112.990 E570.3636 F300
G1 X91.396 Y112.287 E570.4487 F300
G1 X90.358 Y111.491 E570.5337 F300
G1 X89.393 Y110.607 E570.6188 F300
G1 X88.509 Y109.642 E570.7039 F300
G1 X87.713 Y108.604 E570.7889 F300
G1 X87.010 Y107.500 E570.8740 F300
G1 X86.405 Y106.339 E570.9590 F300
G1 X85.905 Y105.130 E571.0441 F300
G1 X85.511 Y103.882 E571.1291 F300
G1 X85.228 Y102.605 E571.2142 F300
G1 X85.057 Y101.307 E571.2993 F300
G1 X85.000 Y100.000 E571.3843 F300
G1 X85.057 Y98.693 E571.4694 F300
G1 X85.228 Y97.395 E571.5544 F300
G1 X85.511 Y96.118 E571.6395 F300
G1 X85.905 Y94.870 E571.7245 F300
G1 X86.405 Y93.661 E571.8096 F300
G1 X87.010 Y92.500 E571.8947 F300
G1 X87.713 Y91.396 E571.9797 F300
G1 X88.509 Y90.358 E572.0648 F300
G1 X89.393 Y89.393 E572.1498 F300
G1 X90.358 Y88.509 E572.2349 F300
G1 X91.396 Y87.713 E572.3199 F300
G1 X92.500 Y87.010 E572.4050 F300
G1 X93.661 Y86.405 E572.4901 F300
G1 X94.870 Y85.905 E572.5751 F300
G1 X96.118 Y85.511 E572.6602 F300
G1 X97.395 Y85.228 E572.7452 F300
G1 X98.693 Y85.057 E572.8303 F300
G1 X100.000 Y85.000 E572.9154 F300
G1 X101.307 Y85.057 E573.0004 F300
G1 X102.605 Y85.228 E573.0855 F300
G1 X103.882 Y85.511 E573.1705 F300
G1 X105.130 Y85.905 E573.2556 F300
G1 X106.339 Y86.405 E573.3406 F300
G1 X107.500 Y87.010 E573.4257 F300
G1 X108.604 Y87.713 E573.5108 F300
G1 X109.642 Y88.509 E573.5958 F300
G1 X110.607 Y89.393 E573.6809 F300
G1 X111.491 Y90.358 E573.7659 F300
G1 X112.287 Y91.396 E573.8510 F300
G1 X112.990 Y92.500 E573.9360 F300
G1 X113.595 Y93.661 E574.0211 F300
G1 X114.095 Y94.870 E574.1062 F300
G1 X114.489 Y96.118 E574.1912 F300
G1 X114.772 Y97.395 E574.2763 F300
G1 X114.943 Y98.693 E574.3613 F300
G1 X115.000 Y100.000 E574.4464 F300
G1 E572.9464 F1200   ; Retract
G1 Z38.00 F600   ; Z-hop
G1 X111.000 Y100.000 F1200   ; Travel to tower fill ring 4
G1 Z37.00 F300   ; Lower to layer height
G1 E574.4464 F1200   ; Prime
G1 X110.958 Y99.041 E574.5088 F300
G1 X110.833 Y98.090 E574.5711 F300
G1 X110.625 Y97.153 E574.6335 F300
G1 X110.337 Y96.238 E574.6959 F300
G1 X109.969 Y95.351 E574.7583 F300
G1 X109.526 Y94.500 E574.8206 F300
G1 X109.011 Y93.691 E574.8830 F300
G1 X108.426 Y92.929 E574.9454 F300
G1 X107.778 Y92.222 E575.0078 F300
G1 X107.071 Y91.574 E575.0702 F300
G1 X106.309 Y90.989 E575.1325 F300
G1 X105.500 Y90.474 E575.1949 F300
G1 X104.649 Y90.031 E575.2573 F300
G1 X103.762 Y89.663 E575.3197 F300
G1 X102.847 Y89.375 E575.3820 F300
G1 X101.910 Y89.167 E575.4444 F300
G1 X100.959 Y89.042 E575.5068 F300
G1 X100.000 Y89.000 E575.5692 F300
G1 X99.041 Y89.042 E575.6315 F300
G1 X98.090 Y89.167 E575.6939 F300
G1 X97.153 Y89.375 E575.7563 F300
G1 X96.238 Y89.663 E575.8187 F300
G1 X95.351 Y90.031 E575.8810 F300
G1 X94.500 Y90.474 E575.9434 F300
G1 X93.691 Y90.989 E576.0058 F300
G1 X92.929 Y91.574 E576.0682 F300
G1 X92.222 Y92.222 E576.1305 F300
G1 X91.574 Y92.929 E576.1929 F300
G1 X90.989 Y93.691 E576.2553 F300
G1 X90.474 Y94.500 E576.3177 F300
G1 X90.031 Y95.351 E576.3800 F300
G1 X89.663 Y96.238 E576.4424 F300
G1 X89.375 Y97.153 E576.5048 F300
G1 X89.167 Y98.090 E576.5672 F300
G1 X89.042 Y99.041 E576.6295 F300
G1 X89.000 Y100.000 E576.6919 F300
G1 X89.042 Y100.959 E576.7543 F300
G1 X89.167 Y101.910 E576.8167 F300
G1 X89.375 Y102.847 E576.8790 F300
G1 X89.663 Y103.762 E576.9414 F300
G1 X90.031 Y104.649 E577.0038 F300
G1 X90.474 Y105.500 E577.0662 F300
G1 X90.989 Y106.309 E577.1286 F300
G1 X91.574 Y107.071 E577.1909 F300
G1 X92.222 Y107.778 E577.2533 F300
G1 X92.929 Y108.426 E577.3157 F300
G1 X93.691 Y109.011 E577.3781 F300
G1 X94.500 Y109.526 E577.4404 F300
G1 X95.351 Y109.969 E577.5028 F300
G1 X96.238 Y110.337 E577.5652 F300
G1 X97.153 Y110.625 E577.6276 F300
G1 X98.090 Y110.833 E577.6899 F300
G1 X99.041 Y110.958 E577.7523 F300
G1 X100.000 Y111.000 E577.8147 F300
G1 X100.959 Y110.958 E577.8771 F300
G1 X101.910 Y110.833 E577.9394 F300
G1 X102.847 Y110.625 E578.0018 F300
G1 X103.762 Y110.337 E578.0642 F300
G1 X104.649 Y109.969 E578.1266 F300
G1 X105.500 Y109.526 E578.1889 F300
G1 X106.309 Y109.011 E578.2513 F300
G1 X107.071 Y108.426 E578.3137 F300
G1 X107.778 Y107.778 E578.3761 F300
G1 X108.426 Y107.071 E578.4384 F300
G1 X109.011 Y106.309 E578.5008 F300
G1 X109.526 Y105.500 E578.5632 F300
G1 X109.969 Y104.649 E578.6256 F300
G1 X110.337 Y103.762 E578.6879 F300
G1 X110.625 Y102.847 E578.7503 F300
G1 X110.833 Y101.910 E578.8127 F300
G1 X110.958 Y100.959 E578.8751 F300
G1 X111.000 Y100.000 E578.9374 F300
G1 E577.4374 F1200   ; Retract
G1 Z38.00 F600   ; Z-hop
G1 X107.000 Y100.000 F1200   ; Travel to tower fill ring 5
G1 Z37.00 F300   ; Lower to layer height
G1 E578.9374 F1200   ; Prime
G1 X106.973 Y100.610 E578.9771 F300
G1 X106.894 Y101.216 E579.0168 F300
G1 X106.761 Y101.812 E579.0565 F300
G1 X106.578 Y102.394 E579.0962 F300
G1 X106.344 Y102.958 E579.1359 F300
G1 X106.062 Y103.500 E579.1756 F300
G1 X105.734 Y104.015 E579.2153 F300
G1 X105.362 Y104.500 E579.2550 F300
G1 X104.950 Y104.950 E579.2947 F300
G1 X104.500 Y105.362 E579.3344 F300
G1 X104.015 Y105.734 E579.3741 F300
G1 X103.500 Y106.062 E579.4138 F300
G1 X102.958 Y106.344 E579.4535 F300
G1 X102.394 Y106.578 E579.4932 F300
G1 X101.812 Y106.761 E579.5329 F300
G1 X101.216 Y106.894 E579.5725 F300
G1 X100.610 Y106.973 E579.6122 F300
G1 X100.000 Y107.000 E579.6519 F300
G1 X99.390 Y106.973 E579.6916 F300
G1 X98.784 Y106.894 E579.7313 F300
G1 X98.188 Y106.761 E579.7710 F300
G1 X97.606 Y106.578 E579.8107 F300
G1 X97.042 Y106.344 E579.8504 F300
G1 X96.500 Y106.062 E579.8901 F300
G1 X95.985 Y105.734 E579.9298 F300
G1 X95.500 Y105.362 E579.9695 F300
G1 X95.050 Y104.950 E580.0092 F300
G1 X94.638 Y104.500 E580.0489 F300
G1 X94.266 Y104.015 E580.0886 F300
G1 X93.938 Y103.500 E580.1283 F300
G1 X93.656 Y102.958 E580.1679 F300
G1 X93.422 Y102.394 E580.2076 F300
G1 X93.239 Y101.812 E580.2473 F300
G1 X93.106 Y101.216 E580.2870 F300
G1 X93.027 Y100.610 E580.3267 F300
G1 X93.000 Y100.000 E580.3664 F300
G1 X93.027 Y99.390 E580.4061 F300
G1 X93.106 Y98.784 E580.4458 F300
G1 X93.239 Y98.188 E580.4855 F300
G1 X93.422 Y97.606 E580.5252 F300
G1 X93.656 Y97.042 E580.5649 F300
G1 X93.938 Y96.500 E580.6046 F300
G1 X94.266 Y95.985 E580.6443 F300
G1 X94.638 Y95.500 E580.6840 F300
G1 X95.050 Y95.050 E580.7237 F300
G1 X95.500 Y94.638 E580.7634 F300
G1 X95.985 Y94.266 E580.8030 F300
G1 X96.500 Y93.938 E580.8427 F300
G1 X97.042 Y93.656 E580.8824 F300
G1 X97.606 Y93.422 E580.9221 F300
G1 X98.188 Y93.239 E580.9618 F300
G1 X98.784 Y93.106 E581.0015 F300
G1 X99.390 Y93.027 E581.0412 F300
G1 X100.000 Y93.000 E581.0809 F300
G1 X100.610 Y93.027 E581.1206 F300
G1 X101.216 Y93.106 E581.1603 F300
G1 X101.812 Y93.239 E581.2000 F300
G1 X102.394 Y93.422 E581.2397 F300
G1 X102.958 Y93.656 E581.2794 F300
G1 X103.500 Y93.938 E581.3191 F300
G1 X104.015 Y94.266 E581.3588 F300
G1 X104.500 Y94.638 E581.3985 F300
G1 X104.950 Y95.050 E581.4381 F300
G1 X105.362 Y95.500 E581.4778 F300
G1 X105.734 Y95.985 E581.5175 F300
G1 X106.062 Y96.500 E581.5572 F300
G1 X106.344 Y97.042 E581.5969 F300
G1 X106.578 Y97.606 E581.6366 F300
G1 X106.761 Y98.188 E581.6763 F300
G1 X106.894 Y98.784 E581.7160 F300
G1 X106.973 Y99.390 E581.7557 F300
G1 X107.000 Y100.000 E581.7954 F300
G1 E580.2954 F1200   ; Retract

; === TOWER LAYER 20/20 (Z=39.0mm, tower fill) ===
G1 Z40.00 F600   ; Z-hop
G1 X123.000 Y100.000 F1200   ; Travel to tower fill ring 1
G1 Z39.00 F300   ; Lower to layer height
G1 E581.7954 F1200   ; Prime
G1 X122.912 Y102.005 E581.9258 F300
G1 X122.651 Y103.994 E582.0562 F300
G1 X122.216 Y105.953 E582.1867 F300
G1 X121.613 Y107.866 E582.3171 F300
G1 X120.845 Y109.720 E582.4475 F300
G1 X119.919 Y111.500 E582.5779 F300
G1 X118.840 Y113.192 E582.7083 F300
G1 X117.619 Y114.784 E582.8388 F300
G1 X116.263 Y116.263 E582.9692 F300
G1 X114.784 Y117.619 E583.0996 F300
G1 X113.192 Y118.840 E583.2300 F300
G1 X111.500 Y119.919 E583.3605 F300
G1 X109.720 Y120.845 E583.4909 F300
G1 X107.866 Y121.613 E583.6213 F300
G1 X105.953 Y122.216 E583.7517 F300
G1 X103.994 Y122.651 E583.8821 F300
G1 X102.005 Y122.912 E584.0126 F300
G1 X100.000 Y123.000 E584.1430 F300
G1 X97.995 Y122.912 E584.2734 F300
G1 X96.006 Y122.651 E584.4038 F300
G1 X94.047 Y122.216 E584.5343 F300
G1 X92.134 Y121.613 E584.6647 F300
G1 X90.280 Y120.845 E584.7951 F300
G1 X88.500 Y119.919 E584.9255 F300
G1 X86.808 Y118.840 E585.0559 F300
G1 X85.216 Y117.619 E585.1864 F300
G1 X83.737 Y116.263 E585.3168 F300
G1 X82.381 Y114.784 E585.4472 F300
G1 X81.160 Y113.192 E585.5776 F300
G1 X80.081 Y111.500 E585.7080 F300
G1 X79.155 Y109.720 E585.8385 F300
G1 X78.387 Y107.866 E585.9689 F300
G1 X77.784 Y105.953 E586.0993 F300
G1 X77.349 Y103.994 E586.2297 F300
G1 X77.088 Y102.005 E586.3602 F300
G1 X77.000 Y100.000 E586.4906 F300
G1 X77.088 Y97.995 E586.6210 F300
G1 X77.349 Y96.006 E586.7514 F300
G1 X77.784 Y94.047 E586.8818 F300
G1 X78.387 Y92.134 E587.0123 F300
G1 X79.155 Y90.280 E587.1427 F300
G1 X80.081 Y88.500 E587.2731 F300
G1 X81.160 Y86.808 E587.4035 F300
G1 X82.381 Y85.216 E587.5340 F300
G1 X83.737 Y83.737 E587.6644 F300
G1 X85.216 Y82.381 E587.7948 F300
G1 X86.808 Y81.160 E587.9252 F300
G1 X88.500 Y80.081 E588.0556 F300
G1 X90.280 Y79.155 E588.1861 F300
G1 X92.134 Y78.387 E588.3165 F300
G1 X94.047 Y77.784 E588.4469 F300
G1 X96.006 Y77.349 E588.5773 F300
G1 X97.995 Y77.088 E588.7078 F300
G1 X100.000 Y77.000 E588.8382 F300
G1 X102.005 Y77.088 E588.9686 F300
G1 X103.994 Y77.349 E589.0990 F300
G1 X105.953 Y77.784 E589.2294 F300
G1 X107.866 Y78.387 E589.3599 F300
G1 X109.720 Y79.155 E589.4903 F300
G1 X111.500 Y80.081 E589.6207 F300
G1 X113.192 Y81.160 E589.7511 F300
G1 X114.784 Y82.381 E589.8816 F300
G1 X116.263 Y83.737 E590.0120 F300
G1 X117.619 Y85.216 E590.1424 F300
G1 X118.840 Y86.808 E590.2728 F300
G1 X119.919 Y88.500 E590.4032 F300
G1 X120.845 Y90.280 E590.5337 F300
G1 X121.613 Y92.134 E590.6641 F300
G1 X122.216 Y94.047 E590.7945 F300
G1 X122.651 Y96.006 E590.9249 F300
G1 X122.912 Y97.995 E591.0553 F300
G1 X123.000 Y100.000 E591.1858 F300
G1 E589.6858 F1200   ; Retract
G1 Z40.00 F600   ; Z-hop
G1 X119.000 Y100.000 F1200   ; Travel to tower fill ring 2
G1 Z39.00 F300   ; Lower to layer height
G1 E591.1858 F1200   ; Prime
G1 X118.928 Y98.344 E591.2935 F300
G1 X118.711 Y96.701 E591.4013 F300
G1 X118.353 Y95.082 E591.5090 F300
G1 X117.854 Y93.502 E591.6167 F300
G1 X117.220 Y91.970 E591.7245 F300
G1 X116.454 Y90.500 E591.8322 F300
G1 X115.564 Y89.102 E591.9399 F300
G1 X114.555 Y87.787 E592.0477 F300
G1 X113.435 Y86.565 E592.1554 F300
G1 X112.213 Y85.445 E592.2632 F300
G1 X110.898 Y84.436 E592.3709 F300
G1 X109.500 Y83.546 E592.4786 F300
G1 X108.030 Y82.780 E592.5864 F300
G1 X106.498 Y82.146 E592.6941 F300
G1 X104.918 Y81.647 E592.8019 F300
G1 X103.299 Y81.289 E592.9096 F300
G1 X101.656 Y81.072 E593.0173 F300
G1 X100.000 Y81.000 E593.1251 F300
G1 X98.344 Y81.072 E593.2328 F300
G1 X96.701 Y81.289 E593.3406 F300
G1 X95.082 Y81.647 E593.4483 F300
G1 X93.502 Y82.146 E593.5560 F300
G1 X91.970 Y82.780 E593.6638 F300
G1 X90.500 Y83.546 E593.7715 F300
G1 X89.102 Y84.436 E593.8793 F300
G1 X87.787 Y85.445 E593.9870 F300
G1 X86.565 Y86.565 E594.0947 F300
G1 X85.445 Y87.787 E594.2025 F300
G1 X84.436 Y89.102 E594.3102 F300
G1 X83.546 Y90.500 E594.4180 F300
G1 X82.780 Y91.970 E594.5257 F300
G1 X82.146 Y93.502 E594.6334 F300
G1 X81.647 Y95.082 E594.7412 F300
G1 X81.289 Y96.701 E594.8489 F300
G1 X81.072 Y98.344 E594.9567 F300
G1 X81.000 Y100.000 E595.0644 F300
G1 X81.072 Y101.656 E595.1721 F300
G1 X81.289 Y103.299 E595.2799 F300
G1 X81.647 Y104.918 E595.3876 F300
G1 X82.146 Y106.498 E595.4954 F300
G1 X82.780 Y108.030 E595.6031 F300
G1 X83.546 Y109.500 E595.7108 F300
G1 X84.436 Y110.898 E595.8186 F300
G1 X85.445 Y112.213 E595.9263 F300
G1 X86.565 Y113.435 E596.0341 F300
G1 X87.787 Y114.555 E596.1418 F300
G1 X89.102 Y115.564 E596.2495 F300
G1 X90.500 Y116.454 E596.3573 F300
G1 X91.970 Y117.220 E596.4650 F300
G1 X93.502 Y117.854 E596.5728 F300
G1 X95.082 Y118.353 E596.6805 F300
G1 X96.701 Y118.711 E596.7882 F300
G1 X98.344 Y118.928 E596.8960 F300
G1 X100.000 Y119.000 E597.0037 F300
G1 X101.656 Y118.928 E597.1115 F300
G1 X103.299 Y118.711 E597.2192 F300
G1 X104.918 Y118.353 E597.3269 F300
G1 X106.498 Y117.854 E597.4347 F300
G1 X108.030 Y117.220 E597.5424 F300
G1 X109.500 Y116.454 E597.6502 F300
G1 X110.898 Y115.564 E597.7579 F300
G1 X112.213 Y114.555 E597.8656 F300
G1 X113.435 Y113.435 E597.9734 F300
G1 X114.555 Y112.213 E598.0811 F300
G1 X115.564 Y110.898 E598.1889 F300
G1 X116.454 Y109.500 E598.2966 F300
G1 X117.220 Y108.030 E598.4043 F300
G1 X117.854 Y106.498 E598.5121 F300
G1 X118.353 Y104.918 E598.6198 F300
G1 X118.711 Y103.299 E598.7276 F300
G1 X118.928 Y101.656 E598.8353 F300
G1 X119.000 Y100.000 E598.9430 F300
G1 E597.4430 F1200   ; Retract
G1 Z40.00 F600   ; Z-hop
G1 X115.000 Y100.000 F1200   ; Travel to tower fill ring 3
G1 Z39.00 F300   ; Lower to layer height
G1 E598.9430 F1200   ; Prime
G1 X114.943 Y101.307 E599.0281 F300
G1 X114.772 Y102.605 E599.1132 F300
G1 X114.489 Y103.882 E599.1982 F300
G1 X114.095 Y105.130 E599.2833 F300
G1 X113.595 Y106.339 E599.3683 F300
G1 X112.990 Y107.500 E599.4534 F300
G1 X112.287 Y108.604 E599.5384 F300
G1 X111.491 Y109.642 E599.6235 F300
G1 X110.607 Y110.607 E599.7086 F300
G1 X109.642 Y111.491 E599.7936 F300
G1 X108.604 Y112.287 E599.8787 F300
G1 X107.500 Y112.990 E599.9637 F300
G1 X106.339 Y113.595 E600.0488 F300
G1 X105.130 Y114.095 E600.1339 F300
G1 X103.882 Y114.489 E600.2189 F300
G1 X102.605 Y114.772 E600.3040 F300
G1 X101.307 Y114.943 E600.3890 F300
G1 X100.000 Y115.000 E600.4741 F300
G1 X98.693 Y114.943 E600.5591 F300
G1 X97.395 Y114.772 E600.6442 F300
G1 X96.118 Y114.489 E600.7293 F300
G1 X94.870 Y114.095 E600.8143 F300
G1 X93.661 Y113.595 E600.8994 F300
G1 X92.500 Y112.990 E600.9844 F300
G1 X91.396 Y112.287 E601.0695 F300
G1 X90.358 Y111.491 E601.1545 F300
G1 X89.393 Y110.607 E601.2396 F300
G1 X88.509 Y109.642 E601.3247 F300
G1 X87.713 Y108.604 E601.4097 F300
G1 X87.010 Y107.500 E601.4948 F300
G1 X86.405 Y106.339 E601.5798 F300
G1 X85.905 Y105.130 E601.6649 F300
G1 X85.511 Y103.882 E601.7499 F300
G1 X85.228 Y102.605 E601.8350 F300
G1 X85.057 Y101.307 E601.9201 F300
G1 X85.000 Y100.000 E602.0051 F300
G1 X85.057 Y98.693 E602.0902 F300
G1 X85.228 Y97.395 E602.1752 F300
G1 X85.511 Y96.118 E602.2603 F300
G1 X85.905 Y94.870 E602.3454 F300
G1 X86.405 Y93.661 E602.4304 F300
G1 X87.010 Y92.500 E602.5155 F300
G1 X87.713 Y91.396 E602.6005 F300
G1 X88.509 Y90.358 E602.6856 F300
G1 X89.393 Y89.393 E602.7706 F300
G1 X90.358 Y88.509 E602.8557 F300
G1 X91.396 Y87.713 E602.9408 F300
G1 X92.500 Y87.010 E603.0258 F300
G1 X93.661 Y86.405 E603.1109 F300
G1 X94.870 Y85.905 E603.1959 F300
G1 X96.118 Y85.511 E603.2810 F300
G1 X97.395 Y85.228 E603.3660 F300
G1 X98.693 Y85.057 E603.4511 F300
G1 X100.000 Y85.000 E603.5362 F300
G1 X101.307 Y85.057 E603.6212 F300
G1 X102.605 Y85.228 E603.7063 F300
G1 X103.882 Y85.511 E603.7913 F300
G1 X105.130 Y85.905 E603.8764 F300
G1 X106.339 Y86.405 E603.9615 F300
G1 X107.500 Y87.010 E604.0465 F300
G1 X108.604 Y87.713 E604.1316 F300
G1 X109.642 Y88.509 E604.2166 F300
G1 X110.607 Y89.393 E604.3017 F300
G1 X111.491 Y90.358 E604.3867 F300
G1 X112.287 Y91.396 E604.4718 F300
G1 X112.990 Y92.500 E604.5569 F300
G1 X113.595 Y93.661 E604.6419 F300
G1 X114.095 Y94.870 E604.7270 F300
G1 X114.489 Y96.118 E604.8120 F300
G1 X114.772 Y97.395 E604.8971 F300
G1 X114.943 Y98.693 E604.9821 F300
G1 X115.000 Y100.000 E605.0672 F300
G1 E603.5672 F1200   ; Retract
G1 Z40.00 F600   ; Z-hop
G1 X111.000 Y100.000 F1200   ; Travel to tower fill ring 4
G1 Z39.00 F300   ; Lower to layer height
G1 E605.0672 F1200   ; Prime
G1 X110.958 Y99.041 E605.1296 F300
G1 X110.833 Y98.090 E605.1920 F300
G1 X110.625 Y97.153 E605.2543 F300
G1 X110.337 Y96.238 E605.3167 F300
G1 X109.969 Y95.351 E605.3791 F300
G1 X109.526 Y94.500 E605.4415 F300
G1 X109.011 Y93.691 E605.5038 F300
G1 X108.426 Y92.929 E605.5662 F300
G1 X107.778 Y92.222 E605.6286 F300
G1 X107.071 Y91.574 E605.6910 F300
G1 X106.309 Y90.989 E605.7533 F300
G1 X105.500 Y90.474 E605.8157 F300
G1 X104.649 Y90.031 E605.8781 F300
G1 X103.762 Y89.663 E605.9405 F300
G1 X102.847 Y89.375 E606.0028 F300
G1 X101.910 Y89.167 E606.0652 F300
G1 X100.959 Y89.042 E606.1276 F300
G1 X100.000 Y89.000 E606.1900 F300
G1 X99.041 Y89.042 E606.2523 F300
G1 X98.090 Y89.167 E606.3147 F300
G1 X97.153 Y89.375 E606.3771 F300
G1 X96.238 Y89.663 E606.4395 F300
G1 X95.351 Y90.031 E606.5018 F300
G1 X94.500 Y90.474 E606.5642 F300
G1 X93.691 Y90.989 E606.6266 F300
G1 X92.929 Y91.574 E606.6890 F300
G1 X92.222 Y92.222 E606.7513 F300
G1 X91.574 Y92.929 E606.8137 F300
G1 X90.989 Y93.691 E606.8761 F300
G1 X90.474 Y94.500 E606.9385 F300
G1 X90.031 Y95.351 E607.0009 F300
G1 X89.663 Y96.238 E607.0632 F300
G1 X89.375 Y97.153 E607.1256 F300
G1 X89.167 Y98.090 E607.1880 F300
G1 X89.042 Y99.041 E607.2504 F300
G1 X89.000 Y100.000 E607.3127 F300
G1 X89.042 Y100.959 E607.3751 F300
G1 X89.167 Y101.910 E607.4375 F300
G1 X89.375 Y102.847 E607.4999 F300
G1 X89.663 Y103.762 E607.5622 F300
G1 X90.031 Y104.649 E607.6246 F300
G1 X90.474 Y105.500 E607.6870 F300
G1 X90.989 Y106.309 E607.7494 F300
G1 X91.574 Y107.071 E607.8117 F300
G1 X92.222 Y107.778 E607.8741 F300
G1 X92.929 Y108.426 E607.9365 F300
G1 X93.691 Y109.011 E607.9989 F300
G1 X94.500 Y109.526 E608.0612 F300
G1 X95.351 Y109.969 E608.1236 F300
G1 X96.238 Y110.337 E608.1860 F300
G1 X97.153 Y110.625 E608.2484 F300
G1 X98.090 Y110.833 E608.3107 F300
G1 X99.041 Y110.958 E608.3731 F300
G1 X100.000 Y111.000 E608.4355 F300
G1 X100.959 Y110.958 E608.4979 F300
G1 X101.910 Y110.833 E608.5602 F300
G1 X102.847 Y110.625 E608.6226 F300
G1 X103.762 Y110.337 E608.6850 F300
G1 X104.649 Y109.969 E608.7474 F300
G1 X105.500 Y109.526 E608.8097 F300
G1 X106.309 Y109.011 E608.8721 F300
G1 X107.071 Y108.426 E608.9345 F300
G1 X107.778 Y107.778 E608.9969 F300
G1 X108.426 Y107.071 E609.0593 F300
G1 X109.011 Y106.309 E609.1216 F300
G1 X109.526 Y105.500 E609.1840 F300
G1 X109.969 Y104.649 E609.2464 F300
G1 X110.337 Y103.762 E609.3088 F300
G1 X110.625 Y102.847 E609.3711 F300
G1 X110.833 Y101.910 E609.4335 F300
G1 X110.958 Y100.959 E609.4959 F300
G1 X111.000 Y100.000 E609.5583 F300
G1 E608.0583 F1200   ; Retract
G1 Z40.00 F600   ; Z-hop
G1 X107.000 Y100.000 F1200   ; Travel to tower fill ring 5
G1 Z39.00 F300   ; Lower to layer height
G1 E609.5583 F1200   ; Prime
G1 X106.973 Y100.610 E609.5979 F300
G1 X106.894 Y101.216 E609.6376 F300
G1 X106.761 Y101.812 E609.6773 F300
G1 X106.578 Y102.394 E609.7170 F300
G1 X106.344 Y102.958 E609.7567 F300
G1 X106.062 Y103.500 E609.7964 F300
G1 X105.734 Y104.015 E609.8361 F300
G1 X105.362 Y104.500 E609.8758 F300
G1 X104.950 Y104.950 E609.9155 F300
G1 X104.500 Y105.362 E609.9552 F300
G1 X104.015 Y105.734 E609.9949 F300
G1 X103.500 Y106.062 E610.0346 F300
G1 X102.958 Y106.344 E610.0743 F300
G1 X102.394 Y106.578 E610.1140 F300
G1 X101.812 Y106.761 E610.1537 F300
G1 X101.216 Y106.894 E610.1934 F300
G1 X100.610 Y106.973 E610.2330 F300
G1 X100.000 Y107.000 E610.2727 F300
G1 X99.390 Y106.973 E610.3124 F300
G1 X98.784 Y106.894 E610.3521 F300
G1 X98.188 Y106.761 E610.3918 F300
G1 X97.606 Y106.578 E610.4315 F300
G1 X97.042 Y106.344 E610.4712 F300
G1 X96.500 Y106.062 E610.5109 F300
G1 X95.985 Y105.734 E610.5506 F300
G1 X95.500 Y105.362 E610.5903 F300
G1 X95.050 Y104.950 E610.6300 F300
G1 X94.638 Y104.500 E610.6697 F300
G1 X94.266 Y104.015 E610.7094 F300
G1 X93.938 Y103.500 E610.7491 F300
G1 X93.656 Y102.958 E610.7888 F300
G1 X93.422 Y102.394 E610.8285 F300
G1 X93.239 Y101.812 E610.8681 F300
G1 X93.106 Y101.216 E610.9078 F300
G1 X93.027 Y100.610 E610.9475 F300
G1 X93.000 Y100.000 E610.9872 F300
G1 X93.027 Y99.390 E611.0269 F300
G1 X93.106 Y98.784 E611.0666 F300
G1 X93.239 Y98.188 E611.1063 F300
G1 X93.422 Y97.606 E611.1460 F300
G1 X93.656 Y97.042 E611.1857 F300
G1 X93.938 Y96.500 E611.2254 F300
G1 X94.266 Y95.985 E611.2651 F300
G1 X94.638 Y95.500 E611.3048 F300
G1 X95.050 Y95.050 E611.3445 F300
G1 X95.500 Y94.638 E611.3842 F300
G1 X95.985 Y94.266 E611.4239 F300
G1 X96.500 Y93.938 E611.4636 F300
G1 X97.042 Y93.656 E611.5032 F300
G1 X97.606 Y93.422 E611.5429 F300
G1 X98.188 Y93.239 E611.5826 F300
G1 X98.784 Y93.106 E611.6223 F300
G1 X99.390 Y93.027 E611.6620 F300
G1 X100.000 Y93.000 E611.7017 F300
G1 X100.610 Y93.027 E611.7414 F300
G1 X101.216 Y93.106 E611.7811 F300
G1 X101.812 Y93.239 E611.8208 F300
G1 X102.394 Y93.422 E611.8605 F300
G1 X102.958 Y93.656 E611.9002 F300
G1 X103.500 Y93.938 E611.9399 F300
G1 X104.015 Y94.266 E611.9796 F300
G1 X104.500 Y94.638 E612.0193 F300
G1 X104.950 Y95.050 E612.0590 F300
G1 X105.362 Y95.500 E612.0986 F300
G1 X105.734 Y95.985 E612.1383 F300
G1 X106.062 Y96.500 E612.1780 F300
G1 X106.344 Y97.042 E612.2177 F300
G1 X106.578 Y97.606 E612.2574 F300
G1 X106.761 Y98.188 E612.2971 F300
G1 X106.894 Y98.784 E612.3368 F300
G1 X106.973 Y99.390 E612.3765 F300
G1 X107.000 Y100.000 E612.4162 F300
G1 E610.9162 F1200   ; Retract

; === FINISH ===
G1 Z59.0 F600      ; Raise nozzle clear
G1 X0 Y0 F1200   ; Move to home
M84              ; Disable motors

; === END ===
