; Spirograph V1 (Single-Ring Hypotrochoid) — Food Printing
; Multi-material: 2 syringe colors
;
; Material A: Cream Cheese (plain)
; Material B: Cream Cheese + food coloring
;
; Hypotrochoid: R=30, r=12, d=8
; Petals: 5  |  Revolutions: 2
; Pattern diameter: 20mm (inner) to 52mm (outer)
; Points per layer: 360
;
; Layers: 10  |  Layer height: 2.0mm
; Total height: 20.0mm
; Twist per layer: 6.0° (total: 54.0°)
; Material switch every 2 layers
; Print speed: 300 mm/min
; Center: (100, 100)

; === INITIALIZATION ===
G21              ; Set units to millimeters
G90              ; Absolute positioning
M82              ; Absolute extrusion mode
G28              ; Home all axes

; Load Material A (plain cream cheese)
; >>> SYRINGE: Material A <<<


; === LAYER 1/10 (Z=2.0mm, θ=0.0°, Material A) ===
G1 Z3.00 F600   ; Z-hop
G1 X126.000 Y100.000 F1200   ; Travel to start
G1 Z2.00 F300   ; Lower to layer height
G1 X125.978 Y100.210 E0.0211 F300
G1 X125.912 Y100.419 E0.0431 F300
G1 X125.803 Y100.630 E0.0668 F300
G1 X125.650 Y100.842 E0.0929 F300
G1 X125.454 Y101.055 E0.1219 F300
G1 X125.215 Y101.270 E0.1540 F300
G1 X124.934 Y101.488 E0.1896 F300
G1 X124.611 Y101.708 E0.2286 F300
G1 X124.247 Y101.930 E0.2713 F300
G1 X123.843 Y102.156 E0.3176 F300
G1 X123.399 Y102.386 E0.3676 F300
G1 X122.916 Y102.619 E0.4212 F300
G1 X122.395 Y102.856 E0.4784 F300
G1 X121.838 Y103.097 E0.5392 F300
G1 X121.245 Y103.343 E0.6033 F300
G1 X120.618 Y103.593 E0.6709 F300
G1 X119.957 Y103.848 E0.7417 F300
G1 X119.265 Y104.108 E0.8157 F300
G1 X118.541 Y104.373 E0.8927 F300
G1 X117.789 Y104.642 E0.9726 F300
G1 X117.009 Y104.916 E1.0553 F300
G1 X116.202 Y105.195 E1.1407 F300
G1 X115.371 Y105.479 E1.2285 F300
G1 X114.516 Y105.768 E1.3187 F300
G1 X113.641 Y106.061 E1.4110 F300
G1 X112.745 Y106.359 E1.5054 F300
G1 X111.832 Y106.661 E1.6016 F300
G1 X110.902 Y106.967 E1.6995 F300
G1 X109.957 Y107.276 E1.7989 F300
G1 X109.000 Y107.588 E1.8996 F300
G1 X108.032 Y107.904 E2.0014 F300
G1 X107.054 Y108.222 E2.1042 F300
G1 X106.070 Y108.542 E2.2077 F300
G1 X105.080 Y108.864 E2.3119 F300
G1 X104.086 Y109.187 E2.4164 F300
G1 X103.090 Y109.511 E2.5210 F300
G1 X102.095 Y109.834 E2.6257 F300
G1 X101.101 Y110.157 E2.7302 F300
G1 X100.110 Y110.479 E2.8343 F300
G1 X99.126 Y110.798 E2.9379 F300
G1 X98.148 Y111.115 E3.0407 F300
G1 X97.179 Y111.429 E3.1425 F300
G1 X96.221 Y111.739 E3.2432 F300
G1 X95.275 Y112.044 E3.3426 F300
G1 X94.343 Y112.343 E3.4405 F300
G1 X93.427 Y112.636 E3.5367 F300
G1 X92.527 Y112.922 E3.6311 F300
G1 X91.646 Y113.199 E3.7234 F300
G1 X90.786 Y113.468 E3.8136 F300
G1 X89.946 Y113.727 E3.9014 F300
G1 X89.130 Y113.975 E3.9868 F300
G1 X88.337 Y114.211 E4.0695 F300
G1 X87.570 Y114.436 E4.1494 F300
G1 X86.829 Y114.647 E4.2264 F300
G1 X86.116 Y114.844 E4.3004 F300
G1 X85.432 Y115.026 E4.3712 F300
G1 X84.777 Y115.192 E4.4388 F300
G1 X84.153 Y115.342 E4.5029 F300
G1 X83.560 Y115.474 E4.5637 F300
G1 X83.000 Y115.588 E4.6209 F300
G1 X82.472 Y115.684 E4.6745 F300
G1 X81.978 Y115.759 E4.7244 F300
G1 X81.518 Y115.814 E4.7708 F300
G1 X81.093 Y115.847 E4.8134 F300
G1 X80.702 Y115.859 E4.8525 F300
G1 X80.347 Y115.849 E4.8881 F300
G1 X80.028 Y115.815 E4.9202 F300
G1 X79.744 Y115.758 E4.9492 F300
G1 X79.495 Y115.676 E4.9753 F300
G1 X79.283 Y115.570 E4.9990 F300
G1 X79.106 Y115.439 E5.0210 F300
G1 X78.966 Y115.282 E5.0421 F300
G1 X78.860 Y115.100 E5.0632 F300
G1 X78.790 Y114.892 E5.0851 F300
G1 X78.755 Y114.657 E5.1089 F300
G1 X78.754 Y114.396 E5.1350 F300
G1 X78.787 Y114.108 E5.1640 F300
G1 X78.854 Y113.793 E5.1961 F300
G1 X78.954 Y113.452 E5.2317 F300
G1 X79.086 Y113.085 E5.2707 F300
G1 X79.249 Y112.690 E5.3134 F300
G1 X79.443 Y112.270 E5.3597 F300
G1 X79.668 Y111.823 E5.4097 F300
G1 X79.921 Y111.351 E5.4633 F300
G1 X80.203 Y110.853 E5.5205 F300
G1 X80.512 Y110.330 E5.5812 F300
G1 X80.847 Y109.783 E5.6454 F300
G1 X81.208 Y109.212 E5.7130 F300
G1 X81.592 Y108.617 E5.7838 F300
G1 X82.000 Y108.000 E5.8578 F300
G1 X82.430 Y107.361 E5.9348 F300
G1 X82.880 Y106.701 E6.0147 F300
G1 X83.350 Y106.020 E6.0974 F300
G1 X83.838 Y105.320 E6.1828 F300
G1 X84.344 Y104.602 E6.2706 F300
G1 X84.865 Y103.866 E6.3608 F300
G1 X85.402 Y103.114 E6.4531 F300
G1 X85.951 Y102.347 E6.5475 F300
G1 X86.513 Y101.566 E6.6437 F300
G1 X87.086 Y100.772 E6.7416 F300
G1 X87.668 Y99.966 E6.8410 F300
G1 X88.258 Y99.151 E6.9417 F300
G1 X88.856 Y98.326 E7.0435 F300
G1 X89.460 Y97.495 E7.1463 F300
G1 X90.068 Y96.657 E7.2498 F300
G1 X90.680 Y95.814 E7.3539 F300
G1 X91.294 Y94.969 E7.4584 F300
G1 X91.910 Y94.122 E7.5631 F300
G1 X92.525 Y93.275 E7.6678 F300
G1 X93.139 Y92.430 E7.7723 F300
G1 X93.751 Y91.588 E7.8764 F300
G1 X94.360 Y90.750 E7.9800 F300
G1 X94.965 Y89.919 E8.0828 F300
G1 X95.564 Y89.096 E8.1846 F300
G1 X96.157 Y88.282 E8.2853 F300
G1 X96.743 Y87.479 E8.3847 F300
G1 X97.321 Y86.689 E8.4826 F300
G1 X97.891 Y85.914 E8.5788 F300
G1 X98.450 Y85.154 E8.6731 F300
G1 X99.000 Y84.412 E8.7655 F300
G1 X99.539 Y83.688 E8.8557 F300
G1 X100.065 Y82.985 E8.9435 F300
G1 X100.580 Y82.305 E9.0289 F300
G1 X101.082 Y81.647 E9.1116 F300
G1 X101.571 Y81.015 E9.1915 F300
G1 X102.046 Y80.409 E9.2685 F300
G1 X102.507 Y79.830 E9.3425 F300
G1 X102.954 Y79.281 E9.4133 F300
G1 X103.386 Y78.761 E9.4808 F300
G1 X103.803 Y78.273 E9.5450 F300
G1 X104.204 Y77.818 E9.6057 F300
G1 X104.591 Y77.396 E9.6629 F300
G1 X104.962 Y77.009 E9.7166 F300
G1 X105.317 Y76.658 E9.7665 F300
G1 X105.657 Y76.343 E9.8129 F300
G1 X105.981 Y76.066 E9.8555 F300
G1 X106.290 Y75.827 E9.8946 F300
G1 X106.584 Y75.626 E9.9301 F300
G1 X106.862 Y75.466 E9.9623 F300
G1 X107.126 Y75.345 E9.9913 F300
G1 X107.374 Y75.265 E10.0174 F300
G1 X107.608 Y75.226 E10.0411 F300
G1 X107.828 Y75.229 E10.0631 F300
G1 X108.034 Y75.273 E10.0842 F300
G1 X108.227 Y75.358 E10.1052 F300
G1 X108.406 Y75.486 E10.1272 F300
G1 X108.573 Y75.655 E10.1510 F300
G1 X108.727 Y75.866 E10.1771 F300
G1 X108.869 Y76.118 E10.2061 F300
G1 X109.000 Y76.412 E10.2382 F300
G1 X109.120 Y76.746 E10.2737 F300
G1 X109.229 Y77.121 E10.3128 F300
G1 X109.329 Y77.536 E10.3555 F300
G1 X109.419 Y77.991 E10.4018 F300
G1 X109.500 Y78.484 E10.4518 F300
G1 X109.572 Y79.015 E10.5054 F300
G1 X109.637 Y79.583 E10.5626 F300
G1 X109.694 Y80.188 E10.6233 F300
G1 X109.745 Y80.828 E10.6875 F300
G1 X109.789 Y81.502 E10.7551 F300
G1 X109.827 Y82.209 E10.8259 F300
G1 X109.860 Y82.948 E10.8998 F300
G1 X109.888 Y83.717 E10.9769 F300
G1 X109.912 Y84.516 E11.0568 F300
G1 X109.932 Y85.343 E11.1395 F300
G1 X109.948 Y86.196 E11.2248 F300
G1 X109.961 Y87.075 E11.3127 F300
G1 X109.972 Y87.976 E11.4029 F300
G1 X109.980 Y88.900 E11.4952 F300
G1 X109.986 Y89.844 E11.5896 F300
G1 X109.991 Y90.806 E11.6858 F300
G1 X109.994 Y91.785 E11.7837 F300
G1 X109.997 Y92.778 E11.8831 F300
G1 X109.998 Y93.785 E11.9838 F300
G1 X109.999 Y94.804 E12.0856 F300
G1 X110.000 Y95.832 E12.1884 F300
G1 X110.000 Y96.867 E12.2919 F300
G1 X110.000 Y97.908 E12.3960 F300
G1 X110.000 Y98.953 E12.5005 F300
G1 X110.000 Y100.000 E12.6052 F300
G1 X110.000 Y101.047 E12.7099 F300
G1 X110.000 Y102.092 E12.8144 F300
G1 X110.000 Y103.133 E12.9185 F300
G1 X110.000 Y104.168 E13.0221 F300
G1 X109.999 Y105.196 E13.1248 F300
G1 X109.998 Y106.215 E13.2267 F300
G1 X109.997 Y107.222 E13.3274 F300
G1 X109.994 Y108.215 E13.4268 F300
G1 X109.991 Y109.194 E13.5246 F300
G1 X109.986 Y110.156 E13.6209 F300
G1 X109.980 Y111.100 E13.7152 F300
G1 X109.972 Y112.024 E13.8076 F300
G1 X109.961 Y112.925 E13.8978 F300
G1 X109.948 Y113.804 E13.9856 F300
G1 X109.932 Y114.657 E14.0709 F300
G1 X109.912 Y115.484 E14.1537 F300
G1 X109.888 Y116.283 E14.2336 F300
G1 X109.860 Y117.052 E14.3106 F300
G1 X109.827 Y117.791 E14.3846 F300
G1 X109.789 Y118.498 E14.4554 F300
G1 X109.745 Y119.172 E14.5229 F300
G1 X109.694 Y119.812 E14.5871 F300
G1 X109.637 Y120.417 E14.6478 F300
G1 X109.572 Y120.985 E14.7050 F300
G1 X109.500 Y121.516 E14.7586 F300
G1 X109.419 Y122.009 E14.8086 F300
G1 X109.329 Y122.464 E14.8549 F300
G1 X109.229 Y122.879 E14.8976 F300
G1 X109.120 Y123.254 E14.9367 F300
G1 X109.000 Y123.588 E14.9722 F300
G1 X108.869 Y123.882 E15.0044 F300
G1 X108.727 Y124.134 E15.0333 F300
G1 X108.573 Y124.345 E15.0595 F300
G1 X108.406 Y124.514 E15.0832 F300
G1 X108.227 Y124.642 E15.1052 F300
G1 X108.034 Y124.727 E15.1263 F300
G1 X107.828 Y124.771 E15.1473 F300
G1 X107.608 Y124.774 E15.1693 F300
G1 X107.374 Y124.735 E15.1931 F300
G1 X107.126 Y124.655 E15.2192 F300
G1 X106.862 Y124.534 E15.2481 F300
G1 X106.584 Y124.374 E15.2803 F300
G1 X106.290 Y124.173 E15.3158 F300
G1 X105.981 Y123.934 E15.3549 F300
G1 X105.657 Y123.657 E15.3976 F300
G1 X105.317 Y123.342 E15.4439 F300
G1 X104.962 Y122.991 E15.4939 F300
G1 X104.591 Y122.604 E15.5475 F300
G1 X104.204 Y122.182 E15.6047 F300
G1 X103.803 Y121.727 E15.6654 F300
G1 X103.386 Y121.239 E15.7296 F300
G1 X102.954 Y120.719 E15.7971 F300
G1 X102.507 Y120.170 E15.8680 F300
G1 X102.046 Y119.591 E15.9419 F300
G1 X101.571 Y118.985 E16.0189 F300
G1 X101.082 Y118.353 E16.0989 F300
G1 X100.580 Y117.695 E16.1816 F300
G1 X100.065 Y117.015 E16.2669 F300
G1 X99.539 Y116.312 E16.3548 F300
G1 X99.000 Y115.588 E16.4449 F300
G1 X98.450 Y114.846 E16.5373 F300
G1 X97.891 Y114.086 E16.6317 F300
G1 X97.321 Y113.311 E16.7279 F300
G1 X96.743 Y112.521 E16.8258 F300
G1 X96.157 Y111.718 E16.9251 F300
G1 X95.564 Y110.904 E17.0258 F300
G1 X94.965 Y110.081 E17.1277 F300
G1 X94.360 Y109.250 E17.2305 F300
G1 X93.751 Y108.412 E17.3340 F300
G1 X93.139 Y107.570 E17.4381 F300
G1 X92.525 Y106.725 E17.5426 F300
G1 X91.910 Y105.878 E17.6473 F300
G1 X91.294 Y105.031 E17.7520 F300
G1 X90.680 Y104.186 E17.8565 F300
G1 X90.068 Y103.343 E17.9606 F300
G1 X89.460 Y102.505 E18.0641 F300
G1 X88.856 Y101.674 E18.1669 F300
G1 X88.258 Y100.849 E18.2688 F300
G1 X87.668 Y100.034 E18.3695 F300
G1 X87.086 Y99.228 E18.4688 F300
G1 X86.513 Y98.434 E18.5667 F300
G1 X85.951 Y97.653 E18.6629 F300
G1 X85.402 Y96.886 E18.7573 F300
G1 X84.865 Y96.134 E18.8497 F300
G1 X84.344 Y95.398 E18.9398 F300
G1 X83.838 Y94.680 E19.0277 F300
G1 X83.350 Y93.980 E19.1130 F300
G1 X82.880 Y93.299 E19.1957 F300
G1 X82.430 Y92.639 E19.2757 F300
G1 X82.000 Y92.000 E19.3527 F300
G1 X81.592 Y91.383 E19.4267 F300
G1 X81.208 Y90.788 E19.4975 F300
G1 X80.847 Y90.217 E19.5650 F300
G1 X80.512 Y89.670 E19.6292 F300
G1 X80.203 Y89.147 E19.6899 F300
G1 X79.921 Y88.649 E19.7471 F300
G1 X79.668 Y88.177 E19.8007 F300
G1 X79.443 Y87.730 E19.8507 F300
G1 X79.249 Y87.310 E19.8970 F300
G1 X79.086 Y86.915 E19.9397 F300
G1 X78.954 Y86.548 E19.9788 F300
G1 X78.854 Y86.207 E20.0143 F300
G1 X78.787 Y85.892 E20.0465 F300
G1 X78.754 Y85.604 E20.0754 F300
G1 X78.755 Y85.343 E20.1015 F300
G1 X78.790 Y85.108 E20.1253 F300
G1 X78.860 Y84.900 E20.1473 F300
G1 X78.966 Y84.718 E20.1683 F300
G1 X79.106 Y84.561 E20.1894 F300
G1 X79.283 Y84.430 E20.2114 F300
G1 X79.495 Y84.324 E20.2351 F300
G1 X79.744 Y84.242 E20.2613 F300
G1 X80.028 Y84.185 E20.2902 F300
G1 X80.347 Y84.151 E20.3224 F300
G1 X80.702 Y84.141 E20.3579 F300
G1 X81.093 Y84.153 E20.3970 F300
G1 X81.518 Y84.186 E20.4397 F300
G1 X81.978 Y84.241 E20.4860 F300
G1 X82.472 Y84.316 E20.5360 F300
G1 X83.000 Y84.412 E20.5896 F300
G1 X83.560 Y84.526 E20.6468 F300
G1 X84.153 Y84.658 E20.7075 F300
G1 X84.777 Y84.808 E20.7717 F300
G1 X85.432 Y84.974 E20.8392 F300
G1 X86.116 Y85.156 E20.9100 F300
G1 X86.829 Y85.353 E20.9840 F300
G1 X87.570 Y85.564 E21.0610 F300
G1 X88.337 Y85.789 E21.1410 F300
G1 X89.130 Y86.025 E21.2237 F300
G1 X89.946 Y86.273 E21.3090 F300
G1 X90.786 Y86.532 E21.3969 F300
G1 X91.646 Y86.801 E21.4870 F300
G1 X92.527 Y87.078 E21.5794 F300
G1 X93.427 Y87.364 E21.6738 F300
G1 X94.343 Y87.657 E21.7700 F300
G1 X95.275 Y87.956 E21.8679 F300
G1 X96.221 Y88.261 E21.9672 F300
G1 X97.179 Y88.571 E22.0679 F300
G1 X98.148 Y88.885 E22.1698 F300
G1 X99.126 Y89.202 E22.2725 F300
G1 X100.110 Y89.521 E22.3761 F300
G1 X101.101 Y89.843 E22.4802 F300
G1 X102.095 Y90.166 E22.5847 F300
G1 X103.090 Y90.489 E22.6894 F300
G1 X104.086 Y90.813 E22.7941 F300
G1 X105.080 Y91.136 E22.8986 F300
G1 X106.070 Y91.458 E23.0027 F300
G1 X107.054 Y91.778 E23.1062 F300
G1 X108.032 Y92.096 E23.2090 F300
G1 X109.000 Y92.412 E23.3108 F300
G1 X109.957 Y92.724 E23.4115 F300
G1 X110.902 Y93.033 E23.5109 F300
G1 X111.832 Y93.339 E23.6088 F300
G1 X112.745 Y93.641 E23.7050 F300
G1 X113.641 Y93.939 E23.7994 F300
G1 X114.516 Y94.232 E23.8918 F300
G1 X115.371 Y94.521 E23.9819 F300
G1 X116.202 Y94.805 E24.0698 F300
G1 X117.009 Y95.084 E24.1551 F300
G1 X117.789 Y95.358 E24.2378 F300
G1 X118.541 Y95.627 E24.3178 F300
G1 X119.265 Y95.892 E24.3948 F300
G1 X119.957 Y96.152 E24.4687 F300
G1 X120.618 Y96.407 E24.5396 F300
G1 X121.245 Y96.657 E24.6071 F300
G1 X121.838 Y96.903 E24.6713 F300
G1 X122.395 Y97.144 E24.7320 F300
G1 X122.916 Y97.381 E24.7892 F300
G1 X123.399 Y97.614 E24.8428 F300
G1 X123.843 Y97.844 E24.8928 F300
G1 X124.247 Y98.070 E24.9391 F300
G1 X124.611 Y98.292 E24.9818 F300
G1 X124.934 Y98.512 E25.0209 F300
G1 X125.215 Y98.730 E25.0564 F300
G1 X125.454 Y98.945 E25.0885 F300
G1 X125.650 Y99.158 E25.1175 F300
G1 X125.803 Y99.370 E25.1436 F300
G1 X125.912 Y99.581 E25.1674 F300
G1 X125.978 Y99.790 E25.1894 F300
G1 X126.000 Y100.000 E25.2104 F300
G1 E23.7104 F1200   ; Retract

; === LAYER 2/10 (Z=4.0mm, θ=6.0°, Material A) ===
G1 Z5.00 F600   ; Z-hop
G1 X125.858 Y102.718 F1200   ; Travel to start
G1 Z4.00 F300   ; Lower to layer height
G1 E25.2104 F1200   ; Prime
G1 X125.814 Y102.924 E25.2315 F300
G1 X125.727 Y103.126 E25.2535 F300
G1 X125.596 Y103.324 E25.2772 F300
G1 X125.421 Y103.518 E25.3034 F300
G1 X125.204 Y103.710 E25.3323 F300
G1 X124.944 Y103.899 E25.3645 F300
G1 X124.642 Y104.086 E25.4000 F300
G1 X124.298 Y104.271 E25.4391 F300
G1 X123.912 Y104.454 E25.4818 F300
G1 X123.487 Y104.637 E25.5281 F300
G1 X123.021 Y104.819 E25.5781 F300
G1 X122.517 Y105.000 E25.6317 F300
G1 X121.974 Y105.181 E25.6889 F300
G1 X121.395 Y105.363 E25.7496 F300
G1 X120.779 Y105.546 E25.8138 F300
G1 X120.129 Y105.729 E25.8813 F300
G1 X119.446 Y105.913 E25.9521 F300
G1 X118.730 Y106.099 E26.0261 F300
G1 X117.983 Y106.287 E26.1031 F300
G1 X117.206 Y106.476 E26.1830 F300
G1 X116.401 Y106.667 E26.2658 F300
G1 X115.570 Y106.861 E26.3511 F300
G1 X114.714 Y107.056 E26.4389 F300
G1 X113.834 Y107.254 E26.5291 F300
G1 X112.932 Y107.454 E26.6215 F300
G1 X112.011 Y107.656 E26.7158 F300
G1 X111.071 Y107.861 E26.8121 F300
G1 X110.114 Y108.068 E26.9099 F300
G1 X109.142 Y108.277 E27.0093 F300
G1 X108.157 Y108.488 E27.1100 F300
G1 X107.162 Y108.700 E27.2119 F300
G1 X106.156 Y108.914 E27.3146 F300
G1 X105.144 Y109.130 E27.4182 F300
G1 X104.125 Y109.347 E27.5223 F300
G1 X103.103 Y109.564 E27.6268 F300
G1 X102.079 Y109.781 E27.7315 F300
G1 X101.055 Y109.999 E27.8362 F300
G1 X100.033 Y110.216 E27.9407 F300
G1 X99.015 Y110.433 E28.0448 F300
G1 X98.002 Y110.648 E28.1483 F300
G1 X96.996 Y110.861 E28.2511 F300
G1 X96.000 Y111.072 E28.3529 F300
G1 X95.015 Y111.280 E28.4536 F300
G1 X94.042 Y111.484 E28.5530 F300
G1 X93.084 Y111.684 E28.6509 F300
G1 X92.142 Y111.880 E28.7471 F300
G1 X91.217 Y112.070 E28.8415 F300
G1 X90.312 Y112.254 E28.9338 F300
G1 X89.428 Y112.431 E29.0240 F300
G1 X88.566 Y112.600 E29.1119 F300
G1 X87.728 Y112.762 E29.1972 F300
G1 X86.915 Y112.914 E29.2799 F300
G1 X86.129 Y113.057 E29.3598 F300
G1 X85.370 Y113.190 E29.4369 F300
G1 X84.641 Y113.311 E29.5108 F300
G1 X83.941 Y113.421 E29.5816 F300
G1 X83.273 Y113.518 E29.6492 F300
G1 X82.636 Y113.602 E29.7134 F300
G1 X82.033 Y113.671 E29.7741 F300
G1 X81.464 Y113.726 E29.8313 F300
G1 X80.929 Y113.766 E29.8849 F300
G1 X80.430 Y113.789 E29.9349 F300
G1 X79.967 Y113.795 E29.9812 F300
G1 X79.540 Y113.784 E30.0239 F300
G1 X79.150 Y113.755 E30.0629 F300
G1 X78.798 Y113.708 E30.0985 F300
G1 X78.484 Y113.641 E30.1306 F300
G1 X78.207 Y113.554 E30.1596 F300
G1 X77.969 Y113.447 E30.1857 F300
G1 X77.769 Y113.319 E30.2095 F300
G1 X77.607 Y113.170 E30.2315 F300
G1 X77.483 Y113.000 E30.2525 F300
G1 X77.398 Y112.808 E30.2736 F300
G1 X77.350 Y112.593 E30.2956 F300
G1 X77.339 Y112.356 E30.3193 F300
G1 X77.366 Y112.096 E30.3454 F300
G1 X77.429 Y111.813 E30.3744 F300
G1 X77.528 Y111.507 E30.4066 F300
G1 X77.663 Y111.179 E30.4421 F300
G1 X77.832 Y110.827 E30.4812 F300
G1 X78.036 Y110.452 E30.5238 F300
G1 X78.273 Y110.054 E30.5702 F300
G1 X78.543 Y109.633 E30.6201 F300
G1 X78.845 Y109.190 E30.6737 F300
G1 X79.177 Y108.724 E30.7309 F300
G1 X79.539 Y108.237 E30.7917 F300
G1 X79.929 Y107.727 E30.8559 F300
G1 X80.348 Y107.197 E30.9234 F300
G1 X80.792 Y106.646 E30.9942 F300
G1 X81.262 Y106.075 E31.0682 F300
G1 X81.756 Y105.484 E31.1452 F300
G1 X82.273 Y104.874 E31.2251 F300
G1 X82.812 Y104.247 E31.3078 F300
G1 X83.371 Y103.602 E31.3932 F300
G1 X83.949 Y102.940 E31.4810 F300
G1 X84.544 Y102.263 E31.5712 F300
G1 X85.156 Y101.571 E31.6636 F300
G1 X85.783 Y100.866 E31.7579 F300
G1 X86.423 Y100.147 E31.8541 F300
G1 X87.076 Y99.418 E31.9520 F300
G1 X87.739 Y98.678 E32.0514 F300
G1 X88.412 Y97.928 E32.1521 F300
G1 X89.092 Y97.171 E32.2539 F300
G1 X89.780 Y96.407 E32.3567 F300
G1 X90.472 Y95.637 E32.4603 F300
G1 X91.169 Y94.863 E32.5644 F300
G1 X91.868 Y94.087 E32.6689 F300
G1 X92.569 Y93.309 E32.7736 F300
G1 X93.269 Y92.531 E32.8783 F300
G1 X93.968 Y91.754 E32.9827 F300
G1 X94.665 Y90.981 E33.0869 F300
G1 X95.358 Y90.211 E33.1904 F300
G1 X96.046 Y89.448 E33.2932 F300
G1 X96.728 Y88.692 E33.3950 F300
G1 X97.403 Y87.944 E33.4957 F300
G1 X98.070 Y87.207 E33.5951 F300
G1 X98.727 Y86.482 E33.6930 F300
G1 X99.375 Y85.770 E33.7892 F300
G1 X100.011 Y85.073 E33.8836 F300
G1 X100.635 Y84.392 E33.9759 F300
G1 X101.246 Y83.729 E34.0661 F300
G1 X101.844 Y83.086 E34.1539 F300
G1 X102.427 Y82.462 E34.2393 F300
G1 X102.995 Y81.861 E34.3220 F300
G1 X103.547 Y81.283 E34.4019 F300
G1 X104.083 Y80.730 E34.4789 F300
G1 X104.602 Y80.203 E34.5529 F300
G1 X105.103 Y79.703 E34.6237 F300
G1 X105.587 Y79.232 E34.6913 F300
G1 X106.053 Y78.790 E34.7555 F300
G1 X106.500 Y78.379 E34.8162 F300
G1 X106.928 Y78.000 E34.8734 F300
G1 X107.338 Y77.654 E34.9270 F300
G1 X107.728 Y77.342 E34.9770 F300
G1 X108.099 Y77.064 E35.0233 F300
G1 X108.450 Y76.822 E35.0660 F300
G1 X108.783 Y76.617 E35.1050 F300
G1 X109.095 Y76.448 E35.1406 F300
G1 X109.389 Y76.318 E35.1727 F300
G1 X109.664 Y76.225 E35.2017 F300
G1 X109.919 Y76.172 E35.2278 F300
G1 X110.156 Y76.157 E35.2515 F300
G1 X110.375 Y76.183 E35.2735 F300
G1 X110.575 Y76.248 E35.2946 F300
G1 X110.758 Y76.353 E35.3157 F300
G1 X110.923 Y76.498 E35.3377 F300
G1 X111.071 Y76.684 E35.3614 F300
G1 X111.202 Y76.910 E35.3875 F300
G1 X111.317 Y77.176 E35.4165 F300
G1 X111.416 Y77.482 E35.4486 F300
G1 X111.501 Y77.827 E35.4842 F300
G1 X111.570 Y78.211 E35.5232 F300
G1 X111.626 Y78.634 E35.5659 F300
G1 X111.668 Y79.096 E35.6122 F300
G1 X111.697 Y79.595 E35.6622 F300
G1 X111.713 Y80.130 E35.7158 F300
G1 X111.718 Y80.702 E35.7730 F300
G1 X111.712 Y81.310 E35.8338 F300
G1 X111.695 Y81.951 E35.8979 F300
G1 X111.669 Y82.626 E35.9655 F300
G1 X111.633 Y83.333 E36.0363 F300
G1 X111.588 Y84.072 E36.1103 F300
G1 X111.536 Y84.840 E36.1873 F300
G1 X111.476 Y85.637 E36.2672 F300
G1 X111.409 Y86.462 E36.3499 F300
G1 X111.336 Y87.312 E36.4353 F300
G1 X111.258 Y88.187 E36.5231 F300
G1 X111.174 Y89.085 E36.6133 F300
G1 X111.086 Y90.004 E36.7056 F300
G1 X110.993 Y90.943 E36.8000 F300
G1 X110.897 Y91.900 E36.8962 F300
G1 X110.798 Y92.874 E36.9941 F300
G1 X110.697 Y93.863 E37.0935 F300
G1 X110.593 Y94.865 E37.1942 F300
G1 X110.488 Y95.877 E37.2960 F300
G1 X110.381 Y96.900 E37.3988 F300
G1 X110.273 Y97.929 E37.5024 F300
G1 X110.164 Y98.965 E37.6065 F300
G1 X110.055 Y100.004 E37.7110 F300
G1 X109.945 Y101.045 E37.8156 F300
G1 X109.836 Y102.086 E37.9203 F300
G1 X109.727 Y103.126 E38.0248 F300
G1 X109.618 Y104.161 E38.1289 F300
G1 X109.509 Y105.191 E38.2325 F300
G1 X109.401 Y106.213 E38.3353 F300
G1 X109.294 Y107.226 E38.4371 F300
G1 X109.187 Y108.227 E38.5378 F300
G1 X109.081 Y109.215 E38.6372 F300
G1 X108.975 Y110.188 E38.7351 F300
G1 X108.870 Y111.145 E38.8313 F300
G1 X108.765 Y112.082 E38.9257 F300
G1 X108.660 Y113.000 E39.0180 F300
G1 X108.556 Y113.896 E39.1082 F300
G1 X108.451 Y114.768 E39.1960 F300
G1 X108.345 Y115.615 E39.2814 F300
G1 X108.239 Y116.435 E39.3641 F300
G1 X108.132 Y117.227 E39.4440 F300
G1 X108.024 Y117.990 E39.5210 F300
G1 X107.914 Y118.721 E39.5950 F300
G1 X107.802 Y119.420 E39.6658 F300
G1 X107.687 Y120.086 E39.7334 F300
G1 X107.570 Y120.717 E39.7975 F300
G1 X107.450 Y121.312 E39.8583 F300
G1 X107.326 Y121.871 E39.9155 F300
G1 X107.199 Y122.391 E39.9691 F300
G1 X107.066 Y122.873 E40.0190 F300
G1 X106.929 Y123.316 E40.0654 F300
G1 X106.787 Y123.718 E40.1081 F300
G1 X106.639 Y124.080 E40.1471 F300
G1 X106.485 Y124.400 E40.1827 F300
G1 X106.324 Y124.678 E40.2148 F300
G1 X106.156 Y124.914 E40.2438 F300
G1 X105.981 Y125.108 E40.2699 F300
G1 X105.798 Y125.259 E40.2936 F300
G1 X105.606 Y125.367 E40.3156 F300
G1 X105.406 Y125.432 E40.3367 F300
G1 X105.196 Y125.454 E40.3578 F300
G1 X104.977 Y125.433 E40.3798 F300
G1 X104.748 Y125.370 E40.4035 F300
G1 X104.510 Y125.265 E40.4296 F300
G1 X104.260 Y125.117 E40.4586 F300
G1 X104.000 Y124.928 E40.4907 F300
G1 X103.729 Y124.698 E40.5263 F300
G1 X103.447 Y124.428 E40.5653 F300
G1 X103.153 Y124.119 E40.6080 F300
G1 X102.848 Y123.770 E40.6543 F300
G1 X102.531 Y123.383 E40.7043 F300
G1 X102.203 Y122.960 E40.7579 F300
G1 X101.863 Y122.500 E40.8151 F300
G1 X101.511 Y122.005 E40.8758 F300
G1 X101.147 Y121.476 E40.9400 F300
G1 X100.772 Y120.914 E41.0076 F300
G1 X100.385 Y120.321 E41.0784 F300
G1 X99.987 Y119.698 E41.1524 F300
G1 X99.578 Y119.045 E41.2294 F300
G1 X99.158 Y118.365 E41.3093 F300
G1 X98.727 Y117.659 E41.3920 F300
G1 X98.287 Y116.928 E41.4774 F300
G1 X97.836 Y116.174 E41.5652 F300
G1 X97.376 Y115.399 E41.6554 F300
G1 X96.907 Y114.603 E41.7477 F300
G1 X96.430 Y113.789 E41.8421 F300
G1 X95.945 Y112.958 E41.9383 F300
G1 X95.452 Y112.112 E42.0362 F300
G1 X94.953 Y111.252 E42.1356 F300
G1 X94.449 Y110.381 E42.2363 F300
G1 X93.939 Y109.500 E42.3381 F300
G1 X93.424 Y108.610 E42.4409 F300
G1 X92.906 Y107.713 E42.5444 F300
G1 X92.386 Y106.812 E42.6486 F300
G1 X91.863 Y105.907 E42.7530 F300
G1 X91.340 Y105.000 E42.8577 F300
G1 X90.816 Y104.093 E42.9624 F300
G1 X90.294 Y103.188 E43.0669 F300
G1 X89.773 Y102.287 E43.1710 F300
G1 X89.256 Y101.390 E43.2746 F300
G1 X88.742 Y100.500 E43.3774 F300
G1 X88.234 Y99.617 E43.4792 F300
G1 X87.732 Y98.744 E43.5799 F300
G1 X87.237 Y97.882 E43.6793 F300
G1 X86.750 Y97.033 E43.7772 F300
G1 X86.273 Y96.197 E43.8734 F300
G1 X85.807 Y95.377 E43.9677 F300
G1 X85.352 Y94.573 E44.0601 F300
G1 X84.911 Y93.787 E44.1503 F300
G1 X84.483 Y93.020 E44.2381 F300
G1 X84.071 Y92.273 E44.3235 F300
G1 X83.674 Y91.547 E44.4062 F300
G1 X83.295 Y90.843 E44.4861 F300
G1 X82.935 Y90.162 E44.5631 F300
G1 X82.594 Y89.506 E44.6371 F300
G1 X82.273 Y88.874 E44.7079 F300
G1 X81.975 Y88.269 E44.7754 F300
G1 X81.698 Y87.689 E44.8396 F300
G1 X81.446 Y87.137 E44.9004 F300
G1 X81.218 Y86.613 E44.9575 F300
G1 X81.015 Y86.116 E45.0112 F300
G1 X80.839 Y85.649 E45.0611 F300
G1 X80.689 Y85.210 E45.1075 F300
G1 X80.568 Y84.801 E45.1501 F300
G1 X80.475 Y84.421 E45.1892 F300
G1 X80.412 Y84.072 E45.2247 F300
G1 X80.378 Y83.752 E45.2569 F300
G1 X80.375 Y83.462 E45.2859 F300
G1 X80.403 Y83.203 E45.3120 F300
G1 X80.463 Y82.973 E45.3357 F300
G1 X80.554 Y82.773 E45.3577 F300
G1 X80.678 Y82.603 E45.3788 F300
G1 X80.835 Y82.462 E45.3998 F300
G1 X81.024 Y82.350 E45.4218 F300
G1 X81.246 Y82.266 E45.4456 F300
G1 X81.502 Y82.211 E45.4717 F300
G1 X81.790 Y82.184 E45.5007 F300
G1 X82.112 Y82.184 E45.5328 F300
G1 X82.466 Y82.210 E45.5684 F300
G1 X82.853 Y82.263 E45.6074 F300
G1 X83.273 Y82.341 E45.6501 F300
G1 X83.724 Y82.444 E45.6964 F300
G1 X84.208 Y82.570 E45.7464 F300
G1 X84.723 Y82.720 E45.8000 F300
G1 X85.268 Y82.892 E45.8572 F300
G1 X85.844 Y83.086 E45.9179 F300
G1 X86.449 Y83.300 E45.9821 F300
G1 X87.082 Y83.534 E46.0497 F300
G1 X87.744 Y83.786 E46.1205 F300
G1 X88.432 Y84.057 E46.1944 F300
G1 X89.147 Y84.344 E46.2715 F300
G1 X89.886 Y84.647 E46.3514 F300
G1 X90.650 Y84.966 E46.4341 F300
G1 X91.436 Y85.298 E46.5194 F300
G1 X92.244 Y85.643 E46.6073 F300
G1 X93.072 Y86.000 E46.6975 F300
G1 X93.919 Y86.368 E46.7898 F300
G1 X94.783 Y86.746 E46.8842 F300
G1 X95.664 Y87.133 E46.9804 F300
G1 X96.560 Y87.528 E47.0783 F300
G1 X97.469 Y87.930 E47.1777 F300
G1 X98.389 Y88.339 E47.2784 F300
G1 X99.320 Y88.752 E47.3802 F300
G1 X100.259 Y89.169 E47.4830 F300
G1 X101.205 Y89.590 E47.5865 F300
G1 X102.156 Y90.014 E47.6906 F300
G1 X103.111 Y90.439 E47.7951 F300
G1 X104.067 Y90.865 E47.8998 F300
G1 X105.024 Y91.290 E48.0045 F300
G1 X105.978 Y91.715 E48.1090 F300
G1 X106.929 Y92.139 E48.2131 F300
G1 X107.875 Y92.560 E48.3167 F300
G1 X108.814 Y92.979 E48.4194 F300
G1 X109.744 Y93.394 E48.5213 F300
G1 X110.663 Y93.805 E48.6220 F300
G1 X111.570 Y94.211 E48.7214 F300
G1 X112.463 Y94.612 E48.8192 F300
G1 X113.340 Y95.008 E48.9155 F300
G1 X114.200 Y95.398 E49.0098 F300
G1 X115.040 Y95.781 E49.1022 F300
G1 X115.859 Y96.157 E49.1924 F300
G1 X116.656 Y96.527 E49.2802 F300
G1 X117.429 Y96.889 E49.3655 F300
G1 X118.177 Y97.243 E49.4483 F300
G1 X118.897 Y97.590 E49.5282 F300
G1 X119.588 Y97.928 E49.6052 F300
G1 X120.250 Y98.259 E49.6792 F300
G1 X120.881 Y98.581 E49.7500 F300
G1 X121.478 Y98.896 E49.8175 F300
G1 X122.042 Y99.202 E49.8817 F300
G1 X122.571 Y99.500 E49.9424 F300
G1 X123.064 Y99.791 E49.9996 F300
G1 X123.520 Y100.073 E50.0532 F300
G1 X123.937 Y100.348 E50.1032 F300
G1 X124.316 Y100.615 E50.1495 F300
G1 X124.655 Y100.874 E50.1922 F300
G1 X124.953 Y101.127 E50.2313 F300
G1 X125.210 Y101.372 E50.2668 F300
G1 X125.425 Y101.611 E50.2990 F300
G1 X125.597 Y101.844 E50.3279 F300
G1 X125.727 Y102.071 E50.3541 F300
G1 X125.814 Y102.291 E50.3778 F300
G1 X125.858 Y102.507 E50.3998 F300
G1 X125.858 Y102.718 E50.4209 F300
G1 E48.9209 F1200   ; Retract

; *** MATERIAL SWITCH: A → B ***
; >>> PAUSE: Switch to syringe B <<<
M0               ; Pause for syringe swap
; >>> SYRINGE: Material B <<<

; === LAYER 3/10 (Z=6.0mm, θ=12.0°, Material B) ===
G1 Z7.00 F600   ; Z-hop
G1 X125.432 Y105.406 F1200   ; Travel to start
G1 Z6.00 F300   ; Lower to layer height
G1 E50.4209 F1200   ; Prime
G1 X125.367 Y105.606 E50.4419 F300
G1 X125.259 Y105.798 E50.4639 F300
G1 X125.108 Y105.981 E50.4877 F300
G1 X124.914 Y106.156 E50.5138 F300
G1 X124.678 Y106.324 E50.5428 F300
G1 X124.400 Y106.485 E50.5749 F300
G1 X124.080 Y106.639 E50.6104 F300
G1 X123.718 Y106.787 E50.6495 F300
G1 X123.316 Y106.929 E50.6922 F300
G1 X122.873 Y107.066 E50.7385 F300
G1 X122.391 Y107.199 E50.7885 F300
G1 X121.871 Y107.326 E50.8421 F300
G1 X121.312 Y107.450 E50.8993 F300
G1 X120.717 Y107.570 E50.9600 F300
G1 X120.086 Y107.687 E51.0242 F300
G1 X119.420 Y107.802 E51.0917 F300
G1 X118.721 Y107.914 E51.1626 F300
G1 X117.990 Y108.024 E51.2365 F300
G1 X117.227 Y108.132 E51.3135 F300
G1 X116.435 Y108.239 E51.3935 F300
G1 X115.615 Y108.345 E51.4762 F300
G1 X114.768 Y108.451 E51.5615 F300
G1 X113.896 Y108.556 E51.6494 F300
G1 X113.000 Y108.660 E51.7395 F300
G1 X112.082 Y108.765 E51.8319 F300
G1 X111.145 Y108.870 E51.9263 F300
G1 X110.188 Y108.975 E52.0225 F300
G1 X109.215 Y109.081 E52.1204 F300
G1 X108.227 Y109.187 E52.2198 F300
G1 X107.226 Y109.294 E52.3205 F300
G1 X106.213 Y109.401 E52.4223 F300
G1 X105.191 Y109.509 E52.5251 F300
G1 X104.161 Y109.618 E52.6286 F300
G1 X103.126 Y109.727 E52.7327 F300
G1 X102.086 Y109.836 E52.8372 F300
G1 X101.045 Y109.945 E52.9419 F300
G1 X100.004 Y110.055 E53.0466 F300
G1 X98.965 Y110.164 E53.1511 F300
G1 X97.929 Y110.273 E53.2552 F300
G1 X96.900 Y110.381 E53.3587 F300
G1 X95.877 Y110.488 E53.4615 F300
G1 X94.865 Y110.593 E53.5634 F300
G1 X93.863 Y110.697 E53.6641 F300
G1 X92.874 Y110.798 E53.7634 F300
G1 X91.900 Y110.897 E53.8613 F300
G1 X90.943 Y110.993 E53.9575 F300
G1 X90.004 Y111.086 E54.0519 F300
G1 X89.085 Y111.174 E54.1443 F300
G1 X88.187 Y111.258 E54.2344 F300
G1 X87.312 Y111.336 E54.3223 F300
G1 X86.462 Y111.409 E54.4076 F300
G1 X85.637 Y111.476 E54.4903 F300
G1 X84.840 Y111.536 E54.5703 F300
G1 X84.072 Y111.588 E54.6473 F300
G1 X83.333 Y111.633 E54.7213 F300
G1 X82.626 Y111.669 E54.7921 F300
G1 X81.951 Y111.695 E54.8596 F300
G1 X81.310 Y111.712 E54.9238 F300
G1 X80.702 Y111.718 E54.9845 F300
G1 X80.130 Y111.713 E55.0417 F300
G1 X79.595 Y111.697 E55.0953 F300
G1 X79.096 Y111.668 E55.1453 F300
G1 X78.634 Y111.626 E55.1916 F300
G1 X78.211 Y111.570 E55.2343 F300
G1 X77.827 Y111.501 E55.2734 F300
G1 X77.482 Y111.416 E55.3089 F300
G1 X77.176 Y111.317 E55.3411 F300
G1 X76.910 Y111.202 E55.3700 F300
G1 X76.684 Y111.071 E55.3962 F300
G1 X76.498 Y110.923 E55.4199 F300
G1 X76.353 Y110.758 E55.4419 F300
G1 X76.248 Y110.575 E55.4630 F300
G1 X76.183 Y110.375 E55.4840 F300
G1 X76.157 Y110.156 E55.5060 F300
G1 X76.172 Y109.919 E55.5297 F300
G1 X76.225 Y109.664 E55.5559 F300
G1 X76.318 Y109.389 E55.5848 F300
G1 X76.448 Y109.095 E55.6170 F300
G1 X76.617 Y108.783 E55.6525 F300
G1 X76.822 Y108.450 E55.6916 F300
G1 X77.064 Y108.099 E55.7343 F300
G1 X77.342 Y107.728 E55.7806 F300
G1 X77.654 Y107.338 E55.8306 F300
G1 X78.000 Y106.928 E55.8842 F300
G1 X78.379 Y106.500 E55.9414 F300
G1 X78.790 Y106.053 E56.0021 F300
G1 X79.232 Y105.587 E56.0663 F300
G1 X79.703 Y105.103 E56.1338 F300
G1 X80.203 Y104.602 E56.2046 F300
G1 X80.730 Y104.083 E56.2786 F300
G1 X81.283 Y103.547 E56.3556 F300
G1 X81.861 Y102.995 E56.4356 F300
G1 X82.462 Y102.427 E56.5183 F300
G1 X83.086 Y101.844 E56.6036 F300
G1 X83.729 Y101.246 E56.6915 F300
G1 X84.392 Y100.635 E56.7816 F300
G1 X85.073 Y100.011 E56.8740 F300
G1 X85.770 Y99.375 E56.9684 F300
G1 X86.482 Y98.727 E57.0646 F300
G1 X87.207 Y98.070 E57.1625 F300
G1 X87.944 Y97.403 E57.2618 F300
G1 X88.692 Y96.728 E57.3625 F300
G1 X89.448 Y96.046 E57.4644 F300
G1 X90.211 Y95.358 E57.5672 F300
G1 X90.981 Y94.665 E57.6707 F300
G1 X91.754 Y93.968 E57.7748 F300
G1 X92.531 Y93.269 E57.8793 F300
G1 X93.309 Y92.569 E57.9840 F300
G1 X94.087 Y91.868 E58.0887 F300
G1 X94.863 Y91.169 E58.1932 F300
G1 X95.637 Y90.472 E58.2973 F300
G1 X96.407 Y89.780 E58.4008 F300
G1 X97.171 Y89.092 E58.5036 F300
G1 X97.928 Y88.412 E58.6055 F300
G1 X98.678 Y87.739 E58.7061 F300
G1 X99.418 Y87.076 E58.8055 F300
G1 X100.147 Y86.423 E58.9034 F300
G1 X100.866 Y85.783 E58.9996 F300
G1 X101.571 Y85.156 E59.0940 F300
G1 X102.263 Y84.544 E59.1864 F300
G1 X102.940 Y83.949 E59.2765 F300
G1 X103.602 Y83.371 E59.3644 F300
G1 X104.247 Y82.812 E59.4497 F300
G1 X104.874 Y82.273 E59.5324 F300
G1 X105.484 Y81.756 E59.6124 F300
G1 X106.075 Y81.262 E59.6894 F300
G1 X106.646 Y80.792 E59.7633 F300
G1 X107.197 Y80.348 E59.8342 F300
G1 X107.727 Y79.929 E59.9017 F300
G1 X108.237 Y79.539 E59.9659 F300
G1 X108.724 Y79.177 E60.0266 F300
G1 X109.190 Y78.845 E60.0838 F300
G1 X109.633 Y78.543 E60.1374 F300
G1 X110.054 Y78.273 E60.1874 F300
G1 X110.452 Y78.036 E60.2337 F300
G1 X110.827 Y77.832 E60.2764 F300
G1 X111.179 Y77.663 E60.3155 F300
G1 X111.507 Y77.528 E60.3510 F300
G1 X111.813 Y77.429 E60.3832 F300
G1 X112.096 Y77.366 E60.4121 F300
G1 X112.356 Y77.339 E60.4382 F300
G1 X112.593 Y77.350 E60.4620 F300
G1 X112.808 Y77.398 E60.4840 F300
G1 X113.000 Y77.483 E60.5050 F300
G1 X113.170 Y77.607 E60.5261 F300
G1 X113.319 Y77.769 E60.5481 F300
G1 X113.447 Y77.969 E60.5718 F300
G1 X113.554 Y78.207 E60.5980 F300
G1 X113.641 Y78.484 E60.6269 F300
G1 X113.708 Y78.798 E60.6591 F300
G1 X113.755 Y79.150 E60.6946 F300
G1 X113.784 Y79.540 E60.7337 F300
G1 X113.795 Y79.967 E60.7764 F300
G1 X113.789 Y80.430 E60.8227 F300
G1 X113.766 Y80.929 E60.8727 F300
G1 X113.726 Y81.464 E60.9263 F300
G1 X113.671 Y82.033 E60.9835 F300
G1 X113.602 Y82.636 E61.0442 F300
G1 X113.518 Y83.273 E61.1084 F300
G1 X113.421 Y83.941 E61.1759 F300
G1 X113.311 Y84.641 E61.2467 F300
G1 X113.190 Y85.370 E61.3207 F300
G1 X113.057 Y86.129 E61.3977 F300
G1 X112.914 Y86.915 E61.4776 F300
G1 X112.762 Y87.728 E61.5604 F300
G1 X112.600 Y88.566 E61.6457 F300
G1 X112.431 Y89.428 E61.7335 F300
G1 X112.254 Y90.312 E61.8237 F300
G1 X112.070 Y91.217 E61.9161 F300
G1 X111.880 Y92.142 E62.0104 F300
G1 X111.684 Y93.084 E62.1067 F300
G1 X111.484 Y94.042 E62.2045 F300
G1 X111.280 Y95.015 E62.3039 F300
G1 X111.072 Y96.000 E62.4046 F300
G1 X110.861 Y96.996 E62.5065 F300
G1 X110.648 Y98.002 E62.6092 F300
G1 X110.433 Y99.015 E62.7128 F300
G1 X110.216 Y100.033 E62.8169 F300
G1 X109.999 Y101.055 E62.9214 F300
G1 X109.781 Y102.079 E63.0261 F300
G1 X109.564 Y103.103 E63.1308 F300
G1 X109.347 Y104.125 E63.2353 F300
G1 X109.130 Y105.144 E63.3394 F300
G1 X108.914 Y106.156 E63.4429 F300
G1 X108.700 Y107.162 E63.5457 F300
G1 X108.488 Y108.157 E63.6475 F300
G1 X108.277 Y109.142 E63.7482 F300
G1 X108.068 Y110.114 E63.8476 F300
G1 X107.861 Y111.071 E63.9455 F300
G1 X107.656 Y112.011 E64.0417 F300
G1 X107.454 Y112.932 E64.1361 F300
G1 X107.254 Y113.834 E64.2284 F300
G1 X107.056 Y114.714 E64.3186 F300
G1 X106.861 Y115.570 E64.4065 F300
G1 X106.667 Y116.401 E64.4918 F300
G1 X106.476 Y117.206 E64.5745 F300
G1 X106.287 Y117.983 E64.6544 F300
G1 X106.099 Y118.730 E64.7315 F300
G1 X105.913 Y119.446 E64.8054 F300
G1 X105.729 Y120.129 E64.8762 F300
G1 X105.546 Y120.779 E64.9438 F300
G1 X105.363 Y121.395 E65.0080 F300
G1 X105.181 Y121.974 E65.0687 F300
G1 X105.000 Y122.517 E65.1259 F300
G1 X104.819 Y123.021 E65.1795 F300
G1 X104.637 Y123.487 E65.2295 F300
G1 X104.454 Y123.912 E65.2758 F300
G1 X104.271 Y124.298 E65.3185 F300
G1 X104.086 Y124.642 E65.3576 F300
G1 X103.899 Y124.944 E65.3931 F300
G1 X103.710 Y125.204 E65.4252 F300
G1 X103.518 Y125.421 E65.4542 F300
G1 X103.324 Y125.596 E65.4803 F300
G1 X103.126 Y125.727 E65.5041 F300
G1 X102.924 Y125.814 E65.5261 F300
G1 X102.718 Y125.858 E65.5471 F300
G1 X102.507 Y125.858 E65.5682 F300
G1 X102.291 Y125.814 E65.5902 F300
G1 X102.071 Y125.727 E65.6139 F300
G1 X101.844 Y125.597 E65.6400 F300
G1 X101.611 Y125.425 E65.6690 F300
G1 X101.372 Y125.210 E65.7012 F300
G1 X101.127 Y124.953 E65.7367 F300
G1 X100.874 Y124.655 E65.7758 F300
G1 X100.615 Y124.316 E65.8184 F300
G1 X100.348 Y123.937 E65.8648 F300
G1 X100.073 Y123.520 E65.9147 F300
G1 X99.791 Y123.064 E65.9684 F300
G1 X99.500 Y122.571 E66.0256 F300
G1 X99.202 Y122.042 E66.0863 F300
G1 X98.896 Y121.478 E66.1505 F300
G1 X98.581 Y120.881 E66.2180 F300
G1 X98.259 Y120.250 E66.2888 F300
G1 X97.928 Y119.588 E66.3628 F300
G1 X97.590 Y118.897 E66.4398 F300
G1 X97.243 Y118.177 E66.5197 F300
G1 X96.889 Y117.429 E66.6024 F300
G1 X96.527 Y116.656 E66.6878 F300
G1 X96.157 Y115.859 E66.7756 F300
G1 X95.781 Y115.040 E66.8658 F300
G1 X95.398 Y114.200 E66.9582 F300
G1 X95.008 Y113.340 E67.0525 F300
G1 X94.612 Y112.463 E67.1487 F300
G1 X94.211 Y111.570 E67.2466 F300
G1 X93.805 Y110.663 E67.3460 F300
G1 X93.394 Y109.744 E67.4467 F300
G1 X92.979 Y108.814 E67.5485 F300
G1 X92.560 Y107.875 E67.6513 F300
G1 X92.139 Y106.929 E67.7549 F300
G1 X91.715 Y105.978 E67.8590 F300
G1 X91.290 Y105.024 E67.9635 F300
G1 X90.865 Y104.067 E68.0682 F300
G1 X90.439 Y103.111 E68.1729 F300
G1 X90.014 Y102.156 E68.2774 F300
G1 X89.590 Y101.205 E68.3815 F300
G1 X89.169 Y100.259 E68.4850 F300
G1 X88.752 Y99.320 E68.5878 F300
G1 X88.339 Y98.389 E68.6896 F300
G1 X87.930 Y97.469 E68.7903 F300
G1 X87.528 Y96.560 E68.8897 F300
G1 X87.133 Y95.664 E68.9876 F300
G1 X86.746 Y94.783 E69.0838 F300
G1 X86.368 Y93.919 E69.1782 F300
G1 X86.000 Y93.072 E69.2705 F300
G1 X85.643 Y92.244 E69.3607 F300
G1 X85.298 Y91.436 E69.4485 F300
G1 X84.966 Y90.650 E69.5339 F300
G1 X84.647 Y89.886 E69.6166 F300
G1 X84.344 Y89.147 E69.6965 F300
G1 X84.057 Y88.432 E69.7735 F300
G1 X83.786 Y87.744 E69.8475 F300
G1 X83.534 Y87.082 E69.9183 F300
G1 X83.300 Y86.449 E69.9859 F300
G1 X83.086 Y85.844 E70.0501 F300
G1 X82.892 Y85.268 E70.1108 F300
G1 X82.720 Y84.723 E70.1680 F300
G1 X82.570 Y84.208 E70.2216 F300
G1 X82.444 Y83.724 E70.2716 F300
G1 X82.341 Y83.273 E70.3179 F300
G1 X82.263 Y82.853 E70.3606 F300
G1 X82.210 Y82.466 E70.3996 F300
G1 X82.184 Y82.112 E70.4352 F300
G1 X82.184 Y81.790 E70.4673 F300
G1 X82.211 Y81.502 E70.4963 F300
G1 X82.266 Y81.246 E70.5224 F300
G1 X82.350 Y81.024 E70.5462 F300
G1 X82.462 Y80.835 E70.5681 F300
G1 X82.603 Y80.678 E70.5892 F300
G1 X82.773 Y80.554 E70.6103 F300
G1 X82.973 Y80.463 E70.6323 F300
G1 X83.203 Y80.403 E70.6560 F300
G1 X83.462 Y80.375 E70.6821 F300
G1 X83.752 Y80.378 E70.7111 F300
G1 X84.072 Y80.412 E70.7432 F300
G1 X84.421 Y80.475 E70.7788 F300
G1 X84.801 Y80.568 E70.8179 F300
G1 X85.210 Y80.689 E70.8605 F300
G1 X85.649 Y80.839 E70.9069 F300
G1 X86.116 Y81.015 E70.9568 F300
G1 X86.613 Y81.218 E71.0104 F300
G1 X87.137 Y81.446 E71.0676 F300
G1 X87.689 Y81.698 E71.1284 F300
G1 X88.269 Y81.975 E71.1925 F300
G1 X88.874 Y82.273 E71.2601 F300
G1 X89.506 Y82.594 E71.3309 F300
G1 X90.162 Y82.935 E71.4049 F300
G1 X90.843 Y83.295 E71.4819 F300
G1 X91.547 Y83.674 E71.5618 F300
G1 X92.273 Y84.071 E71.6445 F300
G1 X93.020 Y84.483 E71.7299 F300
G1 X93.787 Y84.911 E71.8177 F300
G1 X94.573 Y85.352 E71.9079 F300
G1 X95.377 Y85.807 E72.0002 F300
G1 X96.197 Y86.273 E72.0946 F300
G1 X97.033 Y86.750 E72.1908 F300
G1 X97.882 Y87.237 E72.2887 F300
G1 X98.744 Y87.732 E72.3881 F300
G1 X99.617 Y88.234 E72.4888 F300
G1 X100.500 Y88.742 E72.5906 F300
G1 X101.390 Y89.256 E72.6934 F300
G1 X102.287 Y89.773 E72.7970 F300
G1 X103.188 Y90.294 E72.9011 F300
G1 X104.093 Y90.816 E73.0056 F300
G1 X105.000 Y91.340 E73.1103 F300
G1 X105.907 Y91.863 E73.2149 F300
G1 X106.812 Y92.386 E73.3194 F300
G1 X107.713 Y92.906 E73.4236 F300
G1 X108.610 Y93.424 E73.5271 F300
G1 X109.500 Y93.939 E73.6299 F300
G1 X110.381 Y94.449 E73.7317 F300
G1 X111.252 Y94.953 E73.8324 F300
G1 X112.112 Y95.452 E73.9318 F300
G1 X112.958 Y95.945 E74.0297 F300
G1 X113.789 Y96.430 E74.1259 F300
G1 X114.603 Y96.907 E74.2203 F300
G1 X115.399 Y97.376 E74.3126 F300
G1 X116.174 Y97.836 E74.4028 F300
G1 X116.928 Y98.287 E74.4906 F300
G1 X117.659 Y98.727 E74.5760 F300
G1 X118.365 Y99.158 E74.6587 F300
G1 X119.045 Y99.578 E74.7386 F300
G1 X119.698 Y99.987 E74.8156 F300
G1 X120.321 Y100.385 E74.8896 F300
G1 X120.914 Y100.772 E74.9604 F300
G1 X121.476 Y101.147 E75.0280 F300
G1 X122.005 Y101.511 E75.0921 F300
G1 X122.500 Y101.863 E75.1529 F300
G1 X122.960 Y102.203 E75.2101 F300
G1 X123.383 Y102.531 E75.2637 F300
G1 X123.770 Y102.848 E75.3137 F300
G1 X124.119 Y103.153 E75.3600 F300
G1 X124.428 Y103.447 E75.4027 F300
G1 X124.698 Y103.729 E75.4417 F300
G1 X124.928 Y104.000 E75.4773 F300
G1 X125.117 Y104.260 E75.5094 F300
G1 X125.265 Y104.510 E75.5384 F300
G1 X125.370 Y104.748 E75.5645 F300
G1 X125.433 Y104.977 E75.5882 F300
G1 X125.454 Y105.196 E75.6102 F300
G1 X125.432 Y105.406 E75.6313 F300
G1 E74.1313 F1200   ; Retract

; === LAYER 4/10 (Z=8.0mm, θ=18.0°, Material B) ===
G1 Z9.00 F600   ; Z-hop
G1 X124.727 Y108.034 F1200   ; Travel to start
G1 Z8.00 F300   ; Lower to layer height
G1 E75.6313 F1200   ; Prime
G1 X124.642 Y108.227 E75.6524 F300
G1 X124.514 Y108.406 E75.6744 F300
G1 X124.345 Y108.573 E75.6981 F300
G1 X124.134 Y108.727 E75.7242 F300
G1 X123.882 Y108.869 E75.7532 F300
G1 X123.588 Y109.000 E75.7853 F300
G1 X123.254 Y109.120 E75.8209 F300
G1 X122.879 Y109.229 E75.8599 F300
G1 X122.464 Y109.329 E75.9026 F300
G1 X122.009 Y109.419 E75.9489 F300
G1 X121.516 Y109.500 E75.9989 F300
G1 X120.985 Y109.572 E76.0525 F300
G1 X120.417 Y109.637 E76.1097 F300
G1 X119.812 Y109.694 E76.1705 F300
G1 X119.172 Y109.745 E76.2346 F300
G1 X118.498 Y109.789 E76.3022 F300
G1 X117.791 Y109.827 E76.3730 F300
G1 X117.052 Y109.860 E76.4470 F300
G1 X116.283 Y109.888 E76.5240 F300
G1 X115.484 Y109.912 E76.6039 F300
G1 X114.657 Y109.932 E76.6866 F300
G1 X113.804 Y109.948 E76.7720 F300
G1 X112.925 Y109.961 E76.8598 F300
G1 X112.024 Y109.972 E76.9500 F300
G1 X111.100 Y109.980 E77.0423 F300
G1 X110.156 Y109.986 E77.1367 F300
G1 X109.194 Y109.991 E77.2329 F300
G1 X108.215 Y109.994 E77.3308 F300
G1 X107.222 Y109.997 E77.4302 F300
G1 X106.215 Y109.998 E77.5309 F300
G1 X105.196 Y109.999 E77.6327 F300
G1 X104.168 Y110.000 E77.7355 F300
G1 X103.133 Y110.000 E77.8390 F300
G1 X102.092 Y110.000 E77.9432 F300
G1 X101.047 Y110.000 E78.0477 F300
G1 X100.000 Y110.000 E78.1523 F300
G1 X98.953 Y110.000 E78.2570 F300
G1 X97.908 Y110.000 E78.3615 F300
G1 X96.867 Y110.000 E78.4656 F300
G1 X95.832 Y110.000 E78.5692 F300
G1 X94.804 Y109.999 E78.6720 F300
G1 X93.785 Y109.998 E78.7738 F300
G1 X92.778 Y109.997 E78.8745 F300
G1 X91.785 Y109.994 E78.9739 F300
G1 X90.806 Y109.991 E79.0718 F300
G1 X89.844 Y109.986 E79.1680 F300
G1 X88.900 Y109.980 E79.2623 F300
G1 X87.976 Y109.972 E79.3547 F300
G1 X87.075 Y109.961 E79.4449 F300
G1 X86.196 Y109.948 E79.5327 F300
G1 X85.343 Y109.932 E79.6181 F300
G1 X84.516 Y109.912 E79.7008 F300
G1 X83.717 Y109.888 E79.7807 F300
G1 X82.948 Y109.860 E79.8577 F300
G1 X82.209 Y109.827 E79.9317 F300
G1 X81.502 Y109.789 E80.0025 F300
G1 X80.828 Y109.745 E80.0701 F300
G1 X80.188 Y109.694 E80.1342 F300
G1 X79.583 Y109.637 E80.1950 F300
G1 X79.015 Y109.572 E80.2522 F300
G1 X78.484 Y109.500 E80.3058 F300
G1 X77.991 Y109.419 E80.3557 F300
G1 X77.536 Y109.329 E80.4021 F300
G1 X77.121 Y109.229 E80.4447 F300
G1 X76.746 Y109.120 E80.4838 F300
G1 X76.412 Y109.000 E80.5194 F300
G1 X76.118 Y108.869 E80.5515 F300
G1 X75.866 Y108.727 E80.5805 F300
G1 X75.655 Y108.573 E80.6066 F300
G1 X75.486 Y108.406 E80.6303 F300
G1 X75.358 Y108.227 E80.6523 F300
G1 X75.273 Y108.034 E80.6734 F300
G1 X75.229 Y107.828 E80.6944 F300
G1 X75.226 Y107.608 E80.7164 F300
G1 X75.265 Y107.374 E80.7402 F300
G1 X75.345 Y107.126 E80.7663 F300
G1 X75.466 Y106.862 E80.7953 F300
G1 X75.626 Y106.584 E80.8274 F300
G1 X75.827 Y106.290 E80.8630 F300
G1 X76.066 Y105.981 E80.9020 F300
G1 X76.343 Y105.657 E80.9447 F300
G1 X76.658 Y105.317 E80.9910 F300
G1 X77.009 Y104.962 E81.0410 F300
G1 X77.396 Y104.591 E81.0946 F300
G1 X77.818 Y104.204 E81.1518 F300
G1 X78.273 Y103.803 E81.2125 F300
G1 X78.761 Y103.386 E81.2767 F300
G1 X79.281 Y102.954 E81.3443 F300
G1 X79.830 Y102.507 E81.4151 F300
G1 X80.409 Y102.046 E81.4891 F300
G1 X81.015 Y101.571 E81.5661 F300
G1 X81.647 Y101.082 E81.6460 F300
G1 X82.305 Y100.580 E81.7287 F300
G1 X82.985 Y100.065 E81.8141 F300
G1 X83.688 Y99.539 E81.9019 F300
G1 X84.412 Y99.000 E81.9921 F300
G1 X85.154 Y98.450 E82.0844 F300
G1 X85.914 Y97.891 E82.1788 F300
G1 X86.689 Y97.321 E82.2750 F300
G1 X87.479 Y96.743 E82.3729 F300
G1 X88.282 Y96.157 E82.4723 F300
G1 X89.096 Y95.564 E82.5730 F300
G1 X89.919 Y94.965 E82.6748 F300
G1 X90.750 Y94.360 E82.7776 F300
G1 X91.588 Y93.751 E82.8811 F300
G1 X92.430 Y93.139 E82.9852 F300
G1 X93.275 Y92.525 E83.0897 F300
G1 X94.122 Y91.910 E83.1944 F300
G1 X94.969 Y91.294 E83.2991 F300
G1 X95.814 Y90.680 E83.4036 F300
G1 X96.657 Y90.068 E83.5077 F300
G1 X97.495 Y89.460 E83.6113 F300
G1 X98.326 Y88.856 E83.7141 F300
G1 X99.151 Y88.258 E83.8159 F300
G1 X99.966 Y87.668 E83.9166 F300
G1 X100.772 Y87.086 E84.0160 F300
G1 X101.566 Y86.513 E84.1139 F300
G1 X102.347 Y85.951 E84.2101 F300
G1 X103.114 Y85.402 E84.3044 F300
G1 X103.866 Y84.865 E84.3968 F300
G1 X104.602 Y84.344 E84.4870 F300
G1 X105.320 Y83.838 E84.5748 F300
G1 X106.020 Y83.350 E84.6602 F300
G1 X106.701 Y82.880 E84.7429 F300
G1 X107.361 Y82.430 E84.8228 F300
G1 X108.000 Y82.000 E84.8998 F300
G1 X108.617 Y81.592 E84.9738 F300
G1 X109.212 Y81.208 E85.0446 F300
G1 X109.783 Y80.847 E85.1121 F300
G1 X110.330 Y80.512 E85.1763 F300
G1 X110.853 Y80.203 E85.2370 F300
G1 X111.351 Y79.921 E85.2942 F300
G1 X111.823 Y79.668 E85.3479 F300
G1 X112.270 Y79.443 E85.3978 F300
G1 X112.690 Y79.249 E85.4442 F300
G1 X113.085 Y79.086 E85.4868 F300
G1 X113.452 Y78.954 E85.5259 F300
G1 X113.793 Y78.854 E85.5614 F300
G1 X114.108 Y78.787 E85.5936 F300
G1 X114.396 Y78.754 E85.6226 F300
G1 X114.657 Y78.755 E85.6487 F300
G1 X114.892 Y78.790 E85.6724 F300
G1 X115.100 Y78.860 E85.6944 F300
G1 X115.282 Y78.966 E85.7155 F300
G1 X115.439 Y79.106 E85.7365 F300
G1 X115.570 Y79.283 E85.7585 F300
G1 X115.676 Y79.495 E85.7823 F300
G1 X115.758 Y79.744 E85.8084 F300
G1 X115.815 Y80.028 E85.8374 F300
G1 X115.849 Y80.347 E85.8695 F300
G1 X115.859 Y80.702 E85.9050 F300
G1 X115.847 Y81.093 E85.9441 F300
G1 X115.814 Y81.518 E85.9868 F300
G1 X115.759 Y81.978 E86.0331 F300
G1 X115.684 Y82.472 E86.0831 F300
G1 X115.588 Y83.000 E86.1367 F300
G1 X115.474 Y83.560 E86.1939 F300
G1 X115.342 Y84.153 E86.2546 F300
G1 X115.192 Y84.777 E86.3188 F300
G1 X115.026 Y85.432 E86.3864 F300
G1 X114.844 Y86.116 E86.4572 F300
G1 X114.647 Y86.829 E86.5311 F300
G1 X114.436 Y87.570 E86.6082 F300
G1 X114.211 Y88.337 E86.6881 F300
G1 X113.975 Y89.130 E86.7708 F300
G1 X113.727 Y89.946 E86.8561 F300
G1 X113.468 Y90.786 E86.9440 F300
G1 X113.199 Y91.646 E87.0342 F300
G1 X112.922 Y92.527 E87.1265 F300
G1 X112.636 Y93.427 E87.2209 F300
G1 X112.343 Y94.343 E87.3171 F300
G1 X112.044 Y95.275 E87.4150 F300
G1 X111.739 Y96.221 E87.5144 F300
G1 X111.429 Y97.179 E87.6151 F300
G1 X111.115 Y98.148 E87.7169 F300
G1 X110.798 Y99.126 E87.8197 F300
G1 X110.479 Y100.110 E87.9232 F300
G1 X110.157 Y101.101 E88.0273 F300
G1 X109.834 Y102.095 E88.1318 F300
G1 X109.511 Y103.090 E88.2365 F300
G1 X109.187 Y104.086 E88.3412 F300
G1 X108.864 Y105.080 E88.4457 F300
G1 X108.542 Y106.070 E88.5498 F300
G1 X108.222 Y107.054 E88.6534 F300
G1 X107.904 Y108.032 E88.7561 F300
G1 X107.588 Y109.000 E88.8580 F300
G1 X107.276 Y109.957 E88.9587 F300
G1 X106.967 Y110.902 E89.0581 F300
G1 X106.661 Y111.832 E89.1559 F300
G1 X106.359 Y112.745 E89.2522 F300
G1 X106.061 Y113.641 E89.3465 F300
G1 X105.768 Y114.516 E89.4389 F300
G1 X105.479 Y115.371 E89.5291 F300
G1 X105.195 Y116.202 E89.6169 F300
G1 X104.916 Y117.009 E89.7022 F300
G1 X104.642 Y117.789 E89.7849 F300
G1 X104.373 Y118.541 E89.8649 F300
G1 X104.108 Y119.265 E89.9419 F300
G1 X103.848 Y119.957 E90.0159 F300
G1 X103.593 Y120.618 E90.0867 F300
G1 X103.343 Y121.245 E90.1542 F300
G1 X103.097 Y121.838 E90.2184 F300
G1 X102.856 Y122.395 E90.2791 F300
G1 X102.619 Y122.916 E90.3363 F300
G1 X102.386 Y123.399 E90.3899 F300
G1 X102.156 Y123.843 E90.4399 F300
G1 X101.930 Y124.247 E90.4862 F300
G1 X101.708 Y124.611 E90.5289 F300
G1 X101.488 Y124.934 E90.5680 F300
G1 X101.270 Y125.215 E90.6035 F300
G1 X101.055 Y125.454 E90.6357 F300
G1 X100.842 Y125.650 E90.6646 F300
G1 X100.630 Y125.803 E90.6908 F300
G1 X100.419 Y125.912 E90.7145 F300
G1 X100.210 Y125.978 E90.7365 F300
G1 X100.000 Y126.000 E90.7576 F300
G1 X99.790 Y125.978 E90.7786 F300
G1 X99.581 Y125.912 E90.8006 F300
G1 X99.370 Y125.803 E90.8244 F300
G1 X99.158 Y125.650 E90.8505 F300
G1 X98.945 Y125.454 E90.8794 F300
G1 X98.730 Y125.215 E90.9116 F300
G1 X98.512 Y124.934 E90.9471 F300
G1 X98.292 Y124.611 E90.9862 F300
G1 X98.070 Y124.247 E91.0289 F300
G1 X97.844 Y123.843 E91.0752 F300
G1 X97.614 Y123.399 E91.1252 F300
G1 X97.381 Y122.916 E91.1788 F300
G1 X97.144 Y122.395 E91.2360 F300
G1 X96.903 Y121.838 E91.2967 F300
G1 X96.657 Y121.245 E91.3609 F300
G1 X96.407 Y120.618 E91.4284 F300
G1 X96.152 Y119.957 E91.4993 F300
G1 X95.892 Y119.265 E91.5732 F300
G1 X95.627 Y118.541 E91.6502 F300
G1 X95.358 Y117.789 E91.7302 F300
G1 X95.084 Y117.009 E91.8129 F300
G1 X94.805 Y116.202 E91.8982 F300
G1 X94.521 Y115.371 E91.9861 F300
G1 X94.232 Y114.516 E92.0762 F300
G1 X93.939 Y113.641 E92.1686 F300
G1 X93.641 Y112.745 E92.2630 F300
G1 X93.339 Y111.832 E92.3592 F300
G1 X93.033 Y110.902 E92.4571 F300
G1 X92.724 Y109.957 E92.5564 F300
G1 X92.412 Y109.000 E92.6571 F300
G1 X92.096 Y108.032 E92.7590 F300
G1 X91.778 Y107.054 E92.8618 F300
G1 X91.458 Y106.070 E92.9653 F300
G1 X91.136 Y105.080 E93.0694 F300
G1 X90.813 Y104.086 E93.1739 F300
G1 X90.489 Y103.090 E93.2786 F300
G1 X90.166 Y102.095 E93.3833 F300
G1 X89.843 Y101.101 E93.4878 F300
G1 X89.521 Y100.110 E93.5919 F300
G1 X89.202 Y99.126 E93.6954 F300
G1 X88.885 Y98.148 E93.7982 F300
G1 X88.571 Y97.179 E93.9001 F300
G1 X88.261 Y96.221 E94.0008 F300
G1 X87.956 Y95.275 E94.1001 F300
G1 X87.657 Y94.343 E94.1980 F300
G1 X87.364 Y93.427 E94.2942 F300
G1 X87.078 Y92.527 E94.3886 F300
G1 X86.801 Y91.646 E94.4810 F300
G1 X86.532 Y90.786 E94.5711 F300
G1 X86.273 Y89.946 E94.6590 F300
G1 X86.025 Y89.130 E94.7443 F300
G1 X85.789 Y88.337 E94.8270 F300
G1 X85.564 Y87.570 E94.9070 F300
G1 X85.353 Y86.829 E94.9840 F300
G1 X85.156 Y86.116 E95.0580 F300
G1 X84.974 Y85.432 E95.1288 F300
G1 X84.808 Y84.777 E95.1963 F300
G1 X84.658 Y84.153 E95.2605 F300
G1 X84.526 Y83.560 E95.3212 F300
G1 X84.412 Y83.000 E95.3784 F300
G1 X84.316 Y82.472 E95.4320 F300
G1 X84.241 Y81.978 E95.4820 F300
G1 X84.186 Y81.518 E95.5283 F300
G1 X84.153 Y81.093 E95.5710 F300
G1 X84.141 Y80.702 E95.6101 F300
G1 X84.151 Y80.347 E95.6456 F300
G1 X84.185 Y80.028 E95.6778 F300
G1 X84.242 Y79.744 E95.7067 F300
G1 X84.324 Y79.495 E95.7328 F300
G1 X84.430 Y79.283 E95.7566 F300
G1 X84.561 Y79.106 E95.7786 F300
G1 X84.718 Y78.966 E95.7996 F300
G1 X84.900 Y78.860 E95.8207 F300
G1 X85.108 Y78.790 E95.8427 F300
G1 X85.343 Y78.755 E95.8664 F300
G1 X85.604 Y78.754 E95.8926 F300
G1 X85.892 Y78.787 E95.9215 F300
G1 X86.207 Y78.854 E95.9537 F300
G1 X86.548 Y78.954 E95.9892 F300
G1 X86.915 Y79.086 E96.0283 F300
G1 X87.310 Y79.249 E96.0710 F300
G1 X87.730 Y79.443 E96.1173 F300
G1 X88.177 Y79.668 E96.1673 F300
G1 X88.649 Y79.921 E96.2209 F300
G1 X89.147 Y80.203 E96.2781 F300
G1 X89.670 Y80.512 E96.3388 F300
G1 X90.217 Y80.847 E96.4030 F300
G1 X90.788 Y81.208 E96.4705 F300
G1 X91.383 Y81.592 E96.5413 F300
G1 X92.000 Y82.000 E96.6153 F300
G1 X92.639 Y82.430 E96.6923 F300
G1 X93.299 Y82.880 E96.7723 F300
G1 X93.980 Y83.350 E96.8550 F300
G1 X94.680 Y83.838 E96.9403 F300
G1 X95.398 Y84.344 E97.0281 F300
G1 X96.134 Y84.865 E97.1183 F300
G1 X96.886 Y85.402 E97.2107 F300
G1 X97.653 Y85.951 E97.3050 F300
G1 X98.434 Y86.513 E97.4013 F300
G1 X99.228 Y87.086 E97.4992 F300
G1 X100.034 Y87.668 E97.5985 F300
G1 X100.849 Y88.258 E97.6992 F300
G1 X101.674 Y88.856 E97.8011 F300
G1 X102.505 Y89.460 E97.9038 F300
G1 X103.343 Y90.068 E98.0074 F300
G1 X104.186 Y90.680 E98.1115 F300
G1 X105.031 Y91.294 E98.2160 F300
G1 X105.878 Y91.910 E98.3207 F300
G1 X106.725 Y92.525 E98.4254 F300
G1 X107.570 Y93.139 E98.5299 F300
G1 X108.412 Y93.751 E98.6340 F300
G1 X109.250 Y94.360 E98.7375 F300
G1 X110.081 Y94.965 E98.8403 F300
G1 X110.904 Y95.564 E98.9421 F300
G1 X111.718 Y96.157 E99.0428 F300
G1 X112.521 Y96.743 E99.1422 F300
G1 X113.311 Y97.321 E99.2401 F300
G1 X114.086 Y97.891 E99.3363 F300
G1 X114.846 Y98.450 E99.4307 F300
G1 X115.588 Y99.000 E99.5231 F300
G1 X116.312 Y99.539 E99.6132 F300
G1 X117.015 Y100.065 E99.7011 F300
G1 X117.695 Y100.580 E99.7864 F300
G1 X118.353 Y101.082 E99.8691 F300
G1 X118.985 Y101.571 E99.9491 F300
G1 X119.591 Y102.046 E100.0261 F300
G1 X120.170 Y102.507 E100.1000 F300
G1 X120.719 Y102.954 E100.1709 F300
G1 X121.239 Y103.386 E100.2384 F300
G1 X121.727 Y103.803 E100.3026 F300
G1 X122.182 Y104.204 E100.3633 F300
G1 X122.604 Y104.591 E100.4205 F300
G1 X122.991 Y104.962 E100.4741 F300
G1 X123.342 Y105.317 E100.5241 F300
G1 X123.657 Y105.657 E100.5704 F300
G1 X123.934 Y105.981 E100.6131 F300
G1 X124.173 Y106.290 E100.6522 F300
G1 X124.374 Y106.584 E100.6877 F300
G1 X124.534 Y106.862 E100.7198 F300
G1 X124.655 Y107.126 E100.7488 F300
G1 X124.735 Y107.374 E100.7749 F300
G1 X124.774 Y107.608 E100.7987 F300
G1 X124.771 Y107.828 E100.8207 F300
G1 X124.727 Y108.034 E100.8417 F300
G1 E99.3417 F1200   ; Retract

; *** MATERIAL SWITCH: B → A ***
; >>> PAUSE: Switch to syringe A <<<
M0               ; Pause for syringe swap
; >>> SYRINGE: Material A <<<

; === LAYER 5/10 (Z=10.0mm, θ=24.0°, Material A) ===
G1 Z11.00 F600   ; Z-hop
G1 X123.752 Y110.575 F1200   ; Travel to start
G1 Z10.00 F300   ; Lower to layer height
G1 E100.8417 F1200   ; Prime
G1 X123.647 Y110.758 E100.8628 F300
G1 X123.502 Y110.923 E100.8848 F300
G1 X123.316 Y111.071 E100.9085 F300
G1 X123.090 Y111.202 E100.9346 F300
G1 X122.824 Y111.317 E100.9636 F300
G1 X122.518 Y111.416 E100.9958 F300
G1 X122.173 Y111.501 E101.0313 F300
G1 X121.789 Y111.570 E101.0704 F300
G1 X121.366 Y111.626 E101.1130 F300
G1 X120.904 Y111.668 E101.1594 F300
G1 X120.405 Y111.697 E101.2094 F300
G1 X119.870 Y111.713 E101.2630 F300
G1 X119.298 Y111.718 E101.3202 F300
G1 X118.690 Y111.712 E101.3809 F300
G1 X118.049 Y111.695 E101.4451 F300
G1 X117.374 Y111.669 E101.5126 F300
G1 X116.667 Y111.633 E101.5834 F300
G1 X115.928 Y111.588 E101.6574 F300
G1 X115.160 Y111.536 E101.7344 F300
G1 X114.363 Y111.476 E101.8143 F300
G1 X113.538 Y111.409 E101.8970 F300
G1 X112.688 Y111.336 E101.9824 F300
G1 X111.813 Y111.258 E102.0702 F300
G1 X110.915 Y111.174 E102.1604 F300
G1 X109.996 Y111.086 E102.2528 F300
G1 X109.057 Y110.993 E102.3471 F300
G1 X108.100 Y110.897 E102.4434 F300
G1 X107.126 Y110.798 E102.5412 F300
G1 X106.137 Y110.697 E102.6406 F300
G1 X105.135 Y110.593 E102.7413 F300
G1 X104.123 Y110.488 E102.8432 F300
G1 X103.100 Y110.381 E102.9459 F300
G1 X102.071 Y110.273 E103.0495 F300
G1 X101.035 Y110.164 E103.1536 F300
G1 X99.996 Y110.055 E103.2581 F300
G1 X98.955 Y109.945 E103.3628 F300
G1 X97.914 Y109.836 E103.4675 F300
G1 X96.874 Y109.727 E103.5720 F300
G1 X95.839 Y109.618 E103.6761 F300
G1 X94.809 Y109.509 E103.7796 F300
G1 X93.787 Y109.401 E103.8824 F300
G1 X92.774 Y109.294 E103.9842 F300
G1 X91.773 Y109.187 E104.0849 F300
G1 X90.785 Y109.081 E104.1843 F300
G1 X89.812 Y108.975 E104.2822 F300
G1 X88.855 Y108.870 E104.3784 F300
G1 X87.918 Y108.765 E104.4728 F300
G1 X87.000 Y108.660 E104.5651 F300
G1 X86.104 Y108.556 E104.6553 F300
G1 X85.232 Y108.451 E104.7432 F300
G1 X84.385 Y108.345 E104.8285 F300
G1 X83.565 Y108.239 E104.9112 F300
G1 X82.773 Y108.132 E104.9911 F300
G1 X82.010 Y108.024 E105.0682 F300
G1 X81.279 Y107.914 E105.1421 F300
G1 X80.580 Y107.802 E105.2129 F300
G1 X79.914 Y107.687 E105.2805 F300
G1 X79.283 Y107.570 E105.3447 F300
G1 X78.688 Y107.450 E105.4054 F300
G1 X78.129 Y107.326 E105.4626 F300
G1 X77.609 Y107.199 E105.5162 F300
G1 X77.127 Y107.066 E105.5662 F300
G1 X76.684 Y106.929 E105.6125 F300
G1 X76.282 Y106.787 E105.6552 F300
G1 X75.920 Y106.639 E105.6942 F300
G1 X75.600 Y106.485 E105.7298 F300
G1 X75.322 Y106.324 E105.7619 F300
G1 X75.086 Y106.156 E105.7909 F300
G1 X74.892 Y105.981 E105.8170 F300
G1 X74.741 Y105.798 E105.8408 F300
G1 X74.633 Y105.606 E105.8628 F300
G1 X74.568 Y105.406 E105.8838 F300
G1 X74.546 Y105.196 E105.9049 F300
G1 X74.567 Y104.977 E105.9269 F300
G1 X74.630 Y104.748 E105.9506 F300
G1 X74.735 Y104.510 E105.9767 F300
G1 X74.883 Y104.260 E106.0057 F300
G1 X75.072 Y104.000 E106.0379 F300
G1 X75.302 Y103.729 E106.0734 F300
G1 X75.572 Y103.447 E106.1125 F300
G1 X75.881 Y103.153 E106.1551 F300
G1 X76.230 Y102.848 E106.2015 F300
G1 X76.617 Y102.531 E106.2514 F300
G1 X77.040 Y102.203 E106.3050 F300
G1 X77.500 Y101.863 E106.3622 F300
G1 X77.995 Y101.511 E106.4230 F300
G1 X78.524 Y101.147 E106.4872 F300
G1 X79.086 Y100.772 E106.5547 F300
G1 X79.679 Y100.385 E106.6255 F300
G1 X80.302 Y99.987 E106.6995 F300
G1 X80.955 Y99.578 E106.7765 F300
G1 X81.635 Y99.158 E106.8564 F300
G1 X82.341 Y98.727 E106.9391 F300
G1 X83.072 Y98.287 E107.0245 F300
G1 X83.826 Y97.836 E107.1123 F300
G1 X84.601 Y97.376 E107.2025 F300
G1 X85.397 Y96.907 E107.2949 F300
G1 X86.211 Y96.430 E107.3892 F300
G1 X87.042 Y95.945 E107.4854 F300
G1 X87.888 Y95.452 E107.5833 F300
G1 X88.748 Y94.953 E107.6827 F300
G1 X89.619 Y94.449 E107.7834 F300
G1 X90.500 Y93.939 E107.8852 F300
G1 X91.390 Y93.424 E107.9880 F300
G1 X92.287 Y92.906 E108.0916 F300
G1 X93.188 Y92.386 E108.1957 F300
G1 X94.093 Y91.863 E108.3002 F300
G1 X95.000 Y91.340 E108.4049 F300
G1 X95.907 Y90.816 E108.5095 F300
G1 X96.812 Y90.294 E108.6140 F300
G1 X97.713 Y89.773 E108.7182 F300
G1 X98.610 Y89.256 E108.8217 F300
G1 X99.500 Y88.742 E108.9245 F300
G1 X100.383 Y88.234 E109.0263 F300
G1 X101.256 Y87.732 E109.1270 F300
G1 X102.118 Y87.237 E109.2264 F300
G1 X102.967 Y86.750 E109.3243 F300
G1 X103.803 Y86.273 E109.4205 F300
G1 X104.623 Y85.807 E109.5149 F300
G1 X105.427 Y85.352 E109.6072 F300
G1 X106.213 Y84.911 E109.6974 F300
G1 X106.980 Y84.483 E109.7852 F300
G1 X107.727 Y84.071 E109.8706 F300
G1 X108.453 Y83.674 E109.9533 F300
G1 X109.157 Y83.295 E110.0332 F300
G1 X109.838 Y82.935 E110.1102 F300
G1 X110.494 Y82.594 E110.1842 F300
G1 X111.126 Y82.273 E110.2550 F300
G1 X111.731 Y81.975 E110.3226 F300
G1 X112.311 Y81.698 E110.3868 F300
G1 X112.863 Y81.446 E110.4475 F300
G1 X113.387 Y81.218 E110.5047 F300
G1 X113.884 Y81.015 E110.5583 F300
G1 X114.351 Y80.839 E110.6083 F300
G1 X114.790 Y80.689 E110.6546 F300
G1 X115.199 Y80.568 E110.6973 F300
G1 X115.579 Y80.475 E110.7363 F300
G1 X115.928 Y80.412 E110.7719 F300
G1 X116.248 Y80.378 E110.8040 F300
G1 X116.538 Y80.375 E110.8330 F300
G1 X116.797 Y80.403 E110.8591 F300
G1 X117.027 Y80.463 E110.8828 F300
G1 X117.227 Y80.554 E110.9048 F300
G1 X117.397 Y80.678 E110.9259 F300
G1 X117.538 Y80.835 E110.9470 F300
G1 X117.650 Y81.024 E110.9690 F300
G1 X117.734 Y81.246 E110.9927 F300
G1 X117.789 Y81.502 E111.0188 F300
G1 X117.816 Y81.790 E111.0478 F300
G1 X117.816 Y82.112 E111.0799 F300
G1 X117.790 Y82.466 E111.1155 F300
G1 X117.737 Y82.853 E111.1545 F300
G1 X117.659 Y83.273 E111.1972 F300
G1 X117.556 Y83.724 E111.2435 F300
G1 X117.430 Y84.208 E111.2935 F300
G1 X117.280 Y84.723 E111.3471 F300
G1 X117.108 Y85.268 E111.4043 F300
G1 X116.914 Y85.844 E111.4651 F300
G1 X116.700 Y86.449 E111.5292 F300
G1 X116.466 Y87.082 E111.5968 F300
G1 X116.214 Y87.744 E111.6676 F300
G1 X115.943 Y88.432 E111.7416 F300
G1 X115.656 Y89.147 E111.8186 F300
G1 X115.353 Y89.886 E111.8985 F300
G1 X115.034 Y90.650 E111.9812 F300
G1 X114.702 Y91.436 E112.0666 F300
G1 X114.357 Y92.244 E112.1544 F300
G1 X114.000 Y93.072 E112.2446 F300
G1 X113.632 Y93.919 E112.3369 F300
G1 X113.254 Y94.783 E112.4313 F300
G1 X112.867 Y95.664 E112.5275 F300
G1 X112.472 Y96.560 E112.6254 F300
G1 X112.070 Y97.469 E112.7248 F300
G1 X111.661 Y98.389 E112.8255 F300
G1 X111.248 Y99.320 E112.9273 F300
G1 X110.831 Y100.259 E113.0301 F300
G1 X110.410 Y101.205 E113.1336 F300
G1 X109.986 Y102.156 E113.2378 F300
G1 X109.561 Y103.111 E113.3423 F300
G1 X109.135 Y104.067 E113.4469 F300
G1 X108.710 Y105.024 E113.5516 F300
G1 X108.285 Y105.978 E113.6561 F300
G1 X107.861 Y106.929 E113.7602 F300
G1 X107.440 Y107.875 E113.8638 F300
G1 X107.021 Y108.814 E113.9666 F300
G1 X106.606 Y109.744 E114.0684 F300
G1 X106.195 Y110.663 E114.1691 F300
G1 X105.789 Y111.570 E114.2685 F300
G1 X105.388 Y112.463 E114.3664 F300
G1 X104.992 Y113.340 E114.4626 F300
G1 X104.602 Y114.200 E114.5570 F300
G1 X104.219 Y115.040 E114.6493 F300
G1 X103.843 Y115.859 E114.7395 F300
G1 X103.473 Y116.656 E114.8273 F300
G1 X103.111 Y117.429 E114.9127 F300
G1 X102.757 Y118.177 E114.9954 F300
G1 X102.410 Y118.897 E115.0753 F300
G1 X102.072 Y119.588 E115.1523 F300
G1 X101.741 Y120.250 E115.2263 F300
G1 X101.419 Y120.881 E115.2971 F300
G1 X101.104 Y121.478 E115.3647 F300
G1 X100.798 Y122.042 E115.4288 F300
G1 X100.500 Y122.571 E115.4896 F300
G1 X100.209 Y123.064 E115.5468 F300
G1 X99.927 Y123.520 E115.6004 F300
G1 X99.652 Y123.937 E115.6503 F300
G1 X99.385 Y124.316 E115.6967 F300
G1 X99.126 Y124.655 E115.7394 F300
G1 X98.873 Y124.953 E115.7784 F300
G1 X98.628 Y125.210 E115.8140 F300
G1 X98.389 Y125.425 E115.8461 F300
G1 X98.156 Y125.597 E115.8751 F300
G1 X97.929 Y125.727 E115.9012 F300
G1 X97.709 Y125.814 E115.9249 F300
G1 X97.493 Y125.858 E115.9469 F300
G1 X97.282 Y125.858 E115.9680 F300
G1 X97.076 Y125.814 E115.9891 F300
G1 X96.874 Y125.727 E116.0111 F300
G1 X96.676 Y125.596 E116.0348 F300
G1 X96.482 Y125.421 E116.0609 F300
G1 X96.290 Y125.204 E116.0899 F300
G1 X96.101 Y124.944 E116.1220 F300
G1 X95.914 Y124.642 E116.1576 F300
G1 X95.729 Y124.298 E116.1966 F300
G1 X95.546 Y123.912 E116.2393 F300
G1 X95.363 Y123.487 E116.2856 F300
G1 X95.181 Y123.021 E116.3356 F300
G1 X95.000 Y122.517 E116.3892 F300
G1 X94.819 Y121.974 E116.4464 F300
G1 X94.637 Y121.395 E116.5071 F300
G1 X94.454 Y120.779 E116.5713 F300
G1 X94.271 Y120.129 E116.6389 F300
G1 X94.087 Y119.446 E116.7097 F300
G1 X93.901 Y118.730 E116.7837 F300
G1 X93.713 Y117.983 E116.8607 F300
G1 X93.524 Y117.206 E116.9406 F300
G1 X93.333 Y116.401 E117.0233 F300
G1 X93.139 Y115.570 E117.1087 F300
G1 X92.944 Y114.714 E117.1965 F300
G1 X92.746 Y113.834 E117.2867 F300
G1 X92.546 Y112.932 E117.3790 F300
G1 X92.344 Y112.011 E117.4734 F300
G1 X92.139 Y111.071 E117.5696 F300
G1 X91.932 Y110.114 E117.6675 F300
G1 X91.723 Y109.142 E117.7669 F300
G1 X91.512 Y108.157 E117.8676 F300
G1 X91.300 Y107.162 E117.9694 F300
G1 X91.086 Y106.156 E118.0722 F300
G1 X90.870 Y105.144 E118.1757 F300
G1 X90.653 Y104.125 E118.2799 F300
G1 X90.436 Y103.103 E118.3843 F300
G1 X90.219 Y102.079 E118.4890 F300
G1 X90.001 Y101.055 E118.5937 F300
G1 X89.784 Y100.033 E118.6982 F300
G1 X89.567 Y99.015 E118.8023 F300
G1 X89.352 Y98.002 E118.9059 F300
G1 X89.139 Y96.996 E119.0087 F300
G1 X88.928 Y96.000 E119.1105 F300
G1 X88.720 Y95.015 E119.2112 F300
G1 X88.516 Y94.042 E119.3106 F300
G1 X88.316 Y93.084 E119.4085 F300
G1 X88.120 Y92.142 E119.5047 F300
G1 X87.930 Y91.217 E119.5990 F300
G1 X87.746 Y90.312 E119.6914 F300
G1 X87.569 Y89.428 E119.7816 F300
G1 X87.400 Y88.566 E119.8694 F300
G1 X87.238 Y87.728 E119.9548 F300
G1 X87.086 Y86.915 E120.0375 F300
G1 X86.943 Y86.129 E120.1174 F300
G1 X86.810 Y85.370 E120.1944 F300
G1 X86.689 Y84.641 E120.2684 F300
G1 X86.579 Y83.941 E120.3392 F300
G1 X86.482 Y83.273 E120.4067 F300
G1 X86.398 Y82.636 E120.4709 F300
G1 X86.329 Y82.033 E120.5317 F300
G1 X86.274 Y81.464 E120.5888 F300
G1 X86.234 Y80.929 E120.6425 F300
G1 X86.211 Y80.430 E120.6924 F300
G1 X86.205 Y79.967 E120.7388 F300
G1 X86.216 Y79.540 E120.7814 F300
G1 X86.245 Y79.150 E120.8205 F300
G1 X86.292 Y78.798 E120.8560 F300
G1 X86.359 Y78.484 E120.8882 F300
G1 X86.446 Y78.207 E120.9172 F300
G1 X86.553 Y77.969 E120.9433 F300
G1 X86.681 Y77.769 E120.9670 F300
G1 X86.830 Y77.607 E120.9890 F300
G1 X87.000 Y77.483 E121.0101 F300
G1 X87.192 Y77.398 E121.0311 F300
G1 X87.407 Y77.350 E121.0531 F300
G1 X87.644 Y77.339 E121.0769 F300
G1 X87.904 Y77.366 E121.1030 F300
G1 X88.187 Y77.429 E121.1320 F300
G1 X88.493 Y77.528 E121.1641 F300
G1 X88.821 Y77.663 E121.1997 F300
G1 X89.173 Y77.832 E121.2387 F300
G1 X89.548 Y78.036 E121.2814 F300
G1 X89.946 Y78.273 E121.3277 F300
G1 X90.367 Y78.543 E121.3777 F300
G1 X90.810 Y78.845 E121.4313 F300
G1 X91.276 Y79.177 E121.4885 F300
G1 X91.763 Y79.539 E121.5492 F300
G1 X92.273 Y79.929 E121.6134 F300
G1 X92.803 Y80.348 E121.6810 F300
G1 X93.354 Y80.792 E121.7518 F300
G1 X93.925 Y81.262 E121.8257 F300
G1 X94.516 Y81.756 E121.9028 F300
G1 X95.126 Y82.273 E121.9827 F300
G1 X95.753 Y82.812 E122.0654 F300
G1 X96.398 Y83.371 E122.1507 F300
G1 X97.060 Y83.949 E122.2386 F300
G1 X97.737 Y84.544 E122.3288 F300
G1 X98.429 Y85.156 E122.4211 F300
G1 X99.134 Y85.783 E122.5155 F300
G1 X99.853 Y86.423 E122.6117 F300
G1 X100.582 Y87.076 E122.7096 F300
G1 X101.322 Y87.739 E122.8090 F300
G1 X102.072 Y88.412 E122.9097 F300
G1 X102.829 Y89.092 E123.0115 F300
G1 X103.593 Y89.780 E123.1143 F300
G1 X104.363 Y90.472 E123.2178 F300
G1 X105.137 Y91.169 E123.3219 F300
G1 X105.913 Y91.868 E123.4264 F300
G1 X106.691 Y92.569 E123.5311 F300
G1 X107.469 Y93.269 E123.6358 F300
G1 X108.246 Y93.968 E123.7403 F300
G1 X109.019 Y94.665 E123.8444 F300
G1 X109.789 Y95.358 E123.9480 F300
G1 X110.552 Y96.046 E124.0507 F300
G1 X111.308 Y96.728 E124.1526 F300
G1 X112.056 Y97.403 E124.2533 F300
G1 X112.793 Y98.070 E124.3527 F300
G1 X113.518 Y98.727 E124.4505 F300
G1 X114.230 Y99.375 E124.5468 F300
G1 X114.927 Y100.011 E124.6411 F300
G1 X115.608 Y100.635 E124.7335 F300
G1 X116.271 Y101.246 E124.8237 F300
G1 X116.914 Y101.844 E124.9115 F300
G1 X117.538 Y102.427 E124.9968 F300
G1 X118.139 Y102.995 E125.0796 F300
G1 X118.717 Y103.547 E125.1595 F300
G1 X119.270 Y104.083 E125.2365 F300
G1 X119.797 Y104.602 E125.3105 F300
G1 X120.297 Y105.103 E125.3813 F300
G1 X120.768 Y105.587 E125.4488 F300
G1 X121.210 Y106.053 E125.5130 F300
G1 X121.621 Y106.500 E125.5737 F300
G1 X122.000 Y106.928 E125.6309 F300
G1 X122.346 Y107.338 E125.6845 F300
G1 X122.658 Y107.728 E125.7345 F300
G1 X122.936 Y108.099 E125.7808 F300
G1 X123.178 Y108.450 E125.8235 F300
G1 X123.383 Y108.783 E125.8626 F300
G1 X123.552 Y109.095 E125.8981 F300
G1 X123.682 Y109.389 E125.9303 F300
G1 X123.775 Y109.664 E125.9592 F300
G1 X123.828 Y109.919 E125.9854 F300
G1 X123.843 Y110.156 E126.0091 F300
G1 X123.817 Y110.375 E126.0311 F300
G1 X123.752 Y110.575 E126.0522 F300
G1 E124.5522 F1200   ; Retract

; === LAYER 6/10 (Z=12.0mm, θ=30.0°, Material A) ===
G1 Z13.00 F600   ; Z-hop
G1 X122.517 Y113.000 F1200   ; Travel to start
G1 Z12.00 F300   ; Lower to layer height
G1 E126.0522 F1200   ; Prime
G1 X122.393 Y113.170 E126.0732 F300
G1 X122.231 Y113.319 E126.0952 F300
G1 X122.031 Y113.447 E126.1190 F300
G1 X121.793 Y113.554 E126.1451 F300
G1 X121.516 Y113.641 E126.1741 F300
G1 X121.202 Y113.708 E126.2062 F300
G1 X120.850 Y113.755 E126.2417 F300
G1 X120.460 Y113.784 E126.2808 F300
G1 X120.033 Y113.795 E126.3235 F300
G1 X119.570 Y113.789 E126.3698 F300
G1 X119.071 Y113.766 E126.4198 F300
G1 X118.536 Y113.726 E126.4734 F300
G1 X117.967 Y113.671 E126.5306 F300
G1 X117.364 Y113.602 E126.5913 F300
G1 X116.727 Y113.518 E126.6555 F300
G1 X116.059 Y113.421 E126.7230 F300
G1 X115.359 Y113.311 E126.7939 F300
G1 X114.630 Y113.190 E126.8678 F300
G1 X113.871 Y113.057 E126.9448 F300
G1 X113.085 Y112.914 E127.0248 F300
G1 X112.272 Y112.762 E127.1075 F300
G1 X111.434 Y112.600 E127.1928 F300
G1 X110.572 Y112.431 E127.2807 F300
G1 X109.688 Y112.254 E127.3708 F300
G1 X108.783 Y112.070 E127.4632 F300
G1 X107.858 Y111.880 E127.5576 F300
G1 X106.916 Y111.684 E127.6538 F300
G1 X105.958 Y111.484 E127.7517 F300
G1 X104.985 Y111.280 E127.8511 F300
G1 X104.000 Y111.072 E127.9518 F300
G1 X103.004 Y110.861 E128.0536 F300
G1 X101.998 Y110.648 E128.1564 F300
G1 X100.985 Y110.433 E128.2599 F300
G1 X99.967 Y110.216 E128.3640 F300
G1 X98.945 Y109.999 E128.4685 F300
G1 X97.921 Y109.781 E128.5732 F300
G1 X96.897 Y109.564 E128.6779 F300
G1 X95.875 Y109.347 E128.7824 F300
G1 X94.856 Y109.130 E128.8865 F300
G1 X93.844 Y108.914 E128.9900 F300
G1 X92.838 Y108.700 E129.0928 F300
G1 X91.843 Y108.488 E129.1947 F300
G1 X90.858 Y108.277 E129.2954 F300
G1 X89.886 Y108.068 E129.3947 F300
G1 X88.929 Y107.861 E129.4926 F300
G1 X87.989 Y107.656 E129.5888 F300
G1 X87.068 Y107.454 E129.6832 F300
G1 X86.166 Y107.254 E129.7756 F300
G1 X85.286 Y107.056 E129.8657 F300
G1 X84.430 Y106.861 E129.9536 F300
G1 X83.599 Y106.667 E130.0389 F300
G1 X82.794 Y106.476 E130.1216 F300
G1 X82.017 Y106.287 E130.2016 F300
G1 X81.270 Y106.099 E130.2786 F300
G1 X80.554 Y105.913 E130.3526 F300
G1 X79.871 Y105.729 E130.4234 F300
G1 X79.221 Y105.546 E130.4909 F300
G1 X78.605 Y105.363 E130.5551 F300
G1 X78.026 Y105.181 E130.6158 F300
G1 X77.483 Y105.000 E130.6730 F300
G1 X76.979 Y104.819 E130.7266 F300
G1 X76.513 Y104.637 E130.7766 F300
G1 X76.088 Y104.454 E130.8229 F300
G1 X75.702 Y104.271 E130.8656 F300
G1 X75.358 Y104.086 E130.9047 F300
G1 X75.056 Y103.899 E130.9402 F300
G1 X74.796 Y103.710 E130.9724 F300
G1 X74.579 Y103.518 E131.0013 F300
G1 X74.404 Y103.324 E131.0275 F300
G1 X74.273 Y103.126 E131.0512 F300
G1 X74.186 Y102.924 E131.0732 F300
G1 X74.142 Y102.718 E131.0943 F300
G1 X74.142 Y102.507 E131.1153 F300
G1 X74.186 Y102.291 E131.1373 F300
G1 X74.273 Y102.071 E131.1610 F300
G1 X74.403 Y101.844 E131.1872 F300
G1 X74.575 Y101.611 E131.2161 F300
G1 X74.790 Y101.372 E131.2483 F300
G1 X75.047 Y101.127 E131.2838 F300
G1 X75.345 Y100.874 E131.3229 F300
G1 X75.684 Y100.615 E131.3656 F300
G1 X76.063 Y100.348 E131.4119 F300
G1 X76.480 Y100.073 E131.4619 F300
G1 X76.936 Y99.791 E131.5155 F300
G1 X77.429 Y99.500 E131.5727 F300
G1 X77.958 Y99.202 E131.6334 F300
G1 X78.522 Y98.896 E131.6976 F300
G1 X79.119 Y98.581 E131.7651 F300
G1 X79.750 Y98.259 E131.8359 F300
G1 X80.412 Y97.928 E131.9099 F300
G1 X81.103 Y97.590 E131.9869 F300
G1 X81.823 Y97.243 E132.0669 F300
G1 X82.571 Y96.889 E132.1496 F300
G1 X83.344 Y96.527 E132.2349 F300
G1 X84.141 Y96.157 E132.3228 F300
G1 X84.960 Y95.781 E132.4129 F300
G1 X85.800 Y95.398 E132.5053 F300
G1 X86.660 Y95.008 E132.5997 F300
G1 X87.537 Y94.612 E132.6959 F300
G1 X88.430 Y94.211 E132.7938 F300
G1 X89.337 Y93.805 E132.8931 F300
G1 X90.256 Y93.394 E132.9938 F300
G1 X91.186 Y92.979 E133.0957 F300
G1 X92.125 Y92.560 E133.1985 F300
G1 X93.071 Y92.139 E133.3020 F300
G1 X94.022 Y91.715 E133.4061 F300
G1 X94.976 Y91.290 E133.5106 F300
G1 X95.933 Y90.865 E133.6153 F300
G1 X96.889 Y90.439 E133.7200 F300
G1 X97.844 Y90.014 E133.8245 F300
G1 X98.795 Y89.590 E133.9286 F300
G1 X99.741 Y89.169 E134.0321 F300
G1 X100.680 Y88.752 E134.1349 F300
G1 X101.611 Y88.339 E134.2367 F300
G1 X102.531 Y87.930 E134.3374 F300
G1 X103.440 Y87.528 E134.4368 F300
G1 X104.336 Y87.133 E134.5347 F300
G1 X105.217 Y86.746 E134.6309 F300
G1 X106.081 Y86.368 E134.7253 F300
G1 X106.928 Y86.000 E134.8177 F300
G1 X107.756 Y85.643 E134.9078 F300
G1 X108.564 Y85.298 E134.9957 F300
G1 X109.350 Y84.966 E135.0810 F300
G1 X110.114 Y84.647 E135.1637 F300
G1 X110.853 Y84.344 E135.2437 F300
G1 X111.568 Y84.057 E135.3207 F300
G1 X112.256 Y83.786 E135.3946 F300
G1 X112.918 Y83.534 E135.4655 F300
G1 X113.551 Y83.300 E135.5330 F300
G1 X114.156 Y83.086 E135.5972 F300
G1 X114.732 Y82.892 E135.6579 F300
G1 X115.277 Y82.720 E135.7151 F300
G1 X115.792 Y82.570 E135.7687 F300
G1 X116.276 Y82.444 E135.8187 F300
G1 X116.727 Y82.341 E135.8650 F300
G1 X117.147 Y82.263 E135.9077 F300
G1 X117.534 Y82.210 E135.9468 F300
G1 X117.888 Y82.184 E135.9823 F300
G1 X118.210 Y82.184 E136.0144 F300
G1 X118.498 Y82.211 E136.0434 F300
G1 X118.754 Y82.266 E136.0695 F300
G1 X118.976 Y82.350 E136.0933 F300
G1 X119.165 Y82.462 E136.1153 F300
G1 X119.322 Y82.603 E136.1363 F300
G1 X119.446 Y82.773 E136.1574 F300
G1 X119.537 Y82.973 E136.1794 F300
G1 X119.597 Y83.203 E136.2031 F300
G1 X119.625 Y83.462 E136.2293 F300
G1 X119.622 Y83.752 E136.2582 F300
G1 X119.588 Y84.072 E136.2904 F300
G1 X119.525 Y84.421 E136.3259 F300
G1 X119.432 Y84.801 E136.3650 F300
G1 X119.311 Y85.210 E136.4077 F300
G1 X119.161 Y85.649 E136.4540 F300
G1 X118.985 Y86.116 E136.5040 F300
G1 X118.782 Y86.613 E136.5576 F300
G1 X118.554 Y87.137 E136.6148 F300
G1 X118.302 Y87.689 E136.6755 F300
G1 X118.025 Y88.269 E136.7397 F300
G1 X117.727 Y88.874 E136.8072 F300
G1 X117.406 Y89.506 E136.8780 F300
G1 X117.065 Y90.162 E136.9520 F300
G1 X116.705 Y90.843 E137.0290 F300
G1 X116.326 Y91.547 E137.1089 F300
G1 X115.929 Y92.273 E137.1917 F300
G1 X115.517 Y93.020 E137.2770 F300
G1 X115.089 Y93.787 E137.3648 F300
G1 X114.648 Y94.573 E137.4550 F300
G1 X114.193 Y95.377 E137.5474 F300
G1 X113.727 Y96.197 E137.6417 F300
G1 X113.250 Y97.033 E137.7380 F300
G1 X112.763 Y97.882 E137.8358 F300
G1 X112.268 Y98.744 E137.9352 F300
G1 X111.766 Y99.617 E138.0359 F300
G1 X111.258 Y100.500 E138.1378 F300
G1 X110.744 Y101.390 E138.2405 F300
G1 X110.227 Y102.287 E138.3441 F300
G1 X109.706 Y103.188 E138.4482 F300
G1 X109.184 Y104.093 E138.5527 F300
G1 X108.660 Y105.000 E138.6574 F300
G1 X108.137 Y105.907 E138.7621 F300
G1 X107.614 Y106.812 E138.8666 F300
G1 X107.094 Y107.713 E138.9707 F300
G1 X106.576 Y108.610 E139.0742 F300
G1 X106.061 Y109.500 E139.1770 F300
G1 X105.551 Y110.381 E139.2788 F300
G1 X105.047 Y111.252 E139.3795 F300
G1 X104.548 Y112.112 E139.4789 F300
G1 X104.055 Y112.958 E139.5768 F300
G1 X103.570 Y113.789 E139.6730 F300
G1 X103.093 Y114.603 E139.7674 F300
G1 X102.624 Y115.399 E139.8597 F300
G1 X102.164 Y116.174 E139.9499 F300
G1 X101.713 Y116.928 E140.0378 F300
G1 X101.273 Y117.659 E140.1231 F300
G1 X100.842 Y118.365 E140.2058 F300
G1 X100.422 Y119.045 E140.2857 F300
G1 X100.013 Y119.698 E140.3628 F300
G1 X99.615 Y120.321 E140.4367 F300
G1 X99.228 Y120.914 E140.5075 F300
G1 X98.853 Y121.476 E140.5751 F300
G1 X98.489 Y122.005 E140.6393 F300
G1 X98.137 Y122.500 E140.7000 F300
G1 X97.797 Y122.960 E140.7572 F300
G1 X97.469 Y123.383 E140.8108 F300
G1 X97.152 Y123.770 E140.8608 F300
G1 X96.847 Y124.119 E140.9071 F300
G1 X96.553 Y124.428 E140.9498 F300
G1 X96.271 Y124.698 E140.9889 F300
G1 X96.000 Y124.928 E141.0244 F300
G1 X95.740 Y125.117 E141.0565 F300
G1 X95.490 Y125.265 E141.0855 F300
G1 X95.252 Y125.370 E141.1116 F300
G1 X95.023 Y125.433 E141.1354 F300
G1 X94.804 Y125.454 E141.1574 F300
G1 X94.594 Y125.432 E141.1784 F300
G1 X94.394 Y125.367 E141.1995 F300
G1 X94.202 Y125.259 E141.2215 F300
G1 X94.019 Y125.108 E141.2452 F300
G1 X93.844 Y124.914 E141.2713 F300
G1 X93.676 Y124.678 E141.3003 F300
G1 X93.515 Y124.400 E141.3325 F300
G1 X93.361 Y124.080 E141.3680 F300
G1 X93.213 Y123.718 E141.4071 F300
G1 X93.071 Y123.316 E141.4497 F300
G1 X92.934 Y122.873 E141.4961 F300
G1 X92.801 Y122.391 E141.5460 F300
G1 X92.674 Y121.871 E141.5997 F300
G1 X92.550 Y121.312 E141.6569 F300
G1 X92.430 Y120.717 E141.7176 F300
G1 X92.313 Y120.086 E141.7818 F300
G1 X92.198 Y119.420 E141.8493 F300
G1 X92.086 Y118.721 E141.9201 F300
G1 X91.976 Y117.990 E141.9941 F300
G1 X91.868 Y117.227 E142.0711 F300
G1 X91.761 Y116.435 E142.1510 F300
G1 X91.655 Y115.615 E142.2337 F300
G1 X91.549 Y114.768 E142.3191 F300
G1 X91.444 Y113.896 E142.4069 F300
G1 X91.340 Y113.000 E142.4971 F300
G1 X91.235 Y112.082 E142.5895 F300
G1 X91.130 Y111.145 E142.6838 F300
G1 X91.025 Y110.188 E142.7800 F300
G1 X90.919 Y109.215 E142.8779 F300
G1 X90.813 Y108.227 E142.9773 F300
G1 X90.706 Y107.226 E143.0780 F300
G1 X90.599 Y106.213 E143.1798 F300
G1 X90.491 Y105.191 E143.2826 F300
G1 X90.382 Y104.161 E143.3862 F300
G1 X90.273 Y103.126 E143.4903 F300
G1 X90.164 Y102.086 E143.5948 F300
G1 X90.055 Y101.045 E143.6995 F300
G1 X89.945 Y100.004 E143.8042 F300
G1 X89.836 Y98.965 E143.9087 F300
G1 X89.727 Y97.929 E144.0128 F300
G1 X89.619 Y96.900 E144.1163 F300
G1 X89.512 Y95.877 E144.2191 F300
G1 X89.407 Y94.865 E144.3209 F300
G1 X89.303 Y93.863 E144.4216 F300
G1 X89.202 Y92.874 E144.5210 F300
G1 X89.103 Y91.900 E144.6189 F300
G1 X89.007 Y90.943 E144.7151 F300
G1 X88.914 Y90.004 E144.8095 F300
G1 X88.826 Y89.085 E144.9018 F300
G1 X88.742 Y88.187 E144.9920 F300
G1 X88.664 Y87.312 E145.0798 F300
G1 X88.591 Y86.462 E145.1652 F300
G1 X88.524 Y85.637 E145.2479 F300
G1 X88.464 Y84.840 E145.3278 F300
G1 X88.412 Y84.072 E145.4048 F300
G1 X88.367 Y83.333 E145.4788 F300
G1 X88.331 Y82.626 E145.5496 F300
G1 X88.305 Y81.951 E145.6172 F300
G1 X88.288 Y81.310 E145.6814 F300
G1 X88.282 Y80.702 E145.7421 F300
G1 X88.287 Y80.130 E145.7993 F300
G1 X88.303 Y79.595 E145.8529 F300
G1 X88.332 Y79.096 E145.9029 F300
G1 X88.374 Y78.634 E145.9492 F300
G1 X88.430 Y78.211 E145.9919 F300
G1 X88.499 Y77.827 E146.0309 F300
G1 X88.584 Y77.482 E146.0665 F300
G1 X88.683 Y77.176 E146.0986 F300
G1 X88.798 Y76.910 E146.1276 F300
G1 X88.929 Y76.684 E146.1537 F300
G1 X89.077 Y76.498 E146.1775 F300
G1 X89.242 Y76.353 E146.1994 F300
G1 X89.425 Y76.248 E146.2205 F300
G1 X89.625 Y76.183 E146.2416 F300
G1 X89.844 Y76.157 E146.2636 F300
G1 X90.081 Y76.172 E146.2873 F300
G1 X90.336 Y76.225 E146.3134 F300
G1 X90.611 Y76.318 E146.3424 F300
G1 X90.905 Y76.448 E146.3745 F300
G1 X91.217 Y76.617 E146.4101 F300
G1 X91.550 Y76.822 E146.4492 F300
G1 X91.901 Y77.064 E146.4918 F300
G1 X92.272 Y77.342 E146.5382 F300
G1 X92.662 Y77.654 E146.5881 F300
G1 X93.072 Y78.000 E146.6417 F300
G1 X93.500 Y78.379 E146.6989 F300
G1 X93.947 Y78.790 E146.7597 F300
G1 X94.413 Y79.232 E146.8238 F300
G1 X94.897 Y79.703 E146.8914 F300
G1 X95.398 Y80.203 E146.9622 F300
G1 X95.917 Y80.730 E147.0362 F300
G1 X96.453 Y81.283 E147.1132 F300
G1 X97.005 Y81.861 E147.1931 F300
G1 X97.573 Y82.462 E147.2758 F300
G1 X98.156 Y83.086 E147.3612 F300
G1 X98.754 Y83.729 E147.4490 F300
G1 X99.365 Y84.392 E147.5392 F300
G1 X99.989 Y85.073 E147.6315 F300
G1 X100.625 Y85.770 E147.7259 F300
G1 X101.273 Y86.482 E147.8221 F300
G1 X101.930 Y87.207 E147.9200 F300
G1 X102.597 Y87.944 E148.0194 F300
G1 X103.272 Y88.692 E148.1201 F300
G1 X103.954 Y89.448 E148.2219 F300
G1 X104.642 Y90.211 E148.3247 F300
G1 X105.335 Y90.981 E148.4283 F300
G1 X106.032 Y91.754 E148.5324 F300
G1 X106.731 Y92.531 E148.6369 F300
G1 X107.431 Y93.309 E148.7416 F300
G1 X108.132 Y94.087 E148.8462 F300
G1 X108.831 Y94.863 E148.9507 F300
G1 X109.528 Y95.637 E149.0549 F300
G1 X110.220 Y96.407 E149.1584 F300
G1 X110.908 Y97.171 E149.2612 F300
G1 X111.588 Y97.928 E149.3630 F300
G1 X112.261 Y98.678 E149.4637 F300
G1 X112.924 Y99.418 E149.5631 F300
G1 X113.577 Y100.147 E149.6610 F300
G1 X114.217 Y100.866 E149.7572 F300
G1 X114.844 Y101.571 E149.8516 F300
G1 X115.456 Y102.263 E149.9439 F300
G1 X116.051 Y102.940 E150.0341 F300
G1 X116.629 Y103.602 E150.1219 F300
G1 X117.188 Y104.247 E150.2073 F300
G1 X117.727 Y104.874 E150.2900 F300
G1 X118.244 Y105.484 E150.3699 F300
G1 X118.738 Y106.075 E150.4469 F300
G1 X119.208 Y106.646 E150.5209 F300
G1 X119.652 Y107.197 E150.5917 F300
G1 X120.071 Y107.727 E150.6593 F300
G1 X120.461 Y108.237 E150.7234 F300
G1 X120.823 Y108.724 E150.7842 F300
G1 X121.155 Y109.190 E150.8414 F300
G1 X121.457 Y109.633 E150.8950 F300
G1 X121.727 Y110.054 E150.9450 F300
G1 X121.964 Y110.452 E150.9913 F300
G1 X122.168 Y110.827 E151.0340 F300
G1 X122.337 Y111.179 E151.0730 F300
G1 X122.472 Y111.507 E151.1086 F300
G1 X122.571 Y111.813 E151.1407 F300
G1 X122.634 Y112.096 E151.1697 F300
G1 X122.661 Y112.356 E151.1958 F300
G1 X122.650 Y112.593 E151.2195 F300
G1 X122.602 Y112.808 E151.2415 F300
G1 X122.517 Y113.000 E151.2626 F300
G1 E149.7626 F1200   ; Retract

; *** MATERIAL SWITCH: A → B ***
; >>> PAUSE: Switch to syringe B <<<
M0               ; Pause for syringe swap
; >>> SYRINGE: Material B <<<

; === LAYER 7/10 (Z=14.0mm, θ=36.0°, Material B) ===
G1 Z15.00 F600   ; Z-hop
G1 X121.034 Y115.282 F1200   ; Travel to start
G1 Z14.00 F300   ; Lower to layer height
G1 E151.2626 F1200   ; Prime
G1 X120.894 Y115.439 E151.2837 F300
G1 X120.717 Y115.570 E151.3057 F300
G1 X120.505 Y115.676 E151.3294 F300
G1 X120.256 Y115.758 E151.3555 F300
G1 X119.972 Y115.815 E151.3845 F300
G1 X119.653 Y115.849 E151.4166 F300
G1 X119.298 Y115.859 E151.4522 F300
G1 X118.907 Y115.847 E151.4912 F300
G1 X118.482 Y115.814 E151.5339 F300
G1 X118.022 Y115.759 E151.5802 F300
G1 X117.528 Y115.684 E151.6302 F300
G1 X117.000 Y115.588 E151.6838 F300
G1 X116.440 Y115.474 E151.7410 F300
G1 X115.847 Y115.342 E151.8017 F300
G1 X115.223 Y115.192 E151.8659 F300
G1 X114.568 Y115.026 E151.9335 F300
G1 X113.884 Y114.844 E152.0043 F300
G1 X113.171 Y114.647 E152.0783 F300
G1 X112.430 Y114.436 E152.1553 F300
G1 X111.663 Y114.211 E152.2352 F300
G1 X110.870 Y113.975 E152.3179 F300
G1 X110.054 Y113.727 E152.4033 F300
G1 X109.214 Y113.468 E152.4911 F300
G1 X108.354 Y113.199 E152.5813 F300
G1 X107.473 Y112.922 E152.6736 F300
G1 X106.573 Y112.636 E152.7680 F300
G1 X105.657 Y112.343 E152.8642 F300
G1 X104.725 Y112.044 E152.9621 F300
G1 X103.779 Y111.739 E153.0615 F300
G1 X102.821 Y111.429 E153.1622 F300
G1 X101.852 Y111.115 E153.2640 F300
G1 X100.874 Y110.798 E153.3668 F300
G1 X99.890 Y110.479 E153.4703 F300
G1 X98.899 Y110.157 E153.5745 F300
G1 X97.905 Y109.834 E153.6790 F300
G1 X96.910 Y109.511 E153.7836 F300
G1 X95.914 Y109.187 E153.8883 F300
G1 X94.920 Y108.864 E153.9928 F300
G1 X93.930 Y108.542 E154.0969 F300
G1 X92.946 Y108.222 E154.2005 F300
G1 X91.968 Y107.904 E154.3033 F300
G1 X91.000 Y107.588 E154.4051 F300
G1 X90.043 Y107.276 E154.5058 F300
G1 X89.098 Y106.967 E154.6052 F300
G1 X88.168 Y106.661 E154.7031 F300
G1 X87.255 Y106.359 E154.7993 F300
G1 X86.359 Y106.061 E154.8936 F300
G1 X85.484 Y105.768 E154.9860 F300
G1 X84.629 Y105.479 E155.0762 F300
G1 X83.798 Y105.195 E155.1640 F300
G1 X82.991 Y104.916 E155.2494 F300
G1 X82.211 Y104.642 E155.3321 F300
G1 X81.459 Y104.373 E155.4120 F300
G1 X80.735 Y104.108 E155.4890 F300
G1 X80.043 Y103.848 E155.5630 F300
G1 X79.382 Y103.593 E155.6338 F300
G1 X78.755 Y103.343 E155.7014 F300
G1 X78.162 Y103.097 E155.7655 F300
G1 X77.605 Y102.856 E155.8263 F300
G1 X77.084 Y102.619 E155.8835 F300
G1 X76.601 Y102.386 E155.9371 F300
G1 X76.157 Y102.156 E155.9870 F300
G1 X75.753 Y101.930 E156.0334 F300
G1 X75.389 Y101.708 E156.0760 F300
G1 X75.066 Y101.488 E156.1151 F300
G1 X74.785 Y101.270 E156.1506 F300
G1 X74.546 Y101.055 E156.1828 F300
G1 X74.350 Y100.842 E156.2118 F300
G1 X74.197 Y100.630 E156.2379 F300
G1 X74.088 Y100.419 E156.2616 F300
G1 X74.022 Y100.210 E156.2836 F300
G1 X74.000 Y100.000 E156.3047 F300
G1 X74.022 Y99.790 E156.3257 F300
G1 X74.088 Y99.581 E156.3477 F300
G1 X74.197 Y99.370 E156.3715 F300
G1 X74.350 Y99.158 E156.3976 F300
G1 X74.546 Y98.945 E156.4266 F300
G1 X74.785 Y98.730 E156.4587 F300
G1 X75.066 Y98.512 E156.4943 F300
G1 X75.389 Y98.292 E156.5333 F300
G1 X75.753 Y98.070 E156.5760 F300
G1 X76.157 Y97.844 E156.6223 F300
G1 X76.601 Y97.614 E156.6723 F300
G1 X77.084 Y97.381 E156.7259 F300
G1 X77.605 Y97.144 E156.7831 F300
G1 X78.162 Y96.903 E156.8438 F300
G1 X78.755 Y96.657 E156.9080 F300
G1 X79.382 Y96.407 E156.9756 F300
G1 X80.043 Y96.152 E157.0464 F300
G1 X80.735 Y95.892 E157.1204 F300
G1 X81.459 Y95.627 E157.1974 F300
G1 X82.211 Y95.358 E157.2773 F300
G1 X82.991 Y95.084 E157.3600 F300
G1 X83.798 Y94.805 E157.4453 F300
G1 X84.629 Y94.521 E157.5332 F300
G1 X85.484 Y94.232 E157.6234 F300
G1 X86.359 Y93.939 E157.7157 F300
G1 X87.255 Y93.641 E157.8101 F300
G1 X88.168 Y93.339 E157.9063 F300
G1 X89.098 Y93.033 E158.0042 F300
G1 X90.043 Y92.724 E158.1036 F300
G1 X91.000 Y92.412 E158.2043 F300
G1 X91.968 Y92.096 E158.3061 F300
G1 X92.946 Y91.778 E158.4089 F300
G1 X93.930 Y91.458 E158.5124 F300
G1 X94.920 Y91.136 E158.6165 F300
G1 X95.914 Y90.813 E158.7210 F300
G1 X96.910 Y90.489 E158.8257 F300
G1 X97.905 Y90.166 E158.9304 F300
G1 X98.899 Y89.843 E159.0349 F300
G1 X99.890 Y89.521 E159.1390 F300
G1 X100.874 Y89.202 E159.2426 F300
G1 X101.852 Y88.885 E159.3453 F300
G1 X102.821 Y88.571 E159.4472 F300
G1 X103.779 Y88.261 E159.5479 F300
G1 X104.725 Y87.956 E159.6473 F300
G1 X105.657 Y87.657 E159.7452 F300
G1 X106.573 Y87.364 E159.8414 F300
G1 X107.473 Y87.078 E159.9357 F300
G1 X108.354 Y86.801 E160.0281 F300
G1 X109.214 Y86.532 E160.1183 F300
G1 X110.054 Y86.273 E160.2061 F300
G1 X110.870 Y86.025 E160.2915 F300
G1 X111.663 Y85.789 E160.3742 F300
G1 X112.430 Y85.564 E160.4541 F300
G1 X113.171 Y85.353 E160.5311 F300
G1 X113.884 Y85.156 E160.6051 F300
G1 X114.568 Y84.974 E160.6759 F300
G1 X115.223 Y84.808 E160.7434 F300
G1 X115.847 Y84.658 E160.8076 F300
G1 X116.440 Y84.526 E160.8683 F300
G1 X117.000 Y84.412 E160.9255 F300
G1 X117.528 Y84.316 E160.9791 F300
G1 X118.022 Y84.241 E161.0291 F300
G1 X118.482 Y84.186 E161.0755 F300
G1 X118.907 Y84.153 E161.1181 F300
G1 X119.298 Y84.141 E161.1572 F300
G1 X119.653 Y84.151 E161.1927 F300
G1 X119.972 Y84.185 E161.2249 F300
G1 X120.256 Y84.242 E161.2539 F300
G1 X120.505 Y84.324 E161.2800 F300
G1 X120.717 Y84.430 E161.3037 F300
G1 X120.894 Y84.561 E161.3257 F300
G1 X121.034 Y84.718 E161.3468 F300
G1 X121.140 Y84.900 E161.3678 F300
G1 X121.210 Y85.108 E161.3898 F300
G1 X121.245 Y85.343 E161.4136 F300
G1 X121.246 Y85.604 E161.4397 F300
G1 X121.213 Y85.892 E161.4687 F300
G1 X121.146 Y86.207 E161.5008 F300
G1 X121.046 Y86.548 E161.5363 F300
G1 X120.914 Y86.915 E161.5754 F300
G1 X120.751 Y87.310 E161.6181 F300
G1 X120.557 Y87.730 E161.6644 F300
G1 X120.332 Y88.177 E161.7144 F300
G1 X120.079 Y88.649 E161.7680 F300
G1 X119.797 Y89.147 E161.8252 F300
G1 X119.488 Y89.670 E161.8859 F300
G1 X119.153 Y90.217 E161.9501 F300
G1 X118.792 Y90.788 E162.0176 F300
G1 X118.408 Y91.383 E162.0885 F300
G1 X118.000 Y92.000 E162.1624 F300
G1 X117.570 Y92.639 E162.2395 F300
G1 X117.120 Y93.299 E162.3194 F300
G1 X116.650 Y93.980 E162.4021 F300
G1 X116.162 Y94.680 E162.4874 F300
G1 X115.656 Y95.398 E162.5753 F300
G1 X115.135 Y96.134 E162.6655 F300
G1 X114.598 Y96.886 E162.7578 F300
G1 X114.049 Y97.653 E162.8522 F300
G1 X113.487 Y98.434 E162.9484 F300
G1 X112.914 Y99.228 E163.0463 F300
G1 X112.332 Y100.034 E163.1457 F300
G1 X111.742 Y100.849 E163.2464 F300
G1 X111.144 Y101.674 E163.3482 F300
G1 X110.540 Y102.505 E163.4510 F300
G1 X109.932 Y103.343 E163.5545 F300
G1 X109.320 Y104.186 E163.6586 F300
G1 X108.706 Y105.031 E163.7631 F300
G1 X108.090 Y105.878 E163.8678 F300
G1 X107.475 Y106.725 E163.9725 F300
G1 X106.861 Y107.570 E164.0770 F300
G1 X106.249 Y108.412 E164.1811 F300
G1 X105.640 Y109.250 E164.2847 F300
G1 X105.035 Y110.081 E164.3874 F300
G1 X104.436 Y110.904 E164.4893 F300
G1 X103.843 Y111.718 E164.5900 F300
G1 X103.257 Y112.521 E164.6894 F300
G1 X102.679 Y113.311 E164.7872 F300
G1 X102.109 Y114.086 E164.8835 F300
G1 X101.550 Y114.846 E164.9778 F300
G1 X101.000 Y115.588 E165.0702 F300
G1 X100.461 Y116.312 E165.1604 F300
G1 X99.935 Y117.015 E165.2482 F300
G1 X99.420 Y117.695 E165.3335 F300
G1 X98.918 Y118.353 E165.4162 F300
G1 X98.429 Y118.985 E165.4962 F300
G1 X97.954 Y119.591 E165.5732 F300
G1 X97.493 Y120.170 E165.6472 F300
G1 X97.046 Y120.719 E165.7180 F300
G1 X96.614 Y121.239 E165.7855 F300
G1 X96.197 Y121.727 E165.8497 F300
G1 X95.796 Y122.182 E165.9104 F300
G1 X95.409 Y122.604 E165.9676 F300
G1 X95.038 Y122.991 E166.0212 F300
G1 X94.683 Y123.342 E166.0712 F300
G1 X94.343 Y123.657 E166.1175 F300
G1 X94.019 Y123.934 E166.1602 F300
G1 X93.710 Y124.173 E166.1993 F300
G1 X93.416 Y124.374 E166.2348 F300
G1 X93.138 Y124.534 E166.2670 F300
G1 X92.874 Y124.655 E166.2959 F300
G1 X92.626 Y124.735 E166.3221 F300
G1 X92.392 Y124.774 E166.3458 F300
G1 X92.172 Y124.771 E166.3678 F300
G1 X91.966 Y124.727 E166.3889 F300
G1 X91.773 Y124.642 E166.4099 F300
G1 X91.594 Y124.514 E166.4319 F300
G1 X91.427 Y124.345 E166.4557 F300
G1 X91.273 Y124.134 E166.4818 F300
G1 X91.131 Y123.882 E166.5107 F300
G1 X91.000 Y123.588 E166.5429 F300
G1 X90.880 Y123.254 E166.5784 F300
G1 X90.771 Y122.879 E166.6175 F300
G1 X90.671 Y122.464 E166.6602 F300
G1 X90.581 Y122.009 E166.7065 F300
G1 X90.500 Y121.516 E166.7565 F300
G1 X90.428 Y120.985 E166.8101 F300
G1 X90.363 Y120.417 E166.8673 F300
G1 X90.306 Y119.812 E166.9280 F300
G1 X90.255 Y119.172 E166.9922 F300
G1 X90.211 Y118.498 E167.0597 F300
G1 X90.173 Y117.791 E167.1305 F300
G1 X90.140 Y117.052 E167.2045 F300
G1 X90.112 Y116.283 E167.2815 F300
G1 X90.088 Y115.484 E167.3615 F300
G1 X90.068 Y114.657 E167.4442 F300
G1 X90.052 Y113.804 E167.5295 F300
G1 X90.039 Y112.925 E167.6174 F300
G1 X90.028 Y112.024 E167.7075 F300
G1 X90.020 Y111.100 E167.7999 F300
G1 X90.014 Y110.156 E167.8943 F300
G1 X90.009 Y109.194 E167.9905 F300
G1 X90.006 Y108.215 E168.0884 F300
G1 X90.003 Y107.222 E168.1877 F300
G1 X90.002 Y106.215 E168.2884 F300
G1 X90.001 Y105.196 E168.3903 F300
G1 X90.000 Y104.168 E168.4931 F300
G1 X90.000 Y103.133 E168.5966 F300
G1 X90.000 Y102.092 E168.7007 F300
G1 X90.000 Y101.047 E168.8052 F300
G1 X90.000 Y100.000 E168.9099 F300
G1 X90.000 Y98.953 E169.0146 F300
G1 X90.000 Y97.908 E169.1191 F300
G1 X90.000 Y96.867 E169.2232 F300
G1 X90.000 Y95.832 E169.3267 F300
G1 X90.001 Y94.804 E169.4295 F300
G1 X90.002 Y93.785 E169.5314 F300
G1 X90.003 Y92.778 E169.6321 F300
G1 X90.006 Y91.785 E169.7314 F300
G1 X90.009 Y90.806 E169.8293 F300
G1 X90.014 Y89.844 E169.9255 F300
G1 X90.020 Y88.900 E170.0199 F300
G1 X90.028 Y87.976 E170.1123 F300
G1 X90.039 Y87.075 E170.2024 F300
G1 X90.052 Y86.196 E170.2903 F300
G1 X90.068 Y85.343 E170.3756 F300
G1 X90.088 Y84.516 E170.4583 F300
G1 X90.112 Y83.717 E170.5383 F300
G1 X90.140 Y82.948 E170.6153 F300
G1 X90.173 Y82.209 E170.6893 F300
G1 X90.211 Y81.502 E170.7601 F300
G1 X90.255 Y80.828 E170.8276 F300
G1 X90.306 Y80.188 E170.8918 F300
G1 X90.363 Y79.583 E170.9525 F300
G1 X90.428 Y79.015 E171.0097 F300
G1 X90.500 Y78.484 E171.0633 F300
G1 X90.581 Y77.991 E171.1133 F300
G1 X90.671 Y77.536 E171.1596 F300
G1 X90.771 Y77.121 E171.2023 F300
G1 X90.880 Y76.746 E171.2414 F300
G1 X91.000 Y76.412 E171.2769 F300
G1 X91.131 Y76.118 E171.3091 F300
G1 X91.273 Y75.866 E171.3380 F300
G1 X91.427 Y75.655 E171.3641 F300
G1 X91.594 Y75.486 E171.3879 F300
G1 X91.773 Y75.358 E171.4099 F300
G1 X91.966 Y75.273 E171.4309 F300
G1 X92.172 Y75.229 E171.4520 F300
G1 X92.392 Y75.226 E171.4740 F300
G1 X92.626 Y75.265 E171.4977 F300
G1 X92.874 Y75.345 E171.5239 F300
G1 X93.138 Y75.466 E171.5528 F300
G1 X93.416 Y75.626 E171.5850 F300
G1 X93.710 Y75.827 E171.6205 F300
G1 X94.019 Y76.066 E171.6596 F300
G1 X94.343 Y76.343 E171.7023 F300
G1 X94.683 Y76.658 E171.7486 F300
G1 X95.038 Y77.009 E171.7986 F300
G1 X95.409 Y77.396 E171.8522 F300
G1 X95.796 Y77.818 E171.9094 F300
G1 X96.197 Y78.273 E171.9701 F300
G1 X96.614 Y78.761 E172.0343 F300
G1 X97.046 Y79.281 E172.1018 F300
G1 X97.493 Y79.830 E172.1726 F300
G1 X97.954 Y80.409 E172.2466 F300
G1 X98.429 Y81.015 E172.3236 F300
G1 X98.918 Y81.647 E172.4036 F300
G1 X99.420 Y82.305 E172.4863 F300
G1 X99.935 Y82.985 E172.5716 F300
G1 X100.461 Y83.688 E172.6594 F300
G1 X101.000 Y84.412 E172.7496 F300
G1 X101.550 Y85.154 E172.8420 F300
G1 X102.109 Y85.914 E172.9363 F300
G1 X102.679 Y86.689 E173.0326 F300
G1 X103.257 Y87.479 E173.1304 F300
G1 X103.843 Y88.282 E173.2298 F300
G1 X104.436 Y89.096 E173.3305 F300
G1 X105.035 Y89.919 E173.4324 F300
G1 X105.640 Y90.750 E173.5351 F300
G1 X106.249 Y91.588 E173.6387 F300
G1 X106.861 Y92.430 E173.7428 F300
G1 X107.475 Y93.275 E173.8473 F300
G1 X108.090 Y94.122 E173.9520 F300
G1 X108.706 Y94.969 E174.0567 F300
G1 X109.320 Y95.814 E174.1612 F300
G1 X109.932 Y96.657 E174.2653 F300
G1 X110.540 Y97.495 E174.3688 F300
G1 X111.144 Y98.326 E174.4716 F300
G1 X111.742 Y99.151 E174.5734 F300
G1 X112.332 Y99.966 E174.6741 F300
G1 X112.914 Y100.772 E174.7735 F300
G1 X113.487 Y101.566 E174.8714 F300
G1 X114.049 Y102.347 E174.9676 F300
G1 X114.598 Y103.114 E175.0620 F300
G1 X115.135 Y103.866 E175.1543 F300
G1 X115.656 Y104.602 E175.2445 F300
G1 X116.162 Y105.320 E175.3324 F300
G1 X116.650 Y106.020 E175.4177 F300
G1 X117.120 Y106.701 E175.5004 F300
G1 X117.570 Y107.361 E175.5803 F300
G1 X118.000 Y108.000 E175.6574 F300
G1 X118.408 Y108.617 E175.7313 F300
G1 X118.792 Y109.212 E175.8022 F300
G1 X119.153 Y109.783 E175.8697 F300
G1 X119.488 Y110.330 E175.9339 F300
G1 X119.797 Y110.853 E175.9946 F300
G1 X120.079 Y111.351 E176.0518 F300
G1 X120.332 Y111.823 E176.1054 F300
G1 X120.557 Y112.270 E176.1554 F300
G1 X120.751 Y112.690 E176.2017 F300
G1 X120.914 Y113.085 E176.2444 F300
G1 X121.046 Y113.452 E176.2835 F300
G1 X121.146 Y113.793 E176.3190 F300
G1 X121.213 Y114.108 E176.3511 F300
G1 X121.246 Y114.396 E176.3801 F300
G1 X121.245 Y114.657 E176.4062 F300
G1 X121.210 Y114.892 E176.4300 F300
G1 X121.140 Y115.100 E176.4520 F300
G1 X121.034 Y115.282 E176.4730 F300
G1 E174.9730 F1200   ; Retract

; === LAYER 8/10 (Z=16.0mm, θ=42.0°, Material B) ===
G1 Z17.00 F600   ; Z-hop
G1 X119.322 Y117.397 F1200   ; Travel to start
G1 Z16.00 F300   ; Lower to layer height
G1 E176.4730 F1200   ; Prime
G1 X119.165 Y117.538 E176.4941 F300
G1 X118.976 Y117.650 E176.5161 F300
G1 X118.754 Y117.734 E176.5398 F300
G1 X118.498 Y117.789 E176.5659 F300
G1 X118.210 Y117.816 E176.5949 F300
G1 X117.888 Y117.816 E176.6271 F300
G1 X117.534 Y117.790 E176.6626 F300
G1 X117.147 Y117.737 E176.7017 F300
G1 X116.727 Y117.659 E176.7443 F300
G1 X116.276 Y117.556 E176.7907 F300
G1 X115.792 Y117.430 E176.8407 F300
G1 X115.277 Y117.280 E176.8943 F300
G1 X114.732 Y117.108 E176.9515 F300
G1 X114.156 Y116.914 E177.0122 F300
G1 X113.551 Y116.700 E177.0764 F300
G1 X112.918 Y116.466 E177.1439 F300
G1 X112.256 Y116.214 E177.2147 F300
G1 X111.568 Y115.943 E177.2887 F300
G1 X110.853 Y115.656 E177.3657 F300
G1 X110.114 Y115.353 E177.4456 F300
G1 X109.350 Y115.034 E177.5283 F300
G1 X108.564 Y114.702 E177.6137 F300
G1 X107.756 Y114.357 E177.7015 F300
G1 X106.928 Y114.000 E177.7917 F300
G1 X106.081 Y113.632 E177.8841 F300
G1 X105.217 Y113.254 E177.9784 F300
G1 X104.336 Y112.867 E178.0746 F300
G1 X103.440 Y112.472 E178.1725 F300
G1 X102.531 Y112.070 E178.2719 F300
G1 X101.611 Y111.661 E178.3726 F300
G1 X100.680 Y111.248 E178.4745 F300
G1 X99.741 Y110.831 E178.5772 F300
G1 X98.795 Y110.410 E178.6808 F300
G1 X97.844 Y109.986 E178.7849 F300
G1 X96.889 Y109.561 E178.8894 F300
G1 X95.933 Y109.135 E178.9941 F300
G1 X94.976 Y108.710 E179.0988 F300
G1 X94.022 Y108.285 E179.2033 F300
G1 X93.071 Y107.861 E179.3074 F300
G1 X92.125 Y107.440 E179.4109 F300
G1 X91.186 Y107.021 E179.5137 F300
G1 X90.256 Y106.606 E179.6155 F300
G1 X89.337 Y106.195 E179.7162 F300
G1 X88.430 Y105.789 E179.8156 F300
G1 X87.537 Y105.388 E179.9135 F300
G1 X86.660 Y104.992 E180.0097 F300
G1 X85.800 Y104.602 E180.1041 F300
G1 X84.960 Y104.219 E180.1964 F300
G1 X84.141 Y103.843 E180.2866 F300
G1 X83.344 Y103.473 E180.3745 F300
G1 X82.571 Y103.111 E180.4598 F300
G1 X81.823 Y102.757 E180.5425 F300
G1 X81.103 Y102.410 E180.6224 F300
G1 X80.412 Y102.072 E180.6995 F300
G1 X79.750 Y101.741 E180.7734 F300
G1 X79.119 Y101.419 E180.8442 F300
G1 X78.522 Y101.104 E180.9118 F300
G1 X77.958 Y100.798 E180.9760 F300
G1 X77.429 Y100.500 E181.0367 F300
G1 X76.936 Y100.209 E181.0939 F300
G1 X76.480 Y99.927 E181.1475 F300
G1 X76.063 Y99.652 E181.1975 F300
G1 X75.684 Y99.385 E181.2438 F300
G1 X75.345 Y99.126 E181.2865 F300
G1 X75.047 Y98.873 E181.3255 F300
G1 X74.790 Y98.628 E181.3611 F300
G1 X74.575 Y98.389 E181.3932 F300
G1 X74.403 Y98.156 E181.4222 F300
G1 X74.273 Y97.929 E181.4483 F300
G1 X74.186 Y97.709 E181.4721 F300
G1 X74.142 Y97.493 E181.4941 F300
G1 X74.142 Y97.282 E181.5151 F300
G1 X74.186 Y97.076 E181.5362 F300
G1 X74.273 Y96.874 E181.5582 F300
G1 X74.404 Y96.676 E181.5819 F300
G1 X74.579 Y96.482 E181.6080 F300
G1 X74.796 Y96.290 E181.6370 F300
G1 X75.056 Y96.101 E181.6692 F300
G1 X75.358 Y95.914 E181.7047 F300
G1 X75.702 Y95.729 E181.7438 F300
G1 X76.088 Y95.546 E181.7864 F300
G1 X76.513 Y95.363 E181.8328 F300
G1 X76.979 Y95.181 E181.8827 F300
G1 X77.483 Y95.000 E181.9363 F300
G1 X78.026 Y94.819 E181.9935 F300
G1 X78.605 Y94.637 E182.0543 F300
G1 X79.221 Y94.454 E182.1184 F300
G1 X79.871 Y94.271 E182.1860 F300
G1 X80.554 Y94.087 E182.2568 F300
G1 X81.270 Y93.901 E182.3308 F300
G1 X82.017 Y93.713 E182.4078 F300
G1 X82.794 Y93.524 E182.4877 F300
G1 X83.599 Y93.333 E182.5704 F300
G1 X84.430 Y93.139 E182.6558 F300
G1 X85.286 Y92.944 E182.7436 F300
G1 X86.166 Y92.746 E182.8338 F300
G1 X87.068 Y92.546 E182.9262 F300
G1 X87.989 Y92.344 E183.0205 F300
G1 X88.929 Y92.139 E183.1167 F300
G1 X89.886 Y91.932 E183.2146 F300
G1 X90.858 Y91.723 E183.3140 F300
G1 X91.843 Y91.512 E183.4147 F300
G1 X92.838 Y91.300 E183.5165 F300
G1 X93.844 Y91.086 E183.6193 F300
G1 X94.856 Y90.870 E183.7229 F300
G1 X95.875 Y90.653 E183.8270 F300
G1 X96.897 Y90.436 E183.9315 F300
G1 X97.921 Y90.219 E184.0362 F300
G1 X98.945 Y90.001 E184.1408 F300
G1 X99.967 Y89.784 E184.2453 F300
G1 X100.985 Y89.567 E184.3495 F300
G1 X101.998 Y89.352 E184.4530 F300
G1 X103.004 Y89.139 E184.5558 F300
G1 X104.000 Y88.928 E184.6576 F300
G1 X104.985 Y88.720 E184.7583 F300
G1 X105.958 Y88.516 E184.8577 F300
G1 X106.916 Y88.316 E184.9556 F300
G1 X107.858 Y88.120 E185.0518 F300
G1 X108.783 Y87.930 E185.1462 F300
G1 X109.688 Y87.746 E185.2385 F300
G1 X110.572 Y87.569 E185.3287 F300
G1 X111.434 Y87.400 E185.4165 F300
G1 X112.272 Y87.238 E185.5019 F300
G1 X113.085 Y87.086 E185.5846 F300
G1 X113.871 Y86.943 E185.6645 F300
G1 X114.630 Y86.810 E185.7415 F300
G1 X115.359 Y86.689 E185.8155 F300
G1 X116.059 Y86.579 E185.8863 F300
G1 X116.727 Y86.482 E185.9539 F300
G1 X117.364 Y86.398 E186.0181 F300
G1 X117.967 Y86.329 E186.0788 F300
G1 X118.536 Y86.274 E186.1360 F300
G1 X119.071 Y86.234 E186.1896 F300
G1 X119.570 Y86.211 E186.2396 F300
G1 X120.033 Y86.205 E186.2859 F300
G1 X120.460 Y86.216 E186.3286 F300
G1 X120.850 Y86.245 E186.3676 F300
G1 X121.202 Y86.292 E186.4032 F300
G1 X121.516 Y86.359 E186.4353 F300
G1 X121.793 Y86.446 E186.4643 F300
G1 X122.031 Y86.553 E186.4904 F300
G1 X122.231 Y86.681 E186.5141 F300
G1 X122.393 Y86.830 E186.5361 F300
G1 X122.517 Y87.000 E186.5572 F300
G1 X122.602 Y87.192 E186.5783 F300
G1 X122.650 Y87.407 E186.6003 F300
G1 X122.661 Y87.644 E186.6240 F300
G1 X122.634 Y87.904 E186.6501 F300
G1 X122.571 Y88.187 E186.6791 F300
G1 X122.472 Y88.493 E186.7112 F300
G1 X122.337 Y88.821 E186.7468 F300
G1 X122.168 Y89.173 E186.7858 F300
G1 X121.964 Y89.548 E186.8285 F300
G1 X121.727 Y89.946 E186.8748 F300
G1 X121.457 Y90.367 E186.9248 F300
G1 X121.155 Y90.810 E186.9784 F300
G1 X120.823 Y91.276 E187.0356 F300
G1 X120.461 Y91.763 E187.0964 F300
G1 X120.071 Y92.273 E187.1605 F300
G1 X119.652 Y92.803 E187.2281 F300
G1 X119.208 Y93.354 E187.2989 F300
G1 X118.738 Y93.925 E187.3729 F300
G1 X118.244 Y94.516 E187.4499 F300
G1 X117.727 Y95.126 E187.5298 F300
G1 X117.188 Y95.753 E187.6125 F300
G1 X116.629 Y96.398 E187.6979 F300
G1 X116.051 Y97.060 E187.7857 F300
G1 X115.456 Y97.737 E187.8759 F300
G1 X114.844 Y98.429 E187.9682 F300
G1 X114.217 Y99.134 E188.0626 F300
G1 X113.577 Y99.853 E188.1588 F300
G1 X112.924 Y100.582 E188.2567 F300
G1 X112.261 Y101.322 E188.3561 F300
G1 X111.588 Y102.072 E188.4568 F300
G1 X110.908 Y102.829 E188.5586 F300
G1 X110.220 Y103.593 E188.6614 F300
G1 X109.528 Y104.363 E188.7649 F300
G1 X108.831 Y105.137 E188.8691 F300
G1 X108.132 Y105.913 E188.9736 F300
G1 X107.431 Y106.691 E189.0782 F300
G1 X106.731 Y107.469 E189.1829 F300
G1 X106.032 Y108.246 E189.2874 F300
G1 X105.335 Y109.019 E189.3915 F300
G1 X104.642 Y109.789 E189.4951 F300
G1 X103.954 Y110.552 E189.5979 F300
G1 X103.272 Y111.308 E189.6997 F300
G1 X102.597 Y112.056 E189.8004 F300
G1 X101.930 Y112.793 E189.8998 F300
G1 X101.273 Y113.518 E189.9977 F300
G1 X100.625 Y114.230 E190.0939 F300
G1 X99.989 Y114.927 E190.1883 F300
G1 X99.365 Y115.608 E190.2806 F300
G1 X98.754 Y116.271 E190.3708 F300
G1 X98.156 Y116.914 E190.4586 F300
G1 X97.573 Y117.538 E190.5440 F300
G1 X97.005 Y118.139 E190.6267 F300
G1 X96.453 Y118.717 E190.7066 F300
G1 X95.917 Y119.270 E190.7836 F300
G1 X95.398 Y119.797 E190.8576 F300
G1 X94.897 Y120.297 E190.9284 F300
G1 X94.413 Y120.768 E190.9960 F300
G1 X93.947 Y121.210 E191.0601 F300
G1 X93.500 Y121.621 E191.1209 F300
G1 X93.072 Y122.000 E191.1781 F300
G1 X92.662 Y122.346 E191.2317 F300
G1 X92.272 Y122.658 E191.2816 F300
G1 X91.901 Y122.936 E191.3280 F300
G1 X91.550 Y123.178 E191.3706 F300
G1 X91.217 Y123.383 E191.4097 F300
G1 X90.905 Y123.552 E191.4453 F300
G1 X90.611 Y123.682 E191.4774 F300
G1 X90.336 Y123.775 E191.5064 F300
G1 X90.081 Y123.828 E191.5325 F300
G1 X89.844 Y123.843 E191.5562 F300
G1 X89.625 Y123.817 E191.5782 F300
G1 X89.425 Y123.752 E191.5993 F300
G1 X89.242 Y123.647 E191.6204 F300
G1 X89.077 Y123.502 E191.6423 F300
G1 X88.929 Y123.316 E191.6661 F300
G1 X88.798 Y123.090 E191.6922 F300
G1 X88.683 Y122.824 E191.7212 F300
G1 X88.584 Y122.518 E191.7533 F300
G1 X88.499 Y122.173 E191.7889 F300
G1 X88.430 Y121.789 E191.8279 F300
G1 X88.374 Y121.366 E191.8706 F300
G1 X88.332 Y120.904 E191.9169 F300
G1 X88.303 Y120.405 E191.9669 F300
G1 X88.287 Y119.870 E192.0205 F300
G1 X88.282 Y119.298 E192.0777 F300
G1 X88.288 Y118.690 E192.1384 F300
G1 X88.305 Y118.049 E192.2026 F300
G1 X88.331 Y117.374 E192.2702 F300
G1 X88.367 Y116.667 E192.3410 F300
G1 X88.412 Y115.928 E192.4150 F300
G1 X88.464 Y115.160 E192.4920 F300
G1 X88.524 Y114.363 E192.5719 F300
G1 X88.591 Y113.538 E192.6546 F300
G1 X88.664 Y112.688 E192.7400 F300
G1 X88.742 Y111.813 E192.8278 F300
G1 X88.826 Y110.915 E192.9180 F300
G1 X88.914 Y109.996 E193.0103 F300
G1 X89.007 Y109.057 E193.1047 F300
G1 X89.103 Y108.100 E193.2009 F300
G1 X89.202 Y107.126 E193.2988 F300
G1 X89.303 Y106.137 E193.3982 F300
G1 X89.407 Y105.135 E193.4989 F300
G1 X89.512 Y104.123 E193.6007 F300
G1 X89.619 Y103.100 E193.7035 F300
G1 X89.727 Y102.071 E193.8070 F300
G1 X89.836 Y101.035 E193.9111 F300
G1 X89.945 Y99.996 E194.0156 F300
G1 X90.055 Y98.955 E194.1203 F300
G1 X90.164 Y97.914 E194.2250 F300
G1 X90.273 Y96.874 E194.3295 F300
G1 X90.382 Y95.839 E194.4336 F300
G1 X90.491 Y94.809 E194.5372 F300
G1 X90.599 Y93.787 E194.6400 F300
G1 X90.706 Y92.774 E194.7418 F300
G1 X90.813 Y91.773 E194.8425 F300
G1 X90.919 Y90.785 E194.9419 F300
G1 X91.025 Y89.812 E195.0398 F300
G1 X91.130 Y88.855 E195.1360 F300
G1 X91.235 Y87.918 E195.2303 F300
G1 X91.340 Y87.000 E195.3227 F300
G1 X91.444 Y86.104 E195.4129 F300
G1 X91.549 Y85.232 E195.5007 F300
G1 X91.655 Y84.385 E195.5861 F300
G1 X91.761 Y83.565 E195.6688 F300
G1 X91.868 Y82.773 E195.7487 F300
G1 X91.976 Y82.010 E195.8257 F300
G1 X92.086 Y81.279 E195.8997 F300
G1 X92.198 Y80.580 E195.9705 F300
G1 X92.313 Y79.914 E196.0380 F300
G1 X92.430 Y79.283 E196.1022 F300
G1 X92.550 Y78.688 E196.1629 F300
G1 X92.674 Y78.129 E196.2201 F300
G1 X92.801 Y77.609 E196.2738 F300
G1 X92.934 Y77.127 E196.3237 F300
G1 X93.071 Y76.684 E196.3701 F300
G1 X93.213 Y76.282 E196.4127 F300
G1 X93.361 Y75.920 E196.4518 F300
G1 X93.515 Y75.600 E196.4873 F300
G1 X93.676 Y75.322 E196.5195 F300
G1 X93.844 Y75.086 E196.5485 F300
G1 X94.019 Y74.892 E196.5746 F300
G1 X94.202 Y74.741 E196.5983 F300
G1 X94.394 Y74.633 E196.6203 F300
G1 X94.594 Y74.568 E196.6414 F300
G1 X94.804 Y74.546 E196.6624 F300
G1 X95.023 Y74.567 E196.6844 F300
G1 X95.252 Y74.630 E196.7082 F300
G1 X95.490 Y74.735 E196.7343 F300
G1 X95.740 Y74.883 E196.7633 F300
G1 X96.000 Y75.072 E196.7954 F300
G1 X96.271 Y75.302 E196.8309 F300
G1 X96.553 Y75.572 E196.8700 F300
G1 X96.847 Y75.881 E196.9127 F300
G1 X97.152 Y76.230 E196.9590 F300
G1 X97.469 Y76.617 E197.0090 F300
G1 X97.797 Y77.040 E197.0626 F300
G1 X98.137 Y77.500 E197.1198 F300
G1 X98.489 Y77.995 E197.1805 F300
G1 X98.853 Y78.524 E197.2447 F300
G1 X99.228 Y79.086 E197.3123 F300
G1 X99.615 Y79.679 E197.3831 F300
G1 X100.013 Y80.302 E197.4570 F300
G1 X100.422 Y80.955 E197.5341 F300
G1 X100.842 Y81.635 E197.6140 F300
G1 X101.273 Y82.341 E197.6967 F300
G1 X101.713 Y83.072 E197.7820 F300
G1 X102.164 Y83.826 E197.8699 F300
G1 X102.624 Y84.601 E197.9601 F300
G1 X103.093 Y85.397 E198.0524 F300
G1 X103.570 Y86.211 E198.1468 F300
G1 X104.055 Y87.042 E198.2430 F300
G1 X104.548 Y87.888 E198.3409 F300
G1 X105.047 Y88.748 E198.4403 F300
G1 X105.551 Y89.619 E198.5410 F300
G1 X106.061 Y90.500 E198.6428 F300
G1 X106.576 Y91.390 E198.7456 F300
G1 X107.094 Y92.287 E198.8491 F300
G1 X107.614 Y93.188 E198.9532 F300
G1 X108.137 Y94.093 E199.0577 F300
G1 X108.660 Y95.000 E199.1624 F300
G1 X109.184 Y95.907 E199.2671 F300
G1 X109.706 Y96.812 E199.3716 F300
G1 X110.227 Y97.713 E199.4757 F300
G1 X110.744 Y98.610 E199.5793 F300
G1 X111.258 Y99.500 E199.6820 F300
G1 X111.766 Y100.383 E199.7839 F300
G1 X112.268 Y101.256 E199.8846 F300
G1 X112.763 Y102.118 E199.9840 F300
G1 X113.250 Y102.967 E200.0818 F300
G1 X113.727 Y103.803 E200.1781 F300
G1 X114.193 Y104.623 E200.2724 F300
G1 X114.648 Y105.427 E200.3648 F300
G1 X115.089 Y106.213 E200.4550 F300
G1 X115.517 Y106.980 E200.5428 F300
G1 X115.929 Y107.727 E200.6281 F300
G1 X116.326 Y108.453 E200.7109 F300
G1 X116.705 Y109.157 E200.7908 F300
G1 X117.065 Y109.838 E200.8678 F300
G1 X117.406 Y110.494 E200.9418 F300
G1 X117.727 Y111.126 E201.0126 F300
G1 X118.025 Y111.731 E201.0801 F300
G1 X118.302 Y112.311 E201.1443 F300
G1 X118.554 Y112.863 E201.2050 F300
G1 X118.782 Y113.387 E201.2622 F300
G1 X118.985 Y113.884 E201.3158 F300
G1 X119.161 Y114.351 E201.3658 F300
G1 X119.311 Y114.790 E201.4121 F300
G1 X119.432 Y115.199 E201.4548 F300
G1 X119.525 Y115.579 E201.4939 F300
G1 X119.588 Y115.928 E201.5294 F300
G1 X119.622 Y116.248 E201.5616 F300
G1 X119.625 Y116.538 E201.5905 F300
G1 X119.597 Y116.797 E201.6167 F300
G1 X119.537 Y117.027 E201.6404 F300
G1 X119.446 Y117.227 E201.6624 F300
G1 X119.322 Y117.397 E201.6835 F300
G1 E200.1835 F1200   ; Retract

; *** MATERIAL SWITCH: B → A ***
; >>> PAUSE: Switch to syringe A <<<
M0               ; Pause for syringe swap
; >>> SYRINGE: Material A <<<

; === LAYER 9/10 (Z=18.0mm, θ=48.0°, Material A) ===
G1 Z19.00 F600   ; Z-hop
G1 X117.397 Y119.322 F1200   ; Travel to start
G1 Z18.00 F300   ; Lower to layer height
G1 E201.6835 F1200   ; Prime
G1 X117.227 Y119.446 E201.7045 F300
G1 X117.027 Y119.537 E201.7265 F300
G1 X116.797 Y119.597 E201.7503 F300
G1 X116.538 Y119.625 E201.7764 F300
G1 X116.248 Y119.622 E201.8054 F300
G1 X115.928 Y119.588 E201.8375 F300
G1 X115.579 Y119.525 E201.8730 F300
G1 X115.199 Y119.432 E201.9121 F300
G1 X114.790 Y119.311 E201.9548 F300
G1 X114.351 Y119.161 E202.0011 F300
G1 X113.884 Y118.985 E202.0511 F300
G1 X113.387 Y118.782 E202.1047 F300
G1 X112.863 Y118.554 E202.1619 F300
G1 X112.311 Y118.302 E202.2226 F300
G1 X111.731 Y118.025 E202.2868 F300
G1 X111.126 Y117.727 E202.3543 F300
G1 X110.494 Y117.406 E202.4252 F300
G1 X109.838 Y117.065 E202.4991 F300
G1 X109.157 Y116.705 E202.5761 F300
G1 X108.453 Y116.326 E202.6561 F300
G1 X107.727 Y115.929 E202.7388 F300
G1 X106.980 Y115.517 E202.8241 F300
G1 X106.213 Y115.089 E202.9120 F300
G1 X105.427 Y114.648 E203.0021 F300
G1 X104.623 Y114.193 E203.0945 F300
G1 X103.803 Y113.727 E203.1889 F300
G1 X102.967 Y113.250 E203.2851 F300
G1 X102.118 Y112.763 E203.3830 F300
G1 X101.256 Y112.268 E203.4824 F300
G1 X100.383 Y111.766 E203.5831 F300
G1 X99.500 Y111.258 E203.6849 F300
G1 X98.610 Y110.744 E203.7877 F300
G1 X97.713 Y110.227 E203.8912 F300
G1 X96.812 Y109.706 E203.9953 F300
G1 X95.907 Y109.184 E204.0998 F300
G1 X95.000 Y108.660 E204.2045 F300
G1 X94.093 Y108.137 E204.3092 F300
G1 X93.188 Y107.614 E204.4137 F300
G1 X92.287 Y107.094 E204.5178 F300
G1 X91.390 Y106.576 E204.6213 F300
G1 X90.500 Y106.061 E204.7241 F300
G1 X89.619 Y105.551 E204.8260 F300
G1 X88.748 Y105.047 E204.9267 F300
G1 X87.888 Y104.548 E205.0260 F300
G1 X87.042 Y104.055 E205.1239 F300
G1 X86.211 Y103.570 E205.2201 F300
G1 X85.397 Y103.093 E205.3145 F300
G1 X84.601 Y102.624 E205.4069 F300
G1 X83.826 Y102.164 E205.4970 F300
G1 X83.072 Y101.713 E205.5849 F300
G1 X82.341 Y101.273 E205.6702 F300
G1 X81.635 Y100.842 E205.7529 F300
G1 X80.955 Y100.422 E205.8329 F300
G1 X80.302 Y100.013 E205.9099 F300
G1 X79.679 Y99.615 E205.9839 F300
G1 X79.086 Y99.228 E206.0547 F300
G1 X78.524 Y98.853 E206.1222 F300
G1 X77.995 Y98.489 E206.1864 F300
G1 X77.500 Y98.137 E206.2471 F300
G1 X77.040 Y97.797 E206.3043 F300
G1 X76.617 Y97.469 E206.3579 F300
G1 X76.230 Y97.152 E206.4079 F300
G1 X75.881 Y96.847 E206.4542 F300
G1 X75.572 Y96.553 E206.4969 F300
G1 X75.302 Y96.271 E206.5360 F300
G1 X75.072 Y96.000 E206.5715 F300
G1 X74.883 Y95.740 E206.6037 F300
G1 X74.735 Y95.490 E206.6326 F300
G1 X74.630 Y95.252 E206.6588 F300
G1 X74.567 Y95.023 E206.6825 F300
G1 X74.546 Y94.804 E206.7045 F300
G1 X74.568 Y94.594 E206.7255 F300
G1 X74.633 Y94.394 E206.7466 F300
G1 X74.741 Y94.202 E206.7686 F300
G1 X74.892 Y94.019 E206.7923 F300
G1 X75.086 Y93.844 E206.8185 F300
G1 X75.322 Y93.676 E206.8474 F300
G1 X75.600 Y93.515 E206.8796 F300
G1 X75.920 Y93.361 E206.9151 F300
G1 X76.282 Y93.213 E206.9542 F300
G1 X76.684 Y93.071 E206.9969 F300
G1 X77.127 Y92.934 E207.0432 F300
G1 X77.609 Y92.801 E207.0932 F300
G1 X78.129 Y92.674 E207.1468 F300
G1 X78.688 Y92.550 E207.2040 F300
G1 X79.283 Y92.430 E207.2647 F300
G1 X79.914 Y92.313 E207.3289 F300
G1 X80.580 Y92.198 E207.3964 F300
G1 X81.279 Y92.086 E207.4672 F300
G1 X82.010 Y91.976 E207.5412 F300
G1 X82.773 Y91.868 E207.6182 F300
G1 X83.565 Y91.761 E207.6982 F300
G1 X84.385 Y91.655 E207.7809 F300
G1 X85.232 Y91.549 E207.8662 F300
G1 X86.104 Y91.444 E207.9541 F300
G1 X87.000 Y91.340 E208.0442 F300
G1 X87.918 Y91.235 E208.1366 F300
G1 X88.855 Y91.130 E208.2310 F300
G1 X89.812 Y91.025 E208.3272 F300
G1 X90.785 Y90.919 E208.4251 F300
G1 X91.773 Y90.813 E208.5244 F300
G1 X92.774 Y90.706 E208.6251 F300
G1 X93.787 Y90.599 E208.7270 F300
G1 X94.809 Y90.491 E208.8298 F300
G1 X95.839 Y90.382 E208.9333 F300
G1 X96.874 Y90.273 E209.0374 F300
G1 X97.914 Y90.164 E209.1419 F300
G1 X98.955 Y90.055 E209.2466 F300
G1 X99.996 Y89.945 E209.3513 F300
G1 X101.035 Y89.836 E209.4558 F300
G1 X102.071 Y89.727 E209.5599 F300
G1 X103.100 Y89.619 E209.6634 F300
G1 X104.123 Y89.512 E209.7662 F300
G1 X105.135 Y89.407 E209.8680 F300
G1 X106.137 Y89.303 E209.9687 F300
G1 X107.126 Y89.202 E210.0681 F300
G1 X108.100 Y89.103 E210.1660 F300
G1 X109.057 Y89.007 E210.2622 F300
G1 X109.996 Y88.914 E210.3566 F300
G1 X110.915 Y88.826 E210.4490 F300
G1 X111.813 Y88.742 E210.5391 F300
G1 X112.688 Y88.664 E210.6270 F300
G1 X113.538 Y88.591 E210.7123 F300
G1 X114.363 Y88.524 E210.7950 F300
G1 X115.160 Y88.464 E210.8750 F300
G1 X115.928 Y88.412 E210.9520 F300
G1 X116.667 Y88.367 E211.0259 F300
G1 X117.374 Y88.331 E211.0968 F300
G1 X118.049 Y88.305 E211.1643 F300
G1 X118.690 Y88.288 E211.2285 F300
G1 X119.298 Y88.282 E211.2892 F300
G1 X119.870 Y88.287 E211.3464 F300
G1 X120.405 Y88.303 E211.4000 F300
G1 X120.904 Y88.332 E211.4500 F300
G1 X121.366 Y88.374 E211.4963 F300
G1 X121.789 Y88.430 E211.5390 F300
G1 X122.173 Y88.499 E211.5781 F300
G1 X122.518 Y88.584 E211.6136 F300
G1 X122.824 Y88.683 E211.6457 F300
G1 X123.090 Y88.798 E211.6747 F300
G1 X123.316 Y88.929 E211.7008 F300
G1 X123.502 Y89.077 E211.7246 F300
G1 X123.647 Y89.242 E211.7466 F300
G1 X123.752 Y89.425 E211.7676 F300
G1 X123.817 Y89.625 E211.7887 F300
G1 X123.843 Y89.844 E211.8107 F300
G1 X123.828 Y90.081 E211.8344 F300
G1 X123.775 Y90.336 E211.8606 F300
G1 X123.682 Y90.611 E211.8895 F300
G1 X123.552 Y90.905 E211.9217 F300
G1 X123.383 Y91.217 E211.9572 F300
G1 X123.178 Y91.550 E211.9963 F300
G1 X122.936 Y91.901 E212.0390 F300
G1 X122.658 Y92.272 E212.0853 F300
G1 X122.346 Y92.662 E212.1353 F300
G1 X122.000 Y93.072 E212.1889 F300
G1 X121.621 Y93.500 E212.2461 F300
G1 X121.210 Y93.947 E212.3068 F300
G1 X120.768 Y94.413 E212.3710 F300
G1 X120.297 Y94.897 E212.4385 F300
G1 X119.797 Y95.398 E212.5093 F300
G1 X119.270 Y95.917 E212.5833 F300
G1 X118.717 Y96.453 E212.6603 F300
G1 X118.139 Y97.005 E212.7402 F300
G1 X117.538 Y97.573 E212.8230 F300
G1 X116.914 Y98.156 E212.9083 F300
G1 X116.271 Y98.754 E212.9961 F300
G1 X115.608 Y99.365 E213.0863 F300
G1 X114.927 Y99.989 E213.1787 F300
G1 X114.230 Y100.625 E213.2730 F300
G1 X113.518 Y101.273 E213.3693 F300
G1 X112.793 Y101.930 E213.4671 F300
G1 X112.056 Y102.597 E213.5665 F300
G1 X111.308 Y103.272 E213.6672 F300
G1 X110.552 Y103.954 E213.7691 F300
G1 X109.789 Y104.642 E213.8718 F300
G1 X109.019 Y105.335 E213.9754 F300
G1 X108.246 Y106.032 E214.0795 F300
G1 X107.469 Y106.731 E214.1840 F300
G1 X106.691 Y107.431 E214.2887 F300
G1 X105.913 Y108.132 E214.3934 F300
G1 X105.137 Y108.831 E214.4979 F300
G1 X104.363 Y109.528 E214.6020 F300
G1 X103.593 Y110.220 E214.7055 F300
G1 X102.829 Y110.908 E214.8083 F300
G1 X102.072 Y111.588 E214.9101 F300
G1 X101.322 Y112.261 E215.0108 F300
G1 X100.582 Y112.924 E215.1102 F300
G1 X99.853 Y113.577 E215.2081 F300
G1 X99.134 Y114.217 E215.3043 F300
G1 X98.429 Y114.844 E215.3987 F300
G1 X97.737 Y115.456 E215.4910 F300
G1 X97.060 Y116.051 E215.5812 F300
G1 X96.398 Y116.629 E215.6691 F300
G1 X95.753 Y117.188 E215.7544 F300
G1 X95.126 Y117.727 E215.8371 F300
G1 X94.516 Y118.244 E215.9170 F300
G1 X93.925 Y118.738 E215.9941 F300
G1 X93.354 Y119.208 E216.0680 F300
G1 X92.803 Y119.652 E216.1388 F300
G1 X92.273 Y120.071 E216.2064 F300
G1 X91.763 Y120.461 E216.2706 F300
G1 X91.276 Y120.823 E216.3313 F300
G1 X90.810 Y121.155 E216.3885 F300
G1 X90.367 Y121.457 E216.4421 F300
G1 X89.946 Y121.727 E216.4921 F300
G1 X89.548 Y121.964 E216.5384 F300
G1 X89.173 Y122.168 E216.5811 F300
G1 X88.821 Y122.337 E216.6202 F300
G1 X88.493 Y122.472 E216.6557 F300
G1 X88.187 Y122.571 E216.6878 F300
G1 X87.904 Y122.634 E216.7168 F300
G1 X87.644 Y122.661 E216.7429 F300
G1 X87.407 Y122.650 E216.7667 F300
G1 X87.192 Y122.602 E216.7887 F300
G1 X87.000 Y122.517 E216.8097 F300
G1 X86.830 Y122.393 E216.8308 F300
G1 X86.681 Y122.231 E216.8528 F300
G1 X86.553 Y122.031 E216.8765 F300
G1 X86.446 Y121.793 E216.9026 F300
G1 X86.359 Y121.516 E216.9316 F300
G1 X86.292 Y121.202 E216.9638 F300
G1 X86.245 Y120.850 E216.9993 F300
G1 X86.216 Y120.460 E217.0384 F300
G1 X86.205 Y120.033 E217.0810 F300
G1 X86.211 Y119.570 E217.1274 F300
G1 X86.234 Y119.071 E217.1773 F300
G1 X86.274 Y118.536 E217.2310 F300
G1 X86.329 Y117.967 E217.2881 F300
G1 X86.398 Y117.364 E217.3489 F300
G1 X86.482 Y116.727 E217.4131 F300
G1 X86.579 Y116.059 E217.4806 F300
G1 X86.689 Y115.359 E217.5514 F300
G1 X86.810 Y114.630 E217.6254 F300
G1 X86.943 Y113.871 E217.7024 F300
G1 X87.086 Y113.085 E217.7823 F300
G1 X87.238 Y112.272 E217.8650 F300
G1 X87.400 Y111.434 E217.9504 F300
G1 X87.569 Y110.572 E218.0382 F300
G1 X87.746 Y109.688 E218.1284 F300
G1 X87.930 Y108.783 E218.2208 F300
G1 X88.120 Y107.858 E218.3151 F300
G1 X88.316 Y106.916 E218.4113 F300
G1 X88.516 Y105.958 E218.5092 F300
G1 X88.720 Y104.985 E218.6086 F300
G1 X88.928 Y104.000 E218.7093 F300
G1 X89.139 Y103.004 E218.8111 F300
G1 X89.352 Y101.998 E218.9139 F300
G1 X89.567 Y100.985 E219.0175 F300
G1 X89.784 Y99.967 E219.1216 F300
G1 X90.001 Y98.945 E219.2261 F300
G1 X90.219 Y97.921 E219.3308 F300
G1 X90.436 Y96.897 E219.4355 F300
G1 X90.653 Y95.875 E219.5400 F300
G1 X90.870 Y94.856 E219.6441 F300
G1 X91.086 Y93.844 E219.7476 F300
G1 X91.300 Y92.838 E219.8504 F300
G1 X91.512 Y91.843 E219.9522 F300
G1 X91.723 Y90.858 E220.0529 F300
G1 X91.932 Y89.886 E220.1523 F300
G1 X92.139 Y88.929 E220.2502 F300
G1 X92.344 Y87.989 E220.3464 F300
G1 X92.546 Y87.068 E220.4408 F300
G1 X92.746 Y86.166 E220.5331 F300
G1 X92.944 Y85.286 E220.6233 F300
G1 X93.139 Y84.430 E220.7111 F300
G1 X93.333 Y83.599 E220.7965 F300
G1 X93.524 Y82.794 E220.8792 F300
G1 X93.713 Y82.017 E220.9591 F300
G1 X93.901 Y81.270 E221.0361 F300
G1 X94.087 Y80.554 E221.1101 F300
G1 X94.271 Y79.871 E221.1809 F300
G1 X94.454 Y79.221 E221.2485 F300
G1 X94.637 Y78.605 E221.3127 F300
G1 X94.819 Y78.026 E221.3734 F300
G1 X95.000 Y77.483 E221.4306 F300
G1 X95.181 Y76.979 E221.4842 F300
G1 X95.363 Y76.513 E221.5342 F300
G1 X95.546 Y76.088 E221.5805 F300
G1 X95.729 Y75.702 E221.6232 F300
G1 X95.914 Y75.358 E221.6622 F300
G1 X96.101 Y75.056 E221.6978 F300
G1 X96.290 Y74.796 E221.7299 F300
G1 X96.482 Y74.579 E221.7589 F300
G1 X96.676 Y74.404 E221.7850 F300
G1 X96.874 Y74.273 E221.8088 F300
G1 X97.076 Y74.186 E221.8307 F300
G1 X97.282 Y74.142 E221.8518 F300
G1 X97.493 Y74.142 E221.8729 F300
G1 X97.709 Y74.186 E221.8949 F300
G1 X97.929 Y74.273 E221.9186 F300
G1 X98.156 Y74.403 E221.9447 F300
G1 X98.389 Y74.575 E221.9737 F300
G1 X98.628 Y74.790 E222.0058 F300
G1 X98.873 Y75.047 E222.0414 F300
G1 X99.126 Y75.345 E222.0804 F300
G1 X99.385 Y75.684 E222.1231 F300
G1 X99.652 Y76.063 E222.1695 F300
G1 X99.927 Y76.480 E222.2194 F300
G1 X100.209 Y76.936 E222.2730 F300
G1 X100.500 Y77.429 E222.3302 F300
G1 X100.798 Y77.958 E222.3910 F300
G1 X101.104 Y78.522 E222.4551 F300
G1 X101.419 Y79.119 E222.5227 F300
G1 X101.741 Y79.750 E222.5935 F300
G1 X102.072 Y80.412 E222.6675 F300
G1 X102.410 Y81.103 E222.7445 F300
G1 X102.757 Y81.823 E222.8244 F300
G1 X103.111 Y82.571 E222.9071 F300
G1 X103.473 Y83.344 E222.9925 F300
G1 X103.843 Y84.141 E223.0803 F300
G1 X104.219 Y84.960 E223.1705 F300
G1 X104.602 Y85.800 E223.2628 F300
G1 X104.992 Y86.660 E223.3572 F300
G1 X105.388 Y87.537 E223.4534 F300
G1 X105.789 Y88.430 E223.5513 F300
G1 X106.195 Y89.337 E223.6507 F300
G1 X106.606 Y90.256 E223.7514 F300
G1 X107.021 Y91.186 E223.8532 F300
G1 X107.440 Y92.125 E223.9560 F300
G1 X107.861 Y93.071 E224.0596 F300
G1 X108.285 Y94.022 E224.1637 F300
G1 X108.710 Y94.976 E224.2682 F300
G1 X109.135 Y95.933 E224.3729 F300
G1 X109.561 Y96.889 E224.4775 F300
G1 X109.986 Y97.844 E224.5820 F300
G1 X110.410 Y98.795 E224.6862 F300
G1 X110.831 Y99.741 E224.7897 F300
G1 X111.248 Y100.680 E224.8925 F300
G1 X111.661 Y101.611 E224.9943 F300
G1 X112.070 Y102.531 E225.0950 F300
G1 X112.472 Y103.440 E225.1944 F300
G1 X112.867 Y104.336 E225.2923 F300
G1 X113.254 Y105.217 E225.3885 F300
G1 X113.632 Y106.081 E225.4829 F300
G1 X114.000 Y106.928 E225.5752 F300
G1 X114.357 Y107.756 E225.6654 F300
G1 X114.702 Y108.564 E225.7532 F300
G1 X115.034 Y109.350 E225.8386 F300
G1 X115.353 Y110.114 E225.9213 F300
G1 X115.656 Y110.853 E226.0012 F300
G1 X115.943 Y111.568 E226.0782 F300
G1 X116.214 Y112.256 E226.1522 F300
G1 X116.466 Y112.918 E226.2230 F300
G1 X116.700 Y113.551 E226.2906 F300
G1 X116.914 Y114.156 E226.3547 F300
G1 X117.108 Y114.732 E226.4155 F300
G1 X117.280 Y115.277 E226.4727 F300
G1 X117.430 Y115.792 E226.5263 F300
G1 X117.556 Y116.276 E226.5763 F300
G1 X117.659 Y116.727 E226.6226 F300
G1 X117.737 Y117.147 E226.6653 F300
G1 X117.790 Y117.534 E226.7043 F300
G1 X117.816 Y117.888 E226.7399 F300
G1 X117.816 Y118.210 E226.7720 F300
G1 X117.789 Y118.498 E226.8010 F300
G1 X117.734 Y118.754 E226.8271 F300
G1 X117.650 Y118.976 E226.8508 F300
G1 X117.538 Y119.165 E226.8728 F300
G1 X117.397 Y119.322 E226.8939 F300
G1 E225.3939 F1200   ; Retract

; === LAYER 10/10 (Z=20.0mm, θ=54.0°, Material A) ===
G1 Z21.00 F600   ; Z-hop
G1 X115.282 Y121.034 F1200   ; Travel to start
G1 Z20.00 F300   ; Lower to layer height
G1 E226.8939 F1200   ; Prime
G1 X115.100 Y121.140 E226.9150 F300
G1 X114.892 Y121.210 E226.9370 F300
G1 X114.657 Y121.245 E226.9607 F300
G1 X114.396 Y121.246 E226.9868 F300
G1 X114.108 Y121.213 E227.0158 F300
G1 X113.793 Y121.146 E227.0479 F300
G1 X113.452 Y121.046 E227.0835 F300
G1 X113.085 Y120.914 E227.1225 F300
G1 X112.690 Y120.751 E227.1652 F300
G1 X112.270 Y120.557 E227.2115 F300
G1 X111.823 Y120.332 E227.2615 F300
G1 X111.351 Y120.079 E227.3151 F300
G1 X110.853 Y119.797 E227.3723 F300
G1 X110.330 Y119.488 E227.4330 F300
G1 X109.783 Y119.153 E227.4972 F300
G1 X109.212 Y118.792 E227.5648 F300
G1 X108.617 Y118.408 E227.6356 F300
G1 X108.000 Y118.000 E227.7096 F300
G1 X107.361 Y117.570 E227.7866 F300
G1 X106.701 Y117.120 E227.8665 F300
G1 X106.020 Y116.650 E227.9492 F300
G1 X105.320 Y116.162 E228.0346 F300
G1 X104.602 Y115.656 E228.1224 F300
G1 X103.866 Y115.135 E228.2126 F300
G1 X103.114 Y114.598 E228.3049 F300
G1 X102.347 Y114.049 E228.3993 F300
G1 X101.566 Y113.487 E228.4955 F300
G1 X100.772 Y112.914 E228.5934 F300
G1 X99.966 Y112.332 E228.6928 F300
G1 X99.151 Y111.742 E228.7935 F300
G1 X98.326 Y111.144 E228.8953 F300
G1 X97.495 Y110.540 E228.9981 F300
G1 X96.657 Y109.932 E229.1016 F300
G1 X95.814 Y109.320 E229.2058 F300
G1 X94.969 Y108.706 E229.3103 F300
G1 X94.122 Y108.090 E229.4149 F300
G1 X93.275 Y107.475 E229.5196 F300
G1 X92.430 Y106.861 E229.6241 F300
G1 X91.588 Y106.249 E229.7282 F300
G1 X90.750 Y105.640 E229.8318 F300
G1 X89.919 Y105.035 E229.9346 F300
G1 X89.096 Y104.436 E230.0364 F300
G1 X88.282 Y103.843 E230.1371 F300
G1 X87.479 Y103.257 E230.2365 F300
G1 X86.689 Y102.679 E230.3344 F300
G1 X85.914 Y102.109 E230.4306 F300
G1 X85.154 Y101.550 E230.5249 F300
G1 X84.412 Y101.000 E230.6173 F300
G1 X83.688 Y100.461 E230.7075 F300
G1 X82.985 Y99.935 E230.7953 F300
G1 X82.305 Y99.420 E230.8807 F300
G1 X81.647 Y98.918 E230.9634 F300
G1 X81.015 Y98.429 E231.0433 F300
G1 X80.409 Y97.954 E231.1203 F300
G1 X79.830 Y97.493 E231.1943 F300
G1 X79.281 Y97.046 E231.2651 F300
G1 X78.761 Y96.614 E231.3327 F300
G1 X78.273 Y96.197 E231.3968 F300
G1 X77.818 Y95.796 E231.4576 F300
G1 X77.396 Y95.409 E231.5148 F300
G1 X77.009 Y95.038 E231.5684 F300
G1 X76.658 Y94.683 E231.6183 F300
G1 X76.343 Y94.343 E231.6647 F300
G1 X76.066 Y94.019 E231.7073 F300
G1 X75.827 Y93.710 E231.7464 F300
G1 X75.626 Y93.416 E231.7819 F300
G1 X75.466 Y93.138 E231.8141 F300
G1 X75.345 Y92.874 E231.8431 F300
G1 X75.265 Y92.626 E231.8692 F300
G1 X75.226 Y92.392 E231.8929 F300
G1 X75.229 Y92.172 E231.9149 F300
G1 X75.273 Y91.966 E231.9360 F300
G1 X75.358 Y91.773 E231.9570 F300
G1 X75.486 Y91.594 E231.9790 F300
G1 X75.655 Y91.427 E232.0028 F300
G1 X75.866 Y91.273 E232.0289 F300
G1 X76.118 Y91.131 E232.0579 F300
G1 X76.412 Y91.000 E232.0900 F300
G1 X76.746 Y90.880 E232.1256 F300
G1 X77.121 Y90.771 E232.1646 F300
G1 X77.536 Y90.671 E232.2073 F300
G1 X77.991 Y90.581 E232.2536 F300
G1 X78.484 Y90.500 E232.3036 F300
G1 X79.015 Y90.428 E232.3572 F300
G1 X79.583 Y90.363 E232.4144 F300
G1 X80.188 Y90.306 E232.4751 F300
G1 X80.828 Y90.255 E232.5393 F300
G1 X81.502 Y90.211 E232.6069 F300
G1 X82.209 Y90.173 E232.6777 F300
G1 X82.948 Y90.140 E232.7516 F300
G1 X83.717 Y90.112 E232.8287 F300
G1 X84.516 Y90.088 E232.9086 F300
G1 X85.343 Y90.068 E232.9913 F300
G1 X86.196 Y90.052 E233.0766 F300
G1 X87.075 Y90.039 E233.1645 F300
G1 X87.976 Y90.028 E233.2547 F300
G1 X88.900 Y90.020 E233.3470 F300
G1 X89.844 Y90.014 E233.4414 F300
G1 X90.806 Y90.009 E233.5376 F300
G1 X91.785 Y90.006 E233.6355 F300
G1 X92.778 Y90.003 E233.7349 F300
G1 X93.785 Y90.002 E233.8356 F300
G1 X94.804 Y90.001 E233.9374 F300
G1 X95.832 Y90.000 E234.0402 F300
G1 X96.867 Y90.000 E234.1437 F300
G1 X97.908 Y90.000 E234.2478 F300
G1 X98.953 Y90.000 E234.3523 F300
G1 X100.000 Y90.000 E234.4570 F300
G1 X101.047 Y90.000 E234.5617 F300
G1 X102.092 Y90.000 E234.6662 F300
G1 X103.133 Y90.000 E234.7703 F300
G1 X104.168 Y90.000 E234.8739 F300
G1 X105.196 Y90.001 E234.9766 F300
G1 X106.215 Y90.002 E235.0785 F300
G1 X107.222 Y90.003 E235.1792 F300
G1 X108.215 Y90.006 E235.2786 F300
G1 X109.194 Y90.009 E235.3764 F300
G1 X110.156 Y90.014 E235.4727 F300
G1 X111.100 Y90.020 E235.5670 F300
G1 X112.024 Y90.028 E235.6594 F300
G1 X112.925 Y90.039 E235.7496 F300
G1 X113.804 Y90.052 E235.8374 F300
G1 X114.657 Y90.068 E235.9228 F300
G1 X115.484 Y90.088 E236.0055 F300
G1 X116.283 Y90.112 E236.0854 F300
G1 X117.052 Y90.140 E236.1624 F300
G1 X117.791 Y90.173 E236.2364 F300
G1 X118.498 Y90.211 E236.3072 F300
G1 X119.172 Y90.255 E236.3747 F300
G1 X119.812 Y90.306 E236.4389 F300
G1 X120.417 Y90.363 E236.4996 F300
G1 X120.985 Y90.428 E236.5568 F300
G1 X121.516 Y90.500 E236.6104 F300
G1 X122.009 Y90.581 E236.6604 F300
G1 X122.464 Y90.671 E236.7068 F300
G1 X122.879 Y90.771 E236.7494 F300
G1 X123.254 Y90.880 E236.7885 F300
G1 X123.588 Y91.000 E236.8240 F300
G1 X123.882 Y91.131 E236.8562 F300
G1 X124.134 Y91.273 E236.8852 F300
G1 X124.345 Y91.427 E236.9113 F300
G1 X124.514 Y91.594 E236.9350 F300
G1 X124.642 Y91.773 E236.9570 F300
G1 X124.727 Y91.966 E236.9781 F300
G1 X124.771 Y92.172 E236.9991 F300
G1 X124.774 Y92.392 E237.0211 F300
G1 X124.735 Y92.626 E237.0449 F300
G1 X124.655 Y92.874 E237.0710 F300
G1 X124.534 Y93.138 E237.1000 F300
G1 X124.374 Y93.416 E237.1321 F300
G1 X124.173 Y93.710 E237.1676 F300
G1 X123.934 Y94.019 E237.2067 F300
G1 X123.657 Y94.343 E237.2494 F300
G1 X123.342 Y94.683 E237.2957 F300
G1 X122.991 Y95.038 E237.3457 F300
G1 X122.604 Y95.409 E237.3993 F300
G1 X122.182 Y95.796 E237.4565 F300
G1 X121.727 Y96.197 E237.5172 F300
G1 X121.239 Y96.614 E237.5814 F300
G1 X120.719 Y97.046 E237.6489 F300
G1 X120.170 Y97.493 E237.7198 F300
G1 X119.591 Y97.954 E237.7937 F300
G1 X118.985 Y98.429 E237.8707 F300
G1 X118.353 Y98.918 E237.9507 F300
G1 X117.695 Y99.420 E238.0334 F300
G1 X117.015 Y99.935 E238.1187 F300
G1 X116.312 Y100.461 E238.2066 F300
G1 X115.588 Y101.000 E238.2968 F300
G1 X114.846 Y101.550 E238.3891 F300
G1 X114.086 Y102.109 E238.4835 F300
G1 X113.311 Y102.679 E238.5797 F300
G1 X112.521 Y103.257 E238.6776 F300
G1 X111.718 Y103.843 E238.7770 F300
G1 X110.904 Y104.436 E238.8777 F300
G1 X110.081 Y105.035 E238.9795 F300
G1 X109.250 Y105.640 E239.0823 F300
G1 X108.412 Y106.249 E239.1858 F300
G1 X107.570 Y106.861 E239.2899 F300
G1 X106.725 Y107.475 E239.3944 F300
G1 X105.878 Y108.090 E239.4991 F300
G1 X105.031 Y108.706 E239.6038 F300
G1 X104.186 Y109.320 E239.7083 F300
G1 X103.343 Y109.932 E239.8124 F300
G1 X102.505 Y110.540 E239.9160 F300
G1 X101.674 Y111.144 E240.0187 F300
G1 X100.849 Y111.742 E240.1206 F300
G1 X100.034 Y112.332 E240.2213 F300
G1 X99.228 Y112.914 E240.3206 F300
G1 X98.434 Y113.487 E240.4185 F300
G1 X97.653 Y114.049 E240.5148 F300
G1 X96.886 Y114.598 E240.6091 F300
G1 X96.134 Y115.135 E240.7015 F300
G1 X95.398 Y115.656 E240.7917 F300
G1 X94.680 Y116.162 E240.8795 F300
G1 X93.980 Y116.650 E240.9648 F300
G1 X93.299 Y117.120 E241.0475 F300
G1 X92.639 Y117.570 E241.1275 F300
G1 X92.000 Y118.000 E241.2045 F300
G1 X91.383 Y118.408 E241.2785 F300
G1 X90.788 Y118.792 E241.3493 F300
G1 X90.217 Y119.153 E241.4168 F300
G1 X89.670 Y119.488 E241.4810 F300
G1 X89.147 Y119.797 E241.5417 F300
G1 X88.649 Y120.079 E241.5989 F300
G1 X88.177 Y120.332 E241.6525 F300
G1 X87.730 Y120.557 E241.7025 F300
G1 X87.310 Y120.751 E241.7488 F300
G1 X86.915 Y120.914 E241.7915 F300
G1 X86.548 Y121.046 E241.8306 F300
G1 X86.207 Y121.146 E241.8661 F300
G1 X85.892 Y121.213 E241.8983 F300
G1 X85.604 Y121.246 E241.9272 F300
G1 X85.343 Y121.245 E241.9534 F300
G1 X85.108 Y121.210 E241.9771 F300
G1 X84.900 Y121.140 E241.9991 F300
G1 X84.718 Y121.034 E242.0202 F300
G1 X84.561 Y120.894 E242.0412 F300
G1 X84.430 Y120.717 E242.0632 F300
G1 X84.324 Y120.505 E242.0870 F300
G1 X84.242 Y120.256 E242.1131 F300
G1 X84.185 Y119.972 E242.1420 F300
G1 X84.151 Y119.653 E242.1742 F300
G1 X84.141 Y119.298 E242.2097 F300
G1 X84.153 Y118.907 E242.2488 F300
G1 X84.186 Y118.482 E242.2915 F300
G1 X84.241 Y118.022 E242.3378 F300
G1 X84.316 Y117.528 E242.3878 F300
G1 X84.412 Y117.000 E242.4414 F300
G1 X84.526 Y116.440 E242.4986 F300
G1 X84.658 Y115.847 E242.5593 F300
G1 X84.808 Y115.223 E242.6235 F300
G1 X84.974 Y114.568 E242.6910 F300
G1 X85.156 Y113.884 E242.7618 F300
G1 X85.353 Y113.171 E242.8358 F300
G1 X85.564 Y112.430 E242.9128 F300
G1 X85.789 Y111.663 E242.9928 F300
G1 X86.025 Y110.870 E243.0755 F300
G1 X86.273 Y110.054 E243.1608 F300
G1 X86.532 Y109.214 E243.2487 F300
G1 X86.801 Y108.354 E243.3388 F300
G1 X87.078 Y107.473 E243.4312 F300
G1 X87.364 Y106.573 E243.5256 F300
G1 X87.657 Y105.657 E243.6218 F300
G1 X87.956 Y104.725 E243.7197 F300
G1 X88.261 Y103.779 E243.8190 F300
G1 X88.571 Y102.821 E243.9197 F300
G1 X88.885 Y101.852 E244.0216 F300
G1 X89.202 Y100.874 E244.1244 F300
G1 X89.521 Y99.890 E244.2279 F300
G1 X89.843 Y98.899 E244.3320 F300
G1 X90.166 Y97.905 E244.4365 F300
G1 X90.489 Y96.910 E244.5412 F300
G1 X90.813 Y95.914 E244.6459 F300
G1 X91.136 Y94.920 E244.7504 F300
G1 X91.458 Y93.930 E244.8545 F300
G1 X91.778 Y92.946 E244.9580 F300
G1 X92.096 Y91.968 E245.0608 F300
G1 X92.412 Y91.000 E245.1627 F300
G1 X92.724 Y90.043 E245.2634 F300
G1 X93.033 Y89.098 E245.3627 F300
G1 X93.339 Y88.168 E245.4606 F300
G1 X93.641 Y87.255 E245.5568 F300
G1 X93.939 Y86.359 E245.6512 F300
G1 X94.232 Y85.484 E245.7436 F300
G1 X94.521 Y84.629 E245.8337 F300
G1 X94.805 Y83.798 E245.9216 F300
G1 X95.084 Y82.991 E246.0069 F300
G1 X95.358 Y82.211 E246.0896 F300
G1 X95.627 Y81.459 E246.1696 F300
G1 X95.892 Y80.735 E246.2466 F300
G1 X96.152 Y80.043 E246.3205 F300
G1 X96.407 Y79.382 E246.3914 F300
G1 X96.657 Y78.755 E246.4589 F300
G1 X96.903 Y78.162 E246.5231 F300
G1 X97.144 Y77.605 E246.5838 F300
G1 X97.381 Y77.084 E246.6410 F300
G1 X97.614 Y76.601 E246.6946 F300
G1 X97.844 Y76.157 E246.7446 F300
G1 X98.070 Y75.753 E246.7909 F300
G1 X98.292 Y75.389 E246.8336 F300
G1 X98.512 Y75.066 E246.8727 F300
G1 X98.730 Y74.785 E246.9082 F300
G1 X98.945 Y74.546 E246.9404 F300
G1 X99.158 Y74.350 E246.9693 F300
G1 X99.370 Y74.197 E246.9954 F300
G1 X99.581 Y74.088 E247.0192 F300
G1 X99.790 Y74.022 E247.0412 F300
G1 X100.000 Y74.000 E247.0622 F300
G1 X100.210 Y74.022 E247.0833 F300
G1 X100.419 Y74.088 E247.1053 F300
G1 X100.630 Y74.197 E247.1290 F300
G1 X100.842 Y74.350 E247.1552 F300
G1 X101.055 Y74.546 E247.1841 F300
G1 X101.270 Y74.785 E247.2163 F300
G1 X101.488 Y75.066 E247.2518 F300
G1 X101.708 Y75.389 E247.2909 F300
G1 X101.930 Y75.753 E247.3336 F300
G1 X102.156 Y76.157 E247.3799 F300
G1 X102.386 Y76.601 E247.4299 F300
G1 X102.619 Y77.084 E247.4835 F300
G1 X102.856 Y77.605 E247.5407 F300
G1 X103.097 Y78.162 E247.6014 F300
G1 X103.343 Y78.755 E247.6656 F300
G1 X103.593 Y79.382 E247.7331 F300
G1 X103.848 Y80.043 E247.8039 F300
G1 X104.108 Y80.735 E247.8779 F300
G1 X104.373 Y81.459 E247.9549 F300
G1 X104.642 Y82.211 E248.0349 F300
G1 X104.916 Y82.991 E248.1176 F300
G1 X105.195 Y83.798 E248.2029 F300
G1 X105.479 Y84.629 E248.2907 F300
G1 X105.768 Y85.484 E248.3809 F300
G1 X106.061 Y86.359 E248.4733 F300
G1 X106.359 Y87.255 E248.5676 F300
G1 X106.661 Y88.168 E248.6639 F300
G1 X106.967 Y89.098 E248.7617 F300
G1 X107.276 Y90.043 E248.8611 F300
G1 X107.588 Y91.000 E248.9618 F300
G1 X107.904 Y91.968 E249.0637 F300
G1 X108.222 Y92.946 E249.1664 F300
G1 X108.542 Y93.930 E249.2700 F300
G1 X108.864 Y94.920 E249.3741 F300
G1 X109.187 Y95.914 E249.4786 F300
G1 X109.511 Y96.910 E249.5833 F300
G1 X109.834 Y97.905 E249.6880 F300
G1 X110.157 Y98.899 E249.7925 F300
G1 X110.479 Y99.890 E249.8966 F300
G1 X110.798 Y100.874 E250.0001 F300
G1 X111.115 Y101.852 E250.1029 F300
G1 X111.429 Y102.821 E250.2047 F300
G1 X111.739 Y103.779 E250.3054 F300
G1 X112.044 Y104.725 E250.4048 F300
G1 X112.343 Y105.657 E250.5027 F300
G1 X112.636 Y106.573 E250.5989 F300
G1 X112.922 Y107.473 E250.6933 F300
G1 X113.199 Y108.354 E250.7856 F300
G1 X113.468 Y109.214 E250.8758 F300
G1 X113.727 Y110.054 E250.9637 F300
G1 X113.975 Y110.870 E251.0490 F300
G1 X114.211 Y111.663 E251.1317 F300
G1 X114.436 Y112.430 E251.2116 F300
G1 X114.647 Y113.171 E251.2887 F300
G1 X114.844 Y113.884 E251.3626 F300
G1 X115.026 Y114.568 E251.4335 F300
G1 X115.192 Y115.223 E251.5010 F300
G1 X115.342 Y115.847 E251.5652 F300
G1 X115.474 Y116.440 E251.6259 F300
G1 X115.588 Y117.000 E251.6831 F300
G1 X115.684 Y117.528 E251.7367 F300
G1 X115.759 Y118.022 E251.7867 F300
G1 X115.814 Y118.482 E251.8330 F300
G1 X115.847 Y118.907 E251.8757 F300
G1 X115.859 Y119.298 E251.9148 F300
G1 X115.849 Y119.653 E251.9503 F300
G1 X115.815 Y119.972 E251.9824 F300
G1 X115.758 Y120.256 E252.0114 F300
G1 X115.676 Y120.505 E252.0375 F300
G1 X115.570 Y120.717 E252.0613 F300
G1 X115.439 Y120.894 E252.0833 F300
G1 X115.282 Y121.034 E252.1043 F300
G1 E250.6043 F1200   ; Retract

; === FINISH ===
G1 Z40.0 F600      ; Raise nozzle clear
G1 X0 Y0 F1200   ; Move to home
M84              ; Disable motors

; === END ===
