; 3-Color Nested Spirograph — Food Printing G-code
; Multi-material: 3 syringe colors per layer
;
; Material A: Cream Cheese + blue dye (teal) (scale 100%)
; Material B: Cream Cheese + beet powder (pink) (scale 68%)
; Material C: Cream Cheese + ube extract (purple) (scale 40%)
;
; Hypotrochoid: R=30, r=12, d=8
; Petals: 5  |  Revolutions: 2
; Outer ring diameter: ~52mm
; Points per ring: 360
;
; Layers: 3
; Rings per layer: 3
; Layer height: 2.0mm
; Total height: 7.0mm
; Twist per layer: 12.0° (total: 24.0°)
; Print speed: 300 mm/min
; Center: (100, 100)

; === INITIALIZATION ===
G21              ; Set units to millimeters
G90              ; Absolute positioning
M82              ; Absolute extrusion mode
G28              ; Home all axes


; ╔══════════════════════════════════════════════╗
; ║  LAYER 1/3 (Z=3.0mm, θ=0.0°)             ║
; ╚══════════════════════════════════════════════╝

; >>> SYRINGE: Material A — Cream Cheese + blue dye (teal) <<<

; --- outer ring (scale 100%, Material A) ---
G1 Z4.00 F600   ; Z-hop
G1 X126.000 Y100.000 F1200   ; Travel to outer start
G1 Z3.00 F300   ; Lower to layer height
G1 X125.978 Y100.210 E0.0211 F300
G1 X125.912 Y100.419 E0.0431 F300
G1 X125.803 Y100.630 E0.0668 F300
G1 X125.650 Y100.842 E0.0929 F300
G1 X125.454 Y101.055 E0.1219 F300
G1 X125.215 Y101.270 E0.1540 F300
G1 X124.934 Y101.488 E0.1896 F300
G1 X124.611 Y101.708 E0.2286 F300
G1 X124.247 Y101.930 E0.2713 F300
G1 X123.843 Y102.156 E0.3176 F300
G1 X123.399 Y102.386 E0.3676 F300
G1 X122.916 Y102.619 E0.4212 F300
G1 X122.395 Y102.856 E0.4784 F300
G1 X121.838 Y103.097 E0.5392 F300
G1 X121.245 Y103.343 E0.6033 F300
G1 X120.618 Y103.593 E0.6709 F300
G1 X119.957 Y103.848 E0.7417 F300
G1 X119.265 Y104.108 E0.8157 F300
G1 X118.541 Y104.373 E0.8927 F300
G1 X117.789 Y104.642 E0.9726 F300
G1 X117.009 Y104.916 E1.0553 F300
G1 X116.202 Y105.195 E1.1407 F300
G1 X115.371 Y105.479 E1.2285 F300
G1 X114.516 Y105.768 E1.3187 F300
G1 X113.641 Y106.061 E1.4110 F300
G1 X112.745 Y106.359 E1.5054 F300
G1 X111.832 Y106.661 E1.6016 F300
G1 X110.902 Y106.967 E1.6995 F300
G1 X109.957 Y107.276 E1.7989 F300
G1 X109.000 Y107.588 E1.8996 F300
G1 X108.032 Y107.904 E2.0014 F300
G1 X107.054 Y108.222 E2.1042 F300
G1 X106.070 Y108.542 E2.2077 F300
G1 X105.080 Y108.864 E2.3119 F300
G1 X104.086 Y109.187 E2.4164 F300
G1 X103.090 Y109.511 E2.5210 F300
G1 X102.095 Y109.834 E2.6257 F300
G1 X101.101 Y110.157 E2.7302 F300
G1 X100.110 Y110.479 E2.8343 F300
G1 X99.126 Y110.798 E2.9379 F300
G1 X98.148 Y111.115 E3.0407 F300
G1 X97.179 Y111.429 E3.1425 F300
G1 X96.221 Y111.739 E3.2432 F300
G1 X95.275 Y112.044 E3.3426 F300
G1 X94.343 Y112.343 E3.4405 F300
G1 X93.427 Y112.636 E3.5367 F300
G1 X92.527 Y112.922 E3.6311 F300
G1 X91.646 Y113.199 E3.7234 F300
G1 X90.786 Y113.468 E3.8136 F300
G1 X89.946 Y113.727 E3.9014 F300
G1 X89.130 Y113.975 E3.9868 F300
G1 X88.337 Y114.211 E4.0695 F300
G1 X87.570 Y114.436 E4.1494 F300
G1 X86.829 Y114.647 E4.2264 F300
G1 X86.116 Y114.844 E4.3004 F300
G1 X85.432 Y115.026 E4.3712 F300
G1 X84.777 Y115.192 E4.4388 F300
G1 X84.153 Y115.342 E4.5029 F300
G1 X83.560 Y115.474 E4.5637 F300
G1 X83.000 Y115.588 E4.6209 F300
G1 X82.472 Y115.684 E4.6745 F300
G1 X81.978 Y115.759 E4.7244 F300
G1 X81.518 Y115.814 E4.7708 F300
G1 X81.093 Y115.847 E4.8134 F300
G1 X80.702 Y115.859 E4.8525 F300
G1 X80.347 Y115.849 E4.8881 F300
G1 X80.028 Y115.815 E4.9202 F300
G1 X79.744 Y115.758 E4.9492 F300
G1 X79.495 Y115.676 E4.9753 F300
G1 X79.283 Y115.570 E4.9990 F300
G1 X79.106 Y115.439 E5.0210 F300
G1 X78.966 Y115.282 E5.0421 F300
G1 X78.860 Y115.100 E5.0632 F300
G1 X78.790 Y114.892 E5.0851 F300
G1 X78.755 Y114.657 E5.1089 F300
G1 X78.754 Y114.396 E5.1350 F300
G1 X78.787 Y114.108 E5.1640 F300
G1 X78.854 Y113.793 E5.1961 F300
G1 X78.954 Y113.452 E5.2317 F300
G1 X79.086 Y113.085 E5.2707 F300
G1 X79.249 Y112.690 E5.3134 F300
G1 X79.443 Y112.270 E5.3597 F300
G1 X79.668 Y111.823 E5.4097 F300
G1 X79.921 Y111.351 E5.4633 F300
G1 X80.203 Y110.853 E5.5205 F300
G1 X80.512 Y110.330 E5.5812 F300
G1 X80.847 Y109.783 E5.6454 F300
G1 X81.208 Y109.212 E5.7130 F300
G1 X81.592 Y108.617 E5.7838 F300
G1 X82.000 Y108.000 E5.8578 F300
G1 X82.430 Y107.361 E5.9348 F300
G1 X82.880 Y106.701 E6.0147 F300
G1 X83.350 Y106.020 E6.0974 F300
G1 X83.838 Y105.320 E6.1828 F300
G1 X84.344 Y104.602 E6.2706 F300
G1 X84.865 Y103.866 E6.3608 F300
G1 X85.402 Y103.114 E6.4531 F300
G1 X85.951 Y102.347 E6.5475 F300
G1 X86.513 Y101.566 E6.6437 F300
G1 X87.086 Y100.772 E6.7416 F300
G1 X87.668 Y99.966 E6.8410 F300
G1 X88.258 Y99.151 E6.9417 F300
G1 X88.856 Y98.326 E7.0435 F300
G1 X89.460 Y97.495 E7.1463 F300
G1 X90.068 Y96.657 E7.2498 F300
G1 X90.680 Y95.814 E7.3539 F300
G1 X91.294 Y94.969 E7.4584 F300
G1 X91.910 Y94.122 E7.5631 F300
G1 X92.525 Y93.275 E7.6678 F300
G1 X93.139 Y92.430 E7.7723 F300
G1 X93.751 Y91.588 E7.8764 F300
G1 X94.360 Y90.750 E7.9800 F300
G1 X94.965 Y89.919 E8.0828 F300
G1 X95.564 Y89.096 E8.1846 F300
G1 X96.157 Y88.282 E8.2853 F300
G1 X96.743 Y87.479 E8.3847 F300
G1 X97.321 Y86.689 E8.4826 F300
G1 X97.891 Y85.914 E8.5788 F300
G1 X98.450 Y85.154 E8.6731 F300
G1 X99.000 Y84.412 E8.7655 F300
G1 X99.539 Y83.688 E8.8557 F300
G1 X100.065 Y82.985 E8.9435 F300
G1 X100.580 Y82.305 E9.0289 F300
G1 X101.082 Y81.647 E9.1116 F300
G1 X101.571 Y81.015 E9.1915 F300
G1 X102.046 Y80.409 E9.2685 F300
G1 X102.507 Y79.830 E9.3425 F300
G1 X102.954 Y79.281 E9.4133 F300
G1 X103.386 Y78.761 E9.4808 F300
G1 X103.803 Y78.273 E9.5450 F300
G1 X104.204 Y77.818 E9.6057 F300
G1 X104.591 Y77.396 E9.6629 F300
G1 X104.962 Y77.009 E9.7166 F300
G1 X105.317 Y76.658 E9.7665 F300
G1 X105.657 Y76.343 E9.8129 F300
G1 X105.981 Y76.066 E9.8555 F300
G1 X106.290 Y75.827 E9.8946 F300
G1 X106.584 Y75.626 E9.9301 F300
G1 X106.862 Y75.466 E9.9623 F300
G1 X107.126 Y75.345 E9.9913 F300
G1 X107.374 Y75.265 E10.0174 F300
G1 X107.608 Y75.226 E10.0411 F300
G1 X107.828 Y75.229 E10.0631 F300
G1 X108.034 Y75.273 E10.0842 F300
G1 X108.227 Y75.358 E10.1052 F300
G1 X108.406 Y75.486 E10.1272 F300
G1 X108.573 Y75.655 E10.1510 F300
G1 X108.727 Y75.866 E10.1771 F300
G1 X108.869 Y76.118 E10.2061 F300
G1 X109.000 Y76.412 E10.2382 F300
G1 X109.120 Y76.746 E10.2737 F300
G1 X109.229 Y77.121 E10.3128 F300
G1 X109.329 Y77.536 E10.3555 F300
G1 X109.419 Y77.991 E10.4018 F300
G1 X109.500 Y78.484 E10.4518 F300
G1 X109.572 Y79.015 E10.5054 F300
G1 X109.637 Y79.583 E10.5626 F300
G1 X109.694 Y80.188 E10.6233 F300
G1 X109.745 Y80.828 E10.6875 F300
G1 X109.789 Y81.502 E10.7551 F300
G1 X109.827 Y82.209 E10.8259 F300
G1 X109.860 Y82.948 E10.8998 F300
G1 X109.888 Y83.717 E10.9769 F300
G1 X109.912 Y84.516 E11.0568 F300
G1 X109.932 Y85.343 E11.1395 F300
G1 X109.948 Y86.196 E11.2248 F300
G1 X109.961 Y87.075 E11.3127 F300
G1 X109.972 Y87.976 E11.4029 F300
G1 X109.980 Y88.900 E11.4952 F300
G1 X109.986 Y89.844 E11.5896 F300
G1 X109.991 Y90.806 E11.6858 F300
G1 X109.994 Y91.785 E11.7837 F300
G1 X109.997 Y92.778 E11.8831 F300
G1 X109.998 Y93.785 E11.9838 F300
G1 X109.999 Y94.804 E12.0856 F300
G1 X110.000 Y95.832 E12.1884 F300
G1 X110.000 Y96.867 E12.2919 F300
G1 X110.000 Y97.908 E12.3960 F300
G1 X110.000 Y98.953 E12.5005 F300
G1 X110.000 Y100.000 E12.6052 F300
G1 X110.000 Y101.047 E12.7099 F300
G1 X110.000 Y102.092 E12.8144 F300
G1 X110.000 Y103.133 E12.9185 F300
G1 X110.000 Y104.168 E13.0221 F300
G1 X109.999 Y105.196 E13.1248 F300
G1 X109.998 Y106.215 E13.2267 F300
G1 X109.997 Y107.222 E13.3274 F300
G1 X109.994 Y108.215 E13.4268 F300
G1 X109.991 Y109.194 E13.5246 F300
G1 X109.986 Y110.156 E13.6209 F300
G1 X109.980 Y111.100 E13.7152 F300
G1 X109.972 Y112.024 E13.8076 F300
G1 X109.961 Y112.925 E13.8978 F300
G1 X109.948 Y113.804 E13.9856 F300
G1 X109.932 Y114.657 E14.0709 F300
G1 X109.912 Y115.484 E14.1537 F300
G1 X109.888 Y116.283 E14.2336 F300
G1 X109.860 Y117.052 E14.3106 F300
G1 X109.827 Y117.791 E14.3846 F300
G1 X109.789 Y118.498 E14.4554 F300
G1 X109.745 Y119.172 E14.5229 F300
G1 X109.694 Y119.812 E14.5871 F300
G1 X109.637 Y120.417 E14.6478 F300
G1 X109.572 Y120.985 E14.7050 F300
G1 X109.500 Y121.516 E14.7586 F300
G1 X109.419 Y122.009 E14.8086 F300
G1 X109.329 Y122.464 E14.8549 F300
G1 X109.229 Y122.879 E14.8976 F300
G1 X109.120 Y123.254 E14.9367 F300
G1 X109.000 Y123.588 E14.9722 F300
G1 X108.869 Y123.882 E15.0044 F300
G1 X108.727 Y124.134 E15.0333 F300
G1 X108.573 Y124.345 E15.0595 F300
G1 X108.406 Y124.514 E15.0832 F300
G1 X108.227 Y124.642 E15.1052 F300
G1 X108.034 Y124.727 E15.1263 F300
G1 X107.828 Y124.771 E15.1473 F300
G1 X107.608 Y124.774 E15.1693 F300
G1 X107.374 Y124.735 E15.1931 F300
G1 X107.126 Y124.655 E15.2192 F300
G1 X106.862 Y124.534 E15.2481 F300
G1 X106.584 Y124.374 E15.2803 F300
G1 X106.290 Y124.173 E15.3158 F300
G1 X105.981 Y123.934 E15.3549 F300
G1 X105.657 Y123.657 E15.3976 F300
G1 X105.317 Y123.342 E15.4439 F300
G1 X104.962 Y122.991 E15.4939 F300
G1 X104.591 Y122.604 E15.5475 F300
G1 X104.204 Y122.182 E15.6047 F300
G1 X103.803 Y121.727 E15.6654 F300
G1 X103.386 Y121.239 E15.7296 F300
G1 X102.954 Y120.719 E15.7971 F300
G1 X102.507 Y120.170 E15.8680 F300
G1 X102.046 Y119.591 E15.9419 F300
G1 X101.571 Y118.985 E16.0189 F300
G1 X101.082 Y118.353 E16.0989 F300
G1 X100.580 Y117.695 E16.1816 F300
G1 X100.065 Y117.015 E16.2669 F300
G1 X99.539 Y116.312 E16.3548 F300
G1 X99.000 Y115.588 E16.4449 F300
G1 X98.450 Y114.846 E16.5373 F300
G1 X97.891 Y114.086 E16.6317 F300
G1 X97.321 Y113.311 E16.7279 F300
G1 X96.743 Y112.521 E16.8258 F300
G1 X96.157 Y111.718 E16.9251 F300
G1 X95.564 Y110.904 E17.0258 F300
G1 X94.965 Y110.081 E17.1277 F300
G1 X94.360 Y109.250 E17.2305 F300
G1 X93.751 Y108.412 E17.3340 F300
G1 X93.139 Y107.570 E17.4381 F300
G1 X92.525 Y106.725 E17.5426 F300
G1 X91.910 Y105.878 E17.6473 F300
G1 X91.294 Y105.031 E17.7520 F300
G1 X90.680 Y104.186 E17.8565 F300
G1 X90.068 Y103.343 E17.9606 F300
G1 X89.460 Y102.505 E18.0641 F300
G1 X88.856 Y101.674 E18.1669 F300
G1 X88.258 Y100.849 E18.2688 F300
G1 X87.668 Y100.034 E18.3695 F300
G1 X87.086 Y99.228 E18.4688 F300
G1 X86.513 Y98.434 E18.5667 F300
G1 X85.951 Y97.653 E18.6629 F300
G1 X85.402 Y96.886 E18.7573 F300
G1 X84.865 Y96.134 E18.8497 F300
G1 X84.344 Y95.398 E18.9398 F300
G1 X83.838 Y94.680 E19.0277 F300
G1 X83.350 Y93.980 E19.1130 F300
G1 X82.880 Y93.299 E19.1957 F300
G1 X82.430 Y92.639 E19.2757 F300
G1 X82.000 Y92.000 E19.3527 F300
G1 X81.592 Y91.383 E19.4267 F300
G1 X81.208 Y90.788 E19.4975 F300
G1 X80.847 Y90.217 E19.5650 F300
G1 X80.512 Y89.670 E19.6292 F300
G1 X80.203 Y89.147 E19.6899 F300
G1 X79.921 Y88.649 E19.7471 F300
G1 X79.668 Y88.177 E19.8007 F300
G1 X79.443 Y87.730 E19.8507 F300
G1 X79.249 Y87.310 E19.8970 F300
G1 X79.086 Y86.915 E19.9397 F300
G1 X78.954 Y86.548 E19.9788 F300
G1 X78.854 Y86.207 E20.0143 F300
G1 X78.787 Y85.892 E20.0465 F300
G1 X78.754 Y85.604 E20.0754 F300
G1 X78.755 Y85.343 E20.1015 F300
G1 X78.790 Y85.108 E20.1253 F300
G1 X78.860 Y84.900 E20.1473 F300
G1 X78.966 Y84.718 E20.1683 F300
G1 X79.106 Y84.561 E20.1894 F300
G1 X79.283 Y84.430 E20.2114 F300
G1 X79.495 Y84.324 E20.2351 F300
G1 X79.744 Y84.242 E20.2613 F300
G1 X80.028 Y84.185 E20.2902 F300
G1 X80.347 Y84.151 E20.3224 F300
G1 X80.702 Y84.141 E20.3579 F300
G1 X81.093 Y84.153 E20.3970 F300
G1 X81.518 Y84.186 E20.4397 F300
G1 X81.978 Y84.241 E20.4860 F300
G1 X82.472 Y84.316 E20.5360 F300
G1 X83.000 Y84.412 E20.5896 F300
G1 X83.560 Y84.526 E20.6468 F300
G1 X84.153 Y84.658 E20.7075 F300
G1 X84.777 Y84.808 E20.7717 F300
G1 X85.432 Y84.974 E20.8392 F300
G1 X86.116 Y85.156 E20.9100 F300
G1 X86.829 Y85.353 E20.9840 F300
G1 X87.570 Y85.564 E21.0610 F300
G1 X88.337 Y85.789 E21.1410 F300
G1 X89.130 Y86.025 E21.2237 F300
G1 X89.946 Y86.273 E21.3090 F300
G1 X90.786 Y86.532 E21.3969 F300
G1 X91.646 Y86.801 E21.4870 F300
G1 X92.527 Y87.078 E21.5794 F300
G1 X93.427 Y87.364 E21.6738 F300
G1 X94.343 Y87.657 E21.7700 F300
G1 X95.275 Y87.956 E21.8679 F300
G1 X96.221 Y88.261 E21.9672 F300
G1 X97.179 Y88.571 E22.0679 F300
G1 X98.148 Y88.885 E22.1698 F300
G1 X99.126 Y89.202 E22.2725 F300
G1 X100.110 Y89.521 E22.3761 F300
G1 X101.101 Y89.843 E22.4802 F300
G1 X102.095 Y90.166 E22.5847 F300
G1 X103.090 Y90.489 E22.6894 F300
G1 X104.086 Y90.813 E22.7941 F300
G1 X105.080 Y91.136 E22.8986 F300
G1 X106.070 Y91.458 E23.0027 F300
G1 X107.054 Y91.778 E23.1062 F300
G1 X108.032 Y92.096 E23.2090 F300
G1 X109.000 Y92.412 E23.3108 F300
G1 X109.957 Y92.724 E23.4115 F300
G1 X110.902 Y93.033 E23.5109 F300
G1 X111.832 Y93.339 E23.6088 F300
G1 X112.745 Y93.641 E23.7050 F300
G1 X113.641 Y93.939 E23.7994 F300
G1 X114.516 Y94.232 E23.8918 F300
G1 X115.371 Y94.521 E23.9819 F300
G1 X116.202 Y94.805 E24.0698 F300
G1 X117.009 Y95.084 E24.1551 F300
G1 X117.789 Y95.358 E24.2378 F300
G1 X118.541 Y95.627 E24.3178 F300
G1 X119.265 Y95.892 E24.3948 F300
G1 X119.957 Y96.152 E24.4687 F300
G1 X120.618 Y96.407 E24.5396 F300
G1 X121.245 Y96.657 E24.6071 F300
G1 X121.838 Y96.903 E24.6713 F300
G1 X122.395 Y97.144 E24.7320 F300
G1 X122.916 Y97.381 E24.7892 F300
G1 X123.399 Y97.614 E24.8428 F300
G1 X123.843 Y97.844 E24.8928 F300
G1 X124.247 Y98.070 E24.9391 F300
G1 X124.611 Y98.292 E24.9818 F300
G1 X124.934 Y98.512 E25.0209 F300
G1 X125.215 Y98.730 E25.0564 F300
G1 X125.454 Y98.945 E25.0885 F300
G1 X125.650 Y99.158 E25.1175 F300
G1 X125.803 Y99.370 E25.1436 F300
G1 X125.912 Y99.581 E25.1674 F300
G1 X125.978 Y99.790 E25.1894 F300
G1 X126.000 Y100.000 E25.2104 F300
G1 E23.7104 F1200   ; Retract

; *** MATERIAL SWITCH → B ***
; >>> PAUSE: Load syringe B — Cream Cheese + beet powder (pink) <<<
M0               ; Pause for syringe swap

; --- middle ring (scale 68%, Material B) ---
G1 Z4.00 F600   ; Z-hop
G1 X117.680 Y100.000 F1200   ; Travel to middle start
G1 Z3.00 F300   ; Lower to layer height
G1 E25.2104 F1200   ; Prime
G1 X117.665 Y100.142 E25.2248 F300
G1 X117.620 Y100.285 E25.2397 F300
G1 X117.546 Y100.428 E25.2559 F300
G1 X117.442 Y100.572 E25.2736 F300
G1 X117.309 Y100.717 E25.2933 F300
G1 X117.146 Y100.864 E25.3152 F300
G1 X116.955 Y101.012 E25.3393 F300
G1 X116.736 Y101.161 E25.3659 F300
G1 X116.488 Y101.313 E25.3949 F300
G1 X116.213 Y101.466 E25.4264 F300
G1 X115.911 Y101.622 E25.4604 F300
G1 X115.583 Y101.781 E25.4969 F300
G1 X115.229 Y101.942 E25.5358 F300
G1 X114.850 Y102.106 E25.5771 F300
G1 X114.447 Y102.273 E25.6207 F300
G1 X114.020 Y102.444 E25.6666 F300
G1 X113.571 Y102.617 E25.7148 F300
G1 X113.100 Y102.793 E25.7651 F300
G1 X112.608 Y102.973 E25.8175 F300
G1 X112.096 Y103.157 E25.8718 F300
G1 X111.566 Y103.343 E25.9280 F300
G1 X111.017 Y103.533 E25.9861 F300
G1 X110.452 Y103.726 E26.0458 F300
G1 X109.871 Y103.922 E26.1071 F300
G1 X109.276 Y104.122 E26.1699 F300
G1 X108.667 Y104.324 E26.2341 F300
G1 X108.045 Y104.529 E26.2995 F300
G1 X107.413 Y104.737 E26.3661 F300
G1 X106.771 Y104.948 E26.4337 F300
G1 X106.120 Y105.160 E26.5022 F300
G1 X105.462 Y105.375 E26.5714 F300
G1 X104.797 Y105.591 E26.6413 F300
G1 X104.127 Y105.809 E26.7117 F300
G1 X103.454 Y106.028 E26.7825 F300
G1 X102.778 Y106.247 E26.8536 F300
G1 X102.101 Y106.467 E26.9247 F300
G1 X101.424 Y106.687 E26.9959 F300
G1 X100.748 Y106.907 E27.0670 F300
G1 X100.075 Y107.125 E27.1378 F300
G1 X99.405 Y107.343 E27.2082 F300
G1 X98.741 Y107.559 E27.2781 F300
G1 X98.082 Y107.772 E27.3473 F300
G1 X97.430 Y107.983 E27.4158 F300
G1 X96.787 Y108.190 E27.4834 F300
G1 X96.153 Y108.393 E27.5500 F300
G1 X95.530 Y108.592 E27.6154 F300
G1 X94.919 Y108.787 E27.6795 F300
G1 X94.320 Y108.975 E27.7423 F300
G1 X93.734 Y109.158 E27.8037 F300
G1 X93.163 Y109.334 E27.8634 F300
G1 X92.608 Y109.503 E27.9214 F300
G1 X92.069 Y109.664 E27.9777 F300
G1 X91.548 Y109.816 E28.0320 F300
G1 X91.044 Y109.960 E28.0844 F300
G1 X90.559 Y110.094 E28.1347 F300
G1 X90.094 Y110.218 E28.1829 F300
G1 X89.649 Y110.331 E28.2288 F300
G1 X89.224 Y110.433 E28.2724 F300
G1 X88.821 Y110.523 E28.3137 F300
G1 X88.440 Y110.600 E28.3526 F300
G1 X88.081 Y110.665 E28.3891 F300
G1 X87.745 Y110.716 E28.4231 F300
G1 X87.432 Y110.753 E28.4546 F300
G1 X87.143 Y110.776 E28.4836 F300
G1 X86.878 Y110.784 E28.5101 F300
G1 X86.636 Y110.777 E28.5343 F300
G1 X86.419 Y110.754 E28.5562 F300
G1 X86.226 Y110.715 E28.5759 F300
G1 X86.057 Y110.660 E28.5936 F300
G1 X85.912 Y110.588 E28.6098 F300
G1 X85.792 Y110.499 E28.6247 F300
G1 X85.697 Y110.392 E28.6391 F300
G1 X85.625 Y110.268 E28.6534 F300
G1 X85.577 Y110.126 E28.6683 F300
G1 X85.553 Y109.967 E28.6845 F300
G1 X85.553 Y109.789 E28.7022 F300
G1 X85.575 Y109.593 E28.7219 F300
G1 X85.621 Y109.380 E28.7438 F300
G1 X85.688 Y109.148 E28.7680 F300
G1 X85.778 Y108.898 E28.7945 F300
G1 X85.889 Y108.629 E28.8235 F300
G1 X86.022 Y108.343 E28.8550 F300
G1 X86.174 Y108.040 E28.8890 F300
G1 X86.346 Y107.719 E28.9255 F300
G1 X86.538 Y107.380 E28.9644 F300
G1 X86.748 Y107.025 E29.0057 F300
G1 X86.976 Y106.652 E29.0493 F300
G1 X87.221 Y106.264 E29.0952 F300
G1 X87.483 Y105.860 E29.1434 F300
G1 X87.760 Y105.440 E29.1937 F300
G1 X88.052 Y105.005 E29.2461 F300
G1 X88.358 Y104.556 E29.3004 F300
G1 X88.678 Y104.094 E29.3567 F300
G1 X89.010 Y103.618 E29.4147 F300
G1 X89.354 Y103.129 E29.4744 F300
G1 X89.709 Y102.629 E29.5358 F300
G1 X90.073 Y102.118 E29.5986 F300
G1 X90.447 Y101.596 E29.6627 F300
G1 X90.829 Y101.065 E29.7282 F300
G1 X91.218 Y100.525 E29.7947 F300
G1 X91.614 Y99.977 E29.8623 F300
G1 X92.016 Y99.423 E29.9308 F300
G1 X92.422 Y98.862 E30.0000 F300
G1 X92.833 Y98.296 E30.0699 F300
G1 X93.247 Y97.727 E30.1403 F300
G1 X93.663 Y97.154 E30.2111 F300
G1 X94.080 Y96.579 E30.2822 F300
G1 X94.499 Y96.003 E30.3534 F300
G1 X94.917 Y95.427 E30.4245 F300
G1 X95.335 Y94.852 E30.4956 F300
G1 X95.751 Y94.280 E30.5664 F300
G1 X96.165 Y93.710 E30.6368 F300
G1 X96.576 Y93.145 E30.7067 F300
G1 X96.984 Y92.585 E30.7760 F300
G1 X97.387 Y92.032 E30.8444 F300
G1 X97.785 Y91.486 E30.9120 F300
G1 X98.179 Y90.949 E30.9786 F300
G1 X98.566 Y90.421 E31.0440 F300
G1 X98.946 Y89.905 E31.1082 F300
G1 X99.320 Y89.400 E31.1710 F300
G1 X99.686 Y88.908 E31.2323 F300
G1 X100.045 Y88.430 E31.2920 F300
G1 X100.395 Y87.967 E31.3501 F300
G1 X100.736 Y87.520 E31.4063 F300
G1 X101.068 Y87.090 E31.4606 F300
G1 X101.391 Y86.678 E31.5130 F300
G1 X101.705 Y86.285 E31.5633 F300
G1 X102.009 Y85.911 E31.6115 F300
G1 X102.302 Y85.558 E31.6574 F300
G1 X102.586 Y85.226 E31.7010 F300
G1 X102.859 Y84.916 E31.7423 F300
G1 X103.122 Y84.630 E31.7812 F300
G1 X103.374 Y84.366 E31.8177 F300
G1 X103.616 Y84.127 E31.8517 F300
G1 X103.847 Y83.913 E31.8832 F300
G1 X104.067 Y83.725 E31.9122 F300
G1 X104.277 Y83.562 E31.9388 F300
G1 X104.477 Y83.426 E31.9629 F300
G1 X104.666 Y83.317 E31.9848 F300
G1 X104.845 Y83.235 E32.0045 F300
G1 X105.015 Y83.180 E32.0222 F300
G1 X105.174 Y83.154 E32.0384 F300
G1 X105.323 Y83.155 E32.0533 F300
G1 X105.463 Y83.185 E32.0677 F300
G1 X105.594 Y83.244 E32.0820 F300
G1 X105.716 Y83.330 E32.0970 F300
G1 X105.829 Y83.445 E32.1131 F300
G1 X105.934 Y83.589 E32.1309 F300
G1 X106.031 Y83.760 E32.1506 F300
G1 X106.120 Y83.960 E32.1724 F300
G1 X106.202 Y84.187 E32.1966 F300
G1 X106.276 Y84.442 E32.2231 F300
G1 X106.343 Y84.725 E32.2522 F300
G1 X106.405 Y85.034 E32.2837 F300
G1 X106.460 Y85.369 E32.3177 F300
G1 X106.509 Y85.730 E32.3541 F300
G1 X106.553 Y86.117 E32.3930 F300
G1 X106.592 Y86.528 E32.4343 F300
G1 X106.626 Y86.963 E32.4779 F300
G1 X106.656 Y87.421 E32.5239 F300
G1 X106.682 Y87.902 E32.5720 F300
G1 X106.705 Y88.404 E32.6223 F300
G1 X106.724 Y88.928 E32.6747 F300
G1 X106.740 Y89.471 E32.7290 F300
G1 X106.753 Y90.033 E32.7853 F300
G1 X106.765 Y90.614 E32.8433 F300
G1 X106.774 Y91.211 E32.9031 F300
G1 X106.781 Y91.824 E32.9644 F300
G1 X106.786 Y92.452 E33.0272 F300
G1 X106.791 Y93.094 E33.0913 F300
G1 X106.794 Y93.748 E33.1568 F300
G1 X106.796 Y94.414 E33.2233 F300
G1 X106.798 Y95.089 E33.2909 F300
G1 X106.799 Y95.774 E33.3594 F300
G1 X106.799 Y96.467 E33.4286 F300
G1 X106.800 Y97.165 E33.4985 F300
G1 X106.800 Y97.870 E33.5689 F300
G1 X106.800 Y98.578 E33.6397 F300
G1 X106.800 Y99.288 E33.7108 F300
G1 X106.800 Y100.000 E33.7820 F300
G1 X106.800 Y100.712 E33.8532 F300
G1 X106.800 Y101.422 E33.9242 F300
G1 X106.800 Y102.130 E33.9950 F300
G1 X106.800 Y102.835 E34.0654 F300
G1 X106.799 Y103.533 E34.1353 F300
G1 X106.799 Y104.226 E34.2046 F300
G1 X106.798 Y104.911 E34.2730 F300
G1 X106.796 Y105.586 E34.3406 F300
G1 X106.794 Y106.252 E34.4072 F300
G1 X106.791 Y106.906 E34.4726 F300
G1 X106.786 Y107.548 E34.5368 F300
G1 X106.781 Y108.176 E34.5996 F300
G1 X106.774 Y108.789 E34.6609 F300
G1 X106.765 Y109.386 E34.7206 F300
G1 X106.753 Y109.967 E34.7787 F300
G1 X106.740 Y110.529 E34.8349 F300
G1 X106.724 Y111.072 E34.8893 F300
G1 X106.705 Y111.596 E34.9416 F300
G1 X106.682 Y112.098 E34.9919 F300
G1 X106.656 Y112.579 E35.0401 F300
G1 X106.626 Y113.037 E35.0860 F300
G1 X106.592 Y113.472 E35.1297 F300
G1 X106.553 Y113.883 E35.1710 F300
G1 X106.509 Y114.270 E35.2099 F300
G1 X106.460 Y114.631 E35.2463 F300
G1 X106.405 Y114.966 E35.2803 F300
G1 X106.343 Y115.275 E35.3118 F300
G1 X106.276 Y115.558 E35.3408 F300
G1 X106.202 Y115.813 E35.3674 F300
G1 X106.120 Y116.040 E35.3915 F300
G1 X106.031 Y116.240 E35.4134 F300
G1 X105.934 Y116.411 E35.4331 F300
G1 X105.829 Y116.555 E35.4509 F300
G1 X105.716 Y116.670 E35.4670 F300
G1 X105.594 Y116.756 E35.4820 F300
G1 X105.463 Y116.815 E35.4963 F300
G1 X105.323 Y116.845 E35.5106 F300
G1 X105.174 Y116.846 E35.5256 F300
G1 X105.015 Y116.820 E35.5417 F300
G1 X104.845 Y116.765 E35.5595 F300
G1 X104.666 Y116.683 E35.5792 F300
G1 X104.477 Y116.574 E35.6010 F300
G1 X104.277 Y116.438 E35.6252 F300
G1 X104.067 Y116.275 E35.6518 F300
G1 X103.847 Y116.087 E35.6808 F300
G1 X103.616 Y115.873 E35.7123 F300
G1 X103.374 Y115.634 E35.7463 F300
G1 X103.122 Y115.370 E35.7827 F300
G1 X102.859 Y115.084 E35.8216 F300
G1 X102.586 Y114.774 E35.8629 F300
G1 X102.302 Y114.442 E35.9066 F300
G1 X102.009 Y114.089 E35.9525 F300
G1 X101.705 Y113.715 E36.0006 F300
G1 X101.391 Y113.322 E36.0509 F300
G1 X101.068 Y112.910 E36.1033 F300
G1 X100.736 Y112.480 E36.1577 F300
G1 X100.395 Y112.033 E36.2139 F300
G1 X100.045 Y111.570 E36.2719 F300
G1 X99.686 Y111.092 E36.3317 F300
G1 X99.320 Y110.600 E36.3930 F300
G1 X98.946 Y110.095 E36.4558 F300
G1 X98.566 Y109.579 E36.5200 F300
G1 X98.179 Y109.051 E36.5854 F300
G1 X97.785 Y108.514 E36.6520 F300
G1 X97.387 Y107.968 E36.7195 F300
G1 X96.984 Y107.415 E36.7880 F300
G1 X96.576 Y106.855 E36.8573 F300
G1 X96.165 Y106.290 E36.9271 F300
G1 X95.751 Y105.720 E36.9976 F300
G1 X95.335 Y105.148 E37.0684 F300
G1 X94.917 Y104.573 E37.1394 F300
G1 X94.499 Y103.997 E37.2106 F300
G1 X94.080 Y103.421 E37.2818 F300
G1 X93.663 Y102.846 E37.3528 F300
G1 X93.247 Y102.273 E37.4236 F300
G1 X92.833 Y101.704 E37.4941 F300
G1 X92.422 Y101.138 E37.5639 F300
G1 X92.016 Y100.577 E37.6332 F300
G1 X91.614 Y100.023 E37.7017 F300
G1 X91.218 Y99.475 E37.7692 F300
G1 X90.829 Y98.935 E37.8358 F300
G1 X90.447 Y98.404 E37.9012 F300
G1 X90.073 Y97.882 E37.9654 F300
G1 X89.709 Y97.371 E38.0282 F300
G1 X89.354 Y96.871 E38.0895 F300
G1 X89.010 Y96.382 E38.1493 F300
G1 X88.678 Y95.906 E38.2073 F300
G1 X88.358 Y95.444 E38.2635 F300
G1 X88.052 Y94.995 E38.3179 F300
G1 X87.760 Y94.560 E38.3703 F300
G1 X87.483 Y94.140 E38.4206 F300
G1 X87.221 Y93.736 E38.4687 F300
G1 X86.976 Y93.348 E38.5146 F300
G1 X86.748 Y92.975 E38.5583 F300
G1 X86.538 Y92.620 E38.5996 F300
G1 X86.346 Y92.281 E38.6385 F300
G1 X86.174 Y91.960 E38.6749 F300
G1 X86.022 Y91.657 E38.7089 F300
G1 X85.889 Y91.371 E38.7404 F300
G1 X85.778 Y91.102 E38.7694 F300
G1 X85.688 Y90.852 E38.7960 F300
G1 X85.621 Y90.620 E38.8202 F300
G1 X85.575 Y90.407 E38.8420 F300
G1 X85.553 Y90.211 E38.8617 F300
G1 X85.553 Y90.033 E38.8795 F300
G1 X85.577 Y89.874 E38.8956 F300
G1 X85.625 Y89.732 E38.9106 F300
G1 X85.697 Y89.608 E38.9249 F300
G1 X85.792 Y89.501 E38.9392 F300
G1 X85.912 Y89.412 E38.9542 F300
G1 X86.057 Y89.340 E38.9703 F300
G1 X86.226 Y89.285 E38.9881 F300
G1 X86.419 Y89.246 E39.0078 F300
G1 X86.636 Y89.223 E39.0297 F300
G1 X86.878 Y89.216 E39.0538 F300
G1 X87.143 Y89.224 E39.0804 F300
G1 X87.432 Y89.247 E39.1094 F300
G1 X87.745 Y89.284 E39.1409 F300
G1 X88.081 Y89.335 E39.1749 F300
G1 X88.440 Y89.400 E39.2113 F300
G1 X88.821 Y89.477 E39.2502 F300
G1 X89.224 Y89.567 E39.2915 F300
G1 X89.649 Y89.669 E39.3352 F300
G1 X90.094 Y89.782 E39.3811 F300
G1 X90.559 Y89.906 E39.4293 F300
G1 X91.044 Y90.040 E39.4796 F300
G1 X91.548 Y90.184 E39.5319 F300
G1 X92.069 Y90.336 E39.5863 F300
G1 X92.608 Y90.497 E39.6425 F300
G1 X93.163 Y90.666 E39.7006 F300
G1 X93.734 Y90.842 E39.7603 F300
G1 X94.320 Y91.025 E39.8216 F300
G1 X94.919 Y91.213 E39.8844 F300
G1 X95.530 Y91.408 E39.9486 F300
G1 X96.153 Y91.607 E40.0140 F300
G1 X96.787 Y91.810 E40.0806 F300
G1 X97.430 Y92.017 E40.1482 F300
G1 X98.082 Y92.228 E40.2166 F300
G1 X98.741 Y92.441 E40.2859 F300
G1 X99.405 Y92.657 E40.3558 F300
G1 X100.075 Y92.875 E40.4262 F300
G1 X100.748 Y93.093 E40.4970 F300
G1 X101.424 Y93.313 E40.5680 F300
G1 X102.101 Y93.533 E40.6392 F300
G1 X102.778 Y93.753 E40.7104 F300
G1 X103.454 Y93.972 E40.7815 F300
G1 X104.127 Y94.191 E40.8523 F300
G1 X104.797 Y94.409 E40.9227 F300
G1 X105.462 Y94.625 E40.9926 F300
G1 X106.120 Y94.840 E41.0618 F300
G1 X106.771 Y95.052 E41.1303 F300
G1 X107.413 Y95.263 E41.1979 F300
G1 X108.045 Y95.471 E41.2644 F300
G1 X108.667 Y95.676 E41.3299 F300
G1 X109.276 Y95.878 E41.3940 F300
G1 X109.871 Y96.078 E41.4568 F300
G1 X110.452 Y96.274 E41.5181 F300
G1 X111.017 Y96.467 E41.5779 F300
G1 X111.566 Y96.657 E41.6359 F300
G1 X112.096 Y96.843 E41.6922 F300
G1 X112.608 Y97.027 E41.7465 F300
G1 X113.100 Y97.207 E41.7989 F300
G1 X113.571 Y97.383 E41.8492 F300
G1 X114.020 Y97.556 E41.8973 F300
G1 X114.447 Y97.727 E41.9433 F300
G1 X114.850 Y97.894 E41.9869 F300
G1 X115.229 Y98.058 E42.0282 F300
G1 X115.583 Y98.219 E42.0671 F300
G1 X115.911 Y98.378 E42.1035 F300
G1 X116.213 Y98.534 E42.1375 F300
G1 X116.488 Y98.687 E42.1690 F300
G1 X116.736 Y98.839 E42.1981 F300
G1 X116.955 Y98.988 E42.2246 F300
G1 X117.146 Y99.136 E42.2488 F300
G1 X117.309 Y99.283 E42.2706 F300
G1 X117.442 Y99.428 E42.2903 F300
G1 X117.546 Y99.572 E42.3081 F300
G1 X117.620 Y99.715 E42.3242 F300
G1 X117.665 Y99.858 E42.3392 F300
G1 X117.680 Y100.000 E42.3535 F300
G1 E40.8535 F1200   ; Retract

; *** MATERIAL SWITCH → C ***
; >>> PAUSE: Load syringe C — Cream Cheese + ube extract (purple) <<<
M0               ; Pause for syringe swap

; --- inner ring (scale 40%, Material C) ---
G1 Z4.00 F600   ; Z-hop
G1 X110.400 Y100.000 F1200   ; Travel to inner start
G1 Z3.00 F300   ; Lower to layer height
G1 E42.3535 F1200   ; Prime
G1 X110.391 Y100.084 E42.3620 F300
G1 X110.365 Y100.168 E42.3708 F300
G1 X110.321 Y100.252 E42.3802 F300
G1 X110.260 Y100.337 E42.3907 F300
G1 X110.182 Y100.422 E42.4023 F300
G1 X110.086 Y100.508 E42.4151 F300
G1 X109.974 Y100.595 E42.4294 F300
G1 X109.844 Y100.683 E42.4450 F300
G1 X109.699 Y100.772 E42.4621 F300
G1 X109.537 Y100.863 E42.4806 F300
G1 X109.359 Y100.954 E42.5006 F300
G1 X109.166 Y101.048 E42.5220 F300
G1 X108.958 Y101.142 E42.5449 F300
G1 X108.735 Y101.239 E42.5692 F300
G1 X108.498 Y101.337 E42.5949 F300
G1 X108.247 Y101.437 E42.6219 F300
G1 X107.983 Y101.539 E42.6502 F300
G1 X107.706 Y101.643 E42.6798 F300
G1 X107.417 Y101.749 E42.7106 F300
G1 X107.116 Y101.857 E42.7426 F300
G1 X106.803 Y101.967 E42.7757 F300
G1 X106.481 Y102.078 E42.8098 F300
G1 X106.148 Y102.192 E42.8449 F300
G1 X105.807 Y102.307 E42.8810 F300
G1 X105.456 Y102.425 E42.9179 F300
G1 X105.098 Y102.544 E42.9557 F300
G1 X104.733 Y102.664 E42.9942 F300
G1 X104.361 Y102.787 E43.0333 F300
G1 X103.983 Y102.910 E43.0731 F300
G1 X103.600 Y103.035 E43.1134 F300
G1 X103.213 Y103.162 E43.1541 F300
G1 X102.822 Y103.289 E43.1952 F300
G1 X102.428 Y103.417 E43.2366 F300
G1 X102.032 Y103.546 E43.2783 F300
G1 X101.634 Y103.675 E43.3201 F300
G1 X101.236 Y103.804 E43.3619 F300
G1 X100.838 Y103.934 E43.4038 F300
G1 X100.440 Y104.063 E43.4456 F300
G1 X100.044 Y104.191 E43.4873 F300
G1 X99.650 Y104.319 E43.5287 F300
G1 X99.259 Y104.446 E43.5698 F300
G1 X98.872 Y104.572 E43.6105 F300
G1 X98.488 Y104.696 E43.6508 F300
G1 X98.110 Y104.818 E43.6906 F300
G1 X97.737 Y104.937 E43.7297 F300
G1 X97.371 Y105.054 E43.7682 F300
G1 X97.011 Y105.169 E43.8059 F300
G1 X96.659 Y105.280 E43.8429 F300
G1 X96.314 Y105.387 E43.8790 F300
G1 X95.978 Y105.491 E43.9141 F300
G1 X95.652 Y105.590 E43.9482 F300
G1 X95.335 Y105.685 E43.9813 F300
G1 X95.028 Y105.774 E44.0133 F300
G1 X94.732 Y105.859 E44.0441 F300
G1 X94.446 Y105.938 E44.0737 F300
G1 X94.173 Y106.010 E44.1020 F300
G1 X93.911 Y106.077 E44.1290 F300
G1 X93.661 Y106.137 E44.1547 F300
G1 X93.424 Y106.190 E44.1790 F300
G1 X93.200 Y106.235 E44.2019 F300
G1 X92.989 Y106.273 E44.2233 F300
G1 X92.791 Y106.304 E44.2433 F300
G1 X92.607 Y106.326 E44.2618 F300
G1 X92.437 Y106.339 E44.2789 F300
G1 X92.281 Y106.344 E44.2945 F300
G1 X92.139 Y106.339 E44.3087 F300
G1 X92.011 Y106.326 E44.3216 F300
G1 X91.897 Y106.303 E44.3332 F300
G1 X91.798 Y106.271 E44.3436 F300
G1 X91.713 Y106.228 E44.3531 F300
G1 X91.643 Y106.176 E44.3619 F300
G1 X91.586 Y106.113 E44.3704 F300
G1 X91.544 Y106.040 E44.3788 F300
G1 X91.516 Y105.957 E44.3876 F300
G1 X91.502 Y105.863 E44.3971 F300
G1 X91.502 Y105.758 E44.4075 F300
G1 X91.515 Y105.643 E44.4191 F300
G1 X91.542 Y105.517 E44.4320 F300
G1 X91.581 Y105.381 E44.4462 F300
G1 X91.634 Y105.234 E44.4618 F300
G1 X91.700 Y105.076 E44.4789 F300
G1 X91.777 Y104.908 E44.4974 F300
G1 X91.867 Y104.729 E44.5174 F300
G1 X91.968 Y104.540 E44.5389 F300
G1 X92.081 Y104.341 E44.5617 F300
G1 X92.205 Y104.132 E44.5860 F300
G1 X92.339 Y103.913 E44.6117 F300
G1 X92.483 Y103.685 E44.6387 F300
G1 X92.637 Y103.447 E44.6670 F300
G1 X92.800 Y103.200 E44.6966 F300
G1 X92.972 Y102.944 E44.7274 F300
G1 X93.152 Y102.680 E44.7594 F300
G1 X93.340 Y102.408 E44.7925 F300
G1 X93.535 Y102.128 E44.8266 F300
G1 X93.738 Y101.841 E44.8618 F300
G1 X93.946 Y101.546 E44.8978 F300
G1 X94.161 Y101.246 E44.9348 F300
G1 X94.380 Y100.939 E44.9725 F300
G1 X94.605 Y100.626 E45.0110 F300
G1 X94.834 Y100.309 E45.0502 F300
G1 X95.067 Y99.987 E45.0899 F300
G1 X95.303 Y99.660 E45.1302 F300
G1 X95.543 Y99.331 E45.1709 F300
G1 X95.784 Y98.998 E45.2120 F300
G1 X96.027 Y98.663 E45.2535 F300
G1 X96.272 Y98.326 E45.2951 F300
G1 X96.518 Y97.988 E45.3369 F300
G1 X96.764 Y97.649 E45.3788 F300
G1 X97.010 Y97.310 E45.4207 F300
G1 X97.256 Y96.972 E45.4625 F300
G1 X97.501 Y96.635 E45.5041 F300
G1 X97.744 Y96.300 E45.5455 F300
G1 X97.986 Y95.968 E45.5866 F300
G1 X98.226 Y95.638 E45.6274 F300
G1 X98.463 Y95.313 E45.6676 F300
G1 X98.697 Y94.992 E45.7074 F300
G1 X98.929 Y94.676 E45.7465 F300
G1 X99.156 Y94.365 E45.7850 F300
G1 X99.380 Y94.062 E45.8228 F300
G1 X99.600 Y93.765 E45.8597 F300
G1 X99.815 Y93.475 E45.8958 F300
G1 X100.026 Y93.194 E45.9309 F300
G1 X100.232 Y92.922 E45.9651 F300
G1 X100.433 Y92.659 E45.9982 F300
G1 X100.628 Y92.406 E46.0301 F300
G1 X100.818 Y92.164 E46.0609 F300
G1 X101.003 Y91.932 E46.0905 F300
G1 X101.182 Y91.712 E46.1188 F300
G1 X101.354 Y91.505 E46.1459 F300
G1 X101.521 Y91.309 E46.1715 F300
G1 X101.682 Y91.127 E46.1958 F300
G1 X101.836 Y90.959 E46.2187 F300
G1 X101.985 Y90.804 E46.2401 F300
G1 X102.127 Y90.663 E46.2601 F300
G1 X102.263 Y90.537 E46.2787 F300
G1 X102.392 Y90.426 E46.2957 F300
G1 X102.516 Y90.331 E46.3114 F300
G1 X102.634 Y90.251 E46.3256 F300
G1 X102.745 Y90.186 E46.3384 F300
G1 X102.850 Y90.138 E46.3500 F300
G1 X102.950 Y90.106 E46.3605 F300
G1 X103.043 Y90.091 E46.3700 F300
G1 X103.131 Y90.091 E46.3788 F300
G1 X103.214 Y90.109 E46.3872 F300
G1 X103.291 Y90.143 E46.3956 F300
G1 X103.362 Y90.194 E46.4044 F300
G1 X103.429 Y90.262 E46.4139 F300
G1 X103.491 Y90.346 E46.4244 F300
G1 X103.548 Y90.447 E46.4360 F300
G1 X103.600 Y90.565 E46.4488 F300
G1 X103.648 Y90.698 E46.4630 F300
G1 X103.692 Y90.848 E46.4787 F300
G1 X103.731 Y91.014 E46.4957 F300
G1 X103.767 Y91.196 E46.5143 F300
G1 X103.800 Y91.394 E46.5342 F300
G1 X103.829 Y91.606 E46.5557 F300
G1 X103.855 Y91.833 E46.5786 F300
G1 X103.878 Y92.075 E46.6029 F300
G1 X103.898 Y92.331 E46.6285 F300
G1 X103.916 Y92.601 E46.6555 F300
G1 X103.931 Y92.883 E46.6839 F300
G1 X103.944 Y93.179 E46.7135 F300
G1 X103.955 Y93.487 E46.7443 F300
G1 X103.965 Y93.807 E46.7762 F300
G1 X103.973 Y94.137 E46.8093 F300
G1 X103.979 Y94.479 E46.8435 F300
G1 X103.984 Y94.830 E46.8786 F300
G1 X103.989 Y95.191 E46.9147 F300
G1 X103.992 Y95.560 E46.9516 F300
G1 X103.995 Y95.937 E46.9894 F300
G1 X103.996 Y96.322 E47.0278 F300
G1 X103.998 Y96.714 E47.0670 F300
G1 X103.999 Y97.111 E47.1068 F300
G1 X103.999 Y97.514 E47.1470 F300
G1 X104.000 Y97.922 E47.1878 F300
G1 X104.000 Y98.333 E47.2289 F300
G1 X104.000 Y98.747 E47.2703 F300
G1 X104.000 Y99.163 E47.3119 F300
G1 X104.000 Y99.581 E47.3537 F300
G1 X104.000 Y100.000 E47.3956 F300
G1 X104.000 Y100.419 E47.4375 F300
G1 X104.000 Y100.837 E47.4793 F300
G1 X104.000 Y101.253 E47.5209 F300
G1 X104.000 Y101.667 E47.5624 F300
G1 X104.000 Y102.078 E47.6035 F300
G1 X103.999 Y102.486 E47.6442 F300
G1 X103.999 Y102.889 E47.6845 F300
G1 X103.998 Y103.286 E47.7242 F300
G1 X103.996 Y103.678 E47.7634 F300
G1 X103.995 Y104.063 E47.8019 F300
G1 X103.992 Y104.440 E47.8396 F300
G1 X103.989 Y104.809 E47.8766 F300
G1 X103.984 Y105.170 E47.9126 F300
G1 X103.979 Y105.521 E47.9478 F300
G1 X103.973 Y105.863 E47.9819 F300
G1 X103.965 Y106.193 E48.0150 F300
G1 X103.955 Y106.513 E48.0470 F300
G1 X103.944 Y106.821 E48.0778 F300
G1 X103.931 Y107.117 E48.1074 F300
G1 X103.916 Y107.399 E48.1357 F300
G1 X103.898 Y107.669 E48.1627 F300
G1 X103.878 Y107.925 E48.1884 F300
G1 X103.855 Y108.167 E48.2127 F300
G1 X103.829 Y108.394 E48.2355 F300
G1 X103.800 Y108.606 E48.2570 F300
G1 X103.767 Y108.804 E48.2770 F300
G1 X103.731 Y108.986 E48.2955 F300
G1 X103.692 Y109.152 E48.3126 F300
G1 X103.648 Y109.302 E48.3282 F300
G1 X103.600 Y109.435 E48.3424 F300
G1 X103.548 Y109.553 E48.3553 F300
G1 X103.491 Y109.654 E48.3669 F300
G1 X103.429 Y109.738 E48.3773 F300
G1 X103.362 Y109.806 E48.3868 F300
G1 X103.291 Y109.857 E48.3956 F300
G1 X103.214 Y109.891 E48.4040 F300
G1 X103.131 Y109.909 E48.4125 F300
G1 X103.043 Y109.909 E48.4213 F300
G1 X102.950 Y109.894 E48.4307 F300
G1 X102.850 Y109.862 E48.4412 F300
G1 X102.745 Y109.814 E48.4528 F300
G1 X102.634 Y109.749 E48.4656 F300
G1 X102.516 Y109.669 E48.4799 F300
G1 X102.392 Y109.574 E48.4955 F300
G1 X102.263 Y109.463 E48.5126 F300
G1 X102.127 Y109.337 E48.5311 F300
G1 X101.985 Y109.196 E48.5511 F300
G1 X101.836 Y109.041 E48.5725 F300
G1 X101.682 Y108.873 E48.5954 F300
G1 X101.521 Y108.691 E48.6197 F300
G1 X101.354 Y108.495 E48.6454 F300
G1 X101.182 Y108.288 E48.6724 F300
G1 X101.003 Y108.068 E48.7007 F300
G1 X100.818 Y107.836 E48.7303 F300
G1 X100.628 Y107.594 E48.7611 F300
G1 X100.433 Y107.341 E48.7931 F300
G1 X100.232 Y107.078 E48.8262 F300
G1 X100.026 Y106.806 E48.8603 F300
G1 X99.815 Y106.525 E48.8954 F300
G1 X99.600 Y106.235 E48.9315 F300
G1 X99.380 Y105.938 E48.9684 F300
G1 X99.156 Y105.635 E49.0062 F300
G1 X98.929 Y105.324 E49.0447 F300
G1 X98.697 Y105.008 E49.0838 F300
G1 X98.463 Y104.687 E49.1236 F300
G1 X98.226 Y104.362 E49.1639 F300
G1 X97.986 Y104.032 E49.2046 F300
G1 X97.744 Y103.700 E49.2457 F300
G1 X97.501 Y103.365 E49.2871 F300
G1 X97.256 Y103.028 E49.3288 F300
G1 X97.010 Y102.690 E49.3706 F300
G1 X96.764 Y102.351 E49.4124 F300
G1 X96.518 Y102.012 E49.4543 F300
G1 X96.272 Y101.674 E49.4961 F300
G1 X96.027 Y101.337 E49.5378 F300
G1 X95.784 Y101.002 E49.5792 F300
G1 X95.543 Y100.669 E49.6203 F300
G1 X95.303 Y100.340 E49.6610 F300
G1 X95.067 Y100.013 E49.7013 F300
G1 X94.834 Y99.691 E49.7411 F300
G1 X94.605 Y99.374 E49.7802 F300
G1 X94.380 Y99.061 E49.8187 F300
G1 X94.161 Y98.754 E49.8565 F300
G1 X93.946 Y98.454 E49.8934 F300
G1 X93.738 Y98.159 E49.9295 F300
G1 X93.535 Y97.872 E49.9646 F300
G1 X93.340 Y97.592 E49.9987 F300
G1 X93.152 Y97.320 E50.0318 F300
G1 X92.972 Y97.056 E50.0638 F300
G1 X92.800 Y96.800 E50.0946 F300
G1 X92.637 Y96.553 E50.1242 F300
G1 X92.483 Y96.315 E50.1525 F300
G1 X92.339 Y96.087 E50.1795 F300
G1 X92.205 Y95.868 E50.2052 F300
G1 X92.081 Y95.659 E50.2295 F300
G1 X91.968 Y95.460 E50.2524 F300
G1 X91.867 Y95.271 E50.2738 F300
G1 X91.777 Y95.092 E50.2938 F300
G1 X91.700 Y94.924 E50.3123 F300
G1 X91.634 Y94.766 E50.3294 F300
G1 X91.581 Y94.619 E50.3450 F300
G1 X91.542 Y94.483 E50.3593 F300
G1 X91.515 Y94.357 E50.3721 F300
G1 X91.502 Y94.242 E50.3837 F300
G1 X91.502 Y94.137 E50.3941 F300
G1 X91.516 Y94.043 E50.4036 F300
G1 X91.544 Y93.960 E50.4124 F300
G1 X91.586 Y93.887 E50.4209 F300
G1 X91.643 Y93.824 E50.4293 F300
G1 X91.713 Y93.772 E50.4381 F300
G1 X91.798 Y93.729 E50.4476 F300
G1 X91.897 Y93.697 E50.4580 F300
G1 X92.011 Y93.674 E50.4696 F300
G1 X92.139 Y93.661 E50.4825 F300
G1 X92.281 Y93.656 E50.4967 F300
G1 X92.437 Y93.661 E50.5123 F300
G1 X92.607 Y93.674 E50.5294 F300
G1 X92.791 Y93.696 E50.5479 F300
G1 X92.989 Y93.727 E50.5679 F300
G1 X93.200 Y93.765 E50.5894 F300
G1 X93.424 Y93.810 E50.6122 F300
G1 X93.661 Y93.863 E50.6365 F300
G1 X93.911 Y93.923 E50.6622 F300
G1 X94.173 Y93.990 E50.6892 F300
G1 X94.446 Y94.062 E50.7175 F300
G1 X94.732 Y94.141 E50.7471 F300
G1 X95.028 Y94.226 E50.7779 F300
G1 X95.335 Y94.315 E50.8099 F300
G1 X95.652 Y94.410 E50.8430 F300
G1 X95.978 Y94.509 E50.8771 F300
G1 X96.314 Y94.613 E50.9123 F300
G1 X96.659 Y94.720 E50.9483 F300
G1 X97.011 Y94.831 E50.9853 F300
G1 X97.371 Y94.946 E51.0230 F300
G1 X97.737 Y95.063 E51.0615 F300
G1 X98.110 Y95.182 E51.1007 F300
G1 X98.488 Y95.304 E51.1404 F300
G1 X98.872 Y95.428 E51.1807 F300
G1 X99.259 Y95.554 E51.2214 F300
G1 X99.650 Y95.681 E51.2625 F300
G1 X100.044 Y95.809 E51.3040 F300
G1 X100.440 Y95.937 E51.3456 F300
G1 X100.838 Y96.066 E51.3874 F300
G1 X101.236 Y96.196 E51.4293 F300
G1 X101.634 Y96.325 E51.4712 F300
G1 X102.032 Y96.454 E51.5130 F300
G1 X102.428 Y96.583 E51.5546 F300
G1 X102.822 Y96.711 E51.5960 F300
G1 X103.213 Y96.838 E51.6371 F300
G1 X103.600 Y96.965 E51.6779 F300
G1 X103.983 Y97.090 E51.7181 F300
G1 X104.361 Y97.213 E51.7579 F300
G1 X104.733 Y97.336 E51.7971 F300
G1 X105.098 Y97.456 E51.8355 F300
G1 X105.456 Y97.575 E51.8733 F300
G1 X105.807 Y97.693 E51.9102 F300
G1 X106.148 Y97.808 E51.9463 F300
G1 X106.481 Y97.922 E51.9814 F300
G1 X106.803 Y98.033 E52.0156 F300
G1 X107.116 Y98.143 E52.0487 F300
G1 X107.417 Y98.251 E52.0806 F300
G1 X107.706 Y98.357 E52.1114 F300
G1 X107.983 Y98.461 E52.1410 F300
G1 X108.247 Y98.563 E52.1693 F300
G1 X108.498 Y98.663 E52.1964 F300
G1 X108.735 Y98.761 E52.2220 F300
G1 X108.958 Y98.858 E52.2463 F300
G1 X109.166 Y98.952 E52.2692 F300
G1 X109.359 Y99.046 E52.2907 F300
G1 X109.537 Y99.137 E52.3106 F300
G1 X109.699 Y99.228 E52.3292 F300
G1 X109.844 Y99.317 E52.3462 F300
G1 X109.974 Y99.405 E52.3619 F300
G1 X110.086 Y99.492 E52.3761 F300
G1 X110.182 Y99.578 E52.3889 F300
G1 X110.260 Y99.663 E52.4005 F300
G1 X110.321 Y99.748 E52.4110 F300
G1 X110.365 Y99.832 E52.4205 F300
G1 X110.391 Y99.916 E52.4293 F300
G1 X110.400 Y100.000 E52.4377 F300
G1 E50.9377 F1200   ; Retract

; ╔══════════════════════════════════════════════╗
; ║  LAYER 2/3 (Z=5.0mm, θ=12.0°)             ║
; ╚══════════════════════════════════════════════╝

; *** MATERIAL SWITCH → A ***
; >>> PAUSE: Load syringe A — Cream Cheese + blue dye (teal) <<<
M0               ; Pause for syringe swap

; --- outer ring (scale 100%, Material A) ---
G1 Z6.00 F600   ; Z-hop
G1 X125.432 Y105.406 F1200   ; Travel to outer start
G1 Z5.00 F300   ; Lower to layer height
G1 E52.4377 F1200   ; Prime
G1 X125.367 Y105.606 E52.4588 F300
G1 X125.259 Y105.798 E52.4808 F300
G1 X125.108 Y105.981 E52.5045 F300
G1 X124.914 Y106.156 E52.5306 F300
G1 X124.678 Y106.324 E52.5596 F300
G1 X124.400 Y106.485 E52.5917 F300
G1 X124.080 Y106.639 E52.6273 F300
G1 X123.718 Y106.787 E52.6663 F300
G1 X123.316 Y106.929 E52.7090 F300
G1 X122.873 Y107.066 E52.7553 F300
G1 X122.391 Y107.199 E52.8053 F300
G1 X121.871 Y107.326 E52.8589 F300
G1 X121.312 Y107.450 E52.9161 F300
G1 X120.717 Y107.570 E52.9769 F300
G1 X120.086 Y107.687 E53.0410 F300
G1 X119.420 Y107.802 E53.1086 F300
G1 X118.721 Y107.914 E53.1794 F300
G1 X117.990 Y108.024 E53.2534 F300
G1 X117.227 Y108.132 E53.3304 F300
G1 X116.435 Y108.239 E53.4103 F300
G1 X115.615 Y108.345 E53.4930 F300
G1 X114.768 Y108.451 E53.5784 F300
G1 X113.896 Y108.556 E53.6662 F300
G1 X113.000 Y108.660 E53.7564 F300
G1 X112.082 Y108.765 E53.8487 F300
G1 X111.145 Y108.870 E53.9431 F300
G1 X110.188 Y108.975 E54.0393 F300
G1 X109.215 Y109.081 E54.1372 F300
G1 X108.227 Y109.187 E54.2366 F300
G1 X107.226 Y109.294 E54.3373 F300
G1 X106.213 Y109.401 E54.4391 F300
G1 X105.191 Y109.509 E54.5419 F300
G1 X104.161 Y109.618 E54.6454 F300
G1 X103.126 Y109.727 E54.7496 F300
G1 X102.086 Y109.836 E54.8541 F300
G1 X101.045 Y109.945 E54.9587 F300
G1 X100.004 Y110.055 E55.0634 F300
G1 X98.965 Y110.164 E55.1679 F300
G1 X97.929 Y110.273 E55.2720 F300
G1 X96.900 Y110.381 E55.3756 F300
G1 X95.877 Y110.488 E55.4784 F300
G1 X94.865 Y110.593 E55.5802 F300
G1 X93.863 Y110.697 E55.6809 F300
G1 X92.874 Y110.798 E55.7803 F300
G1 X91.900 Y110.897 E55.8782 F300
G1 X90.943 Y110.993 E55.9744 F300
G1 X90.004 Y111.086 E56.0688 F300
G1 X89.085 Y111.174 E56.1611 F300
G1 X88.187 Y111.258 E56.2513 F300
G1 X87.312 Y111.336 E56.3391 F300
G1 X86.462 Y111.409 E56.4245 F300
G1 X85.637 Y111.476 E56.5072 F300
G1 X84.840 Y111.536 E56.5871 F300
G1 X84.072 Y111.588 E56.6641 F300
G1 X83.333 Y111.633 E56.7381 F300
G1 X82.626 Y111.669 E56.8089 F300
G1 X81.951 Y111.695 E56.8765 F300
G1 X81.310 Y111.712 E56.9406 F300
G1 X80.702 Y111.718 E57.0014 F300
G1 X80.130 Y111.713 E57.0586 F300
G1 X79.595 Y111.697 E57.1122 F300
G1 X79.096 Y111.668 E57.1621 F300
G1 X78.634 Y111.626 E57.2085 F300
G1 X78.211 Y111.570 E57.2511 F300
G1 X77.827 Y111.501 E57.2902 F300
G1 X77.482 Y111.416 E57.3258 F300
G1 X77.176 Y111.317 E57.3579 F300
G1 X76.910 Y111.202 E57.3869 F300
G1 X76.684 Y111.071 E57.4130 F300
G1 X76.498 Y110.923 E57.4367 F300
G1 X76.353 Y110.758 E57.4587 F300
G1 X76.248 Y110.575 E57.4798 F300
G1 X76.183 Y110.375 E57.5009 F300
G1 X76.157 Y110.156 E57.5228 F300
G1 X76.172 Y109.919 E57.5466 F300
G1 X76.225 Y109.664 E57.5727 F300
G1 X76.318 Y109.389 E57.6017 F300
G1 X76.448 Y109.095 E57.6338 F300
G1 X76.617 Y108.783 E57.6694 F300
G1 X76.822 Y108.450 E57.7084 F300
G1 X77.064 Y108.099 E57.7511 F300
G1 X77.342 Y107.728 E57.7974 F300
G1 X77.654 Y107.338 E57.8474 F300
G1 X78.000 Y106.928 E57.9010 F300
G1 X78.379 Y106.500 E57.9582 F300
G1 X78.790 Y106.053 E58.0189 F300
G1 X79.232 Y105.587 E58.0831 F300
G1 X79.703 Y105.103 E58.1507 F300
G1 X80.203 Y104.602 E58.2215 F300
G1 X80.730 Y104.083 E58.2955 F300
G1 X81.283 Y103.547 E58.3725 F300
G1 X81.861 Y102.995 E58.4524 F300
G1 X82.462 Y102.427 E58.5351 F300
G1 X83.086 Y101.844 E58.6205 F300
G1 X83.729 Y101.246 E58.7083 F300
G1 X84.392 Y100.635 E58.7985 F300
G1 X85.073 Y100.011 E58.8908 F300
G1 X85.770 Y99.375 E58.9852 F300
G1 X86.482 Y98.727 E59.0814 F300
G1 X87.207 Y98.070 E59.1793 F300
G1 X87.944 Y97.403 E59.2787 F300
G1 X88.692 Y96.728 E59.3794 F300
G1 X89.448 Y96.046 E59.4812 F300
G1 X90.211 Y95.358 E59.5840 F300
G1 X90.981 Y94.665 E59.6875 F300
G1 X91.754 Y93.968 E59.7916 F300
G1 X92.531 Y93.269 E59.8961 F300
G1 X93.309 Y92.569 E60.0008 F300
G1 X94.087 Y91.868 E60.1055 F300
G1 X94.863 Y91.169 E60.2100 F300
G1 X95.637 Y90.472 E60.3141 F300
G1 X96.407 Y89.780 E60.4177 F300
G1 X97.171 Y89.092 E60.5205 F300
G1 X97.928 Y88.412 E60.6223 F300
G1 X98.678 Y87.739 E60.7230 F300
G1 X99.418 Y87.076 E60.8224 F300
G1 X100.147 Y86.423 E60.9203 F300
G1 X100.866 Y85.783 E61.0165 F300
G1 X101.571 Y85.156 E61.1108 F300
G1 X102.263 Y84.544 E61.2032 F300
G1 X102.940 Y83.949 E61.2934 F300
G1 X103.602 Y83.371 E61.3812 F300
G1 X104.247 Y82.812 E61.4666 F300
G1 X104.874 Y82.273 E61.5493 F300
G1 X105.484 Y81.756 E61.6292 F300
G1 X106.075 Y81.262 E61.7062 F300
G1 X106.646 Y80.792 E61.7802 F300
G1 X107.197 Y80.348 E61.8510 F300
G1 X107.727 Y79.929 E61.9185 F300
G1 X108.237 Y79.539 E61.9827 F300
G1 X108.724 Y79.177 E62.0434 F300
G1 X109.190 Y78.845 E62.1006 F300
G1 X109.633 Y78.543 E62.1543 F300
G1 X110.054 Y78.273 E62.2042 F300
G1 X110.452 Y78.036 E62.2506 F300
G1 X110.827 Y77.832 E62.2932 F300
G1 X111.179 Y77.663 E62.3323 F300
G1 X111.507 Y77.528 E62.3678 F300
G1 X111.813 Y77.429 E62.4000 F300
G1 X112.096 Y77.366 E62.4290 F300
G1 X112.356 Y77.339 E62.4551 F300
G1 X112.593 Y77.350 E62.4788 F300
G1 X112.808 Y77.398 E62.5008 F300
G1 X113.000 Y77.483 E62.5219 F300
G1 X113.170 Y77.607 E62.5429 F300
G1 X113.319 Y77.769 E62.5649 F300
G1 X113.447 Y77.969 E62.5887 F300
G1 X113.554 Y78.207 E62.6148 F300
G1 X113.641 Y78.484 E62.6438 F300
G1 X113.708 Y78.798 E62.6759 F300
G1 X113.755 Y79.150 E62.7114 F300
G1 X113.784 Y79.540 E62.7505 F300
G1 X113.795 Y79.967 E62.7932 F300
G1 X113.789 Y80.430 E62.8395 F300
G1 X113.766 Y80.929 E62.8895 F300
G1 X113.726 Y81.464 E62.9431 F300
G1 X113.671 Y82.033 E63.0003 F300
G1 X113.602 Y82.636 E63.0610 F300
G1 X113.518 Y83.273 E63.1252 F300
G1 X113.421 Y83.941 E63.1928 F300
G1 X113.311 Y84.641 E63.2636 F300
G1 X113.190 Y85.370 E63.3375 F300
G1 X113.057 Y86.129 E63.4146 F300
G1 X112.914 Y86.915 E63.4945 F300
G1 X112.762 Y87.728 E63.5772 F300
G1 X112.600 Y88.566 E63.6625 F300
G1 X112.431 Y89.428 E63.7504 F300
G1 X112.254 Y90.312 E63.8406 F300
G1 X112.070 Y91.217 E63.9329 F300
G1 X111.880 Y92.142 E64.0273 F300
G1 X111.684 Y93.084 E64.1235 F300
G1 X111.484 Y94.042 E64.2214 F300
G1 X111.280 Y95.015 E64.3208 F300
G1 X111.072 Y96.000 E64.4215 F300
G1 X110.861 Y96.996 E64.5233 F300
G1 X110.648 Y98.002 E64.6261 F300
G1 X110.433 Y99.015 E64.7296 F300
G1 X110.216 Y100.033 E64.8337 F300
G1 X109.999 Y101.055 E64.9382 F300
G1 X109.781 Y102.079 E65.0429 F300
G1 X109.564 Y103.103 E65.1476 F300
G1 X109.347 Y104.125 E65.2521 F300
G1 X109.130 Y105.144 E65.3562 F300
G1 X108.914 Y106.156 E65.4598 F300
G1 X108.700 Y107.162 E65.5625 F300
G1 X108.488 Y108.157 E65.6644 F300
G1 X108.277 Y109.142 E65.7651 F300
G1 X108.068 Y110.114 E65.8645 F300
G1 X107.861 Y111.071 E65.9623 F300
G1 X107.656 Y112.011 E66.0586 F300
G1 X107.454 Y112.932 E66.1529 F300
G1 X107.254 Y113.834 E66.2453 F300
G1 X107.056 Y114.714 E66.3355 F300
G1 X106.861 Y115.570 E66.4233 F300
G1 X106.667 Y116.401 E66.5086 F300
G1 X106.476 Y117.206 E66.5914 F300
G1 X106.287 Y117.983 E66.6713 F300
G1 X106.099 Y118.730 E66.7483 F300
G1 X105.913 Y119.446 E66.8223 F300
G1 X105.729 Y120.129 E66.8931 F300
G1 X105.546 Y120.779 E66.9606 F300
G1 X105.363 Y121.395 E67.0248 F300
G1 X105.181 Y121.974 E67.0855 F300
G1 X105.000 Y122.517 E67.1427 F300
G1 X104.819 Y123.021 E67.1963 F300
G1 X104.637 Y123.487 E67.2463 F300
G1 X104.454 Y123.912 E67.2926 F300
G1 X104.271 Y124.298 E67.3353 F300
G1 X104.086 Y124.642 E67.3744 F300
G1 X103.899 Y124.944 E67.4099 F300
G1 X103.710 Y125.204 E67.4421 F300
G1 X103.518 Y125.421 E67.4710 F300
G1 X103.324 Y125.596 E67.4972 F300
G1 X103.126 Y125.727 E67.5209 F300
G1 X102.924 Y125.814 E67.5429 F300
G1 X102.718 Y125.858 E67.5640 F300
G1 X102.507 Y125.858 E67.5850 F300
G1 X102.291 Y125.814 E67.6070 F300
G1 X102.071 Y125.727 E67.6308 F300
G1 X101.844 Y125.597 E67.6569 F300
G1 X101.611 Y125.425 E67.6858 F300
G1 X101.372 Y125.210 E67.7180 F300
G1 X101.127 Y124.953 E67.7535 F300
G1 X100.874 Y124.655 E67.7926 F300
G1 X100.615 Y124.316 E67.8353 F300
G1 X100.348 Y123.937 E67.8816 F300
G1 X100.073 Y123.520 E67.9316 F300
G1 X99.791 Y123.064 E67.9852 F300
G1 X99.500 Y122.571 E68.0424 F300
G1 X99.202 Y122.042 E68.1031 F300
G1 X98.896 Y121.478 E68.1673 F300
G1 X98.581 Y120.881 E68.2348 F300
G1 X98.259 Y120.250 E68.3057 F300
G1 X97.928 Y119.588 E68.3796 F300
G1 X97.590 Y118.897 E68.4566 F300
G1 X97.243 Y118.177 E68.5366 F300
G1 X96.889 Y117.429 E68.6193 F300
G1 X96.527 Y116.656 E68.7046 F300
G1 X96.157 Y115.859 E68.7925 F300
G1 X95.781 Y115.040 E68.8826 F300
G1 X95.398 Y114.200 E68.9750 F300
G1 X95.008 Y113.340 E69.0694 F300
G1 X94.612 Y112.463 E69.1656 F300
G1 X94.211 Y111.570 E69.2635 F300
G1 X93.805 Y110.663 E69.3628 F300
G1 X93.394 Y109.744 E69.4635 F300
G1 X92.979 Y108.814 E69.5654 F300
G1 X92.560 Y107.875 E69.6682 F300
G1 X92.139 Y106.929 E69.7717 F300
G1 X91.715 Y105.978 E69.8758 F300
G1 X91.290 Y105.024 E69.9803 F300
G1 X90.865 Y104.067 E70.0850 F300
G1 X90.439 Y103.111 E70.1897 F300
G1 X90.014 Y102.156 E70.2942 F300
G1 X89.590 Y101.205 E70.3983 F300
G1 X89.169 Y100.259 E70.5018 F300
G1 X88.752 Y99.320 E70.6046 F300
G1 X88.339 Y98.389 E70.7065 F300
G1 X87.930 Y97.469 E70.8072 F300
G1 X87.528 Y96.560 E70.9065 F300
G1 X87.133 Y95.664 E71.0044 F300
G1 X86.746 Y94.783 E71.1006 F300
G1 X86.368 Y93.919 E71.1950 F300
G1 X86.000 Y93.072 E71.2874 F300
G1 X85.643 Y92.244 E71.3775 F300
G1 X85.298 Y91.436 E71.4654 F300
G1 X84.966 Y90.650 E71.5507 F300
G1 X84.647 Y89.886 E71.6334 F300
G1 X84.344 Y89.147 E71.7134 F300
G1 X84.057 Y88.432 E71.7904 F300
G1 X83.786 Y87.744 E71.8644 F300
G1 X83.534 Y87.082 E71.9352 F300
G1 X83.300 Y86.449 E72.0027 F300
G1 X83.086 Y85.844 E72.0669 F300
G1 X82.892 Y85.268 E72.1276 F300
G1 X82.720 Y84.723 E72.1848 F300
G1 X82.570 Y84.208 E72.2384 F300
G1 X82.444 Y83.724 E72.2884 F300
G1 X82.341 Y83.273 E72.3347 F300
G1 X82.263 Y82.853 E72.3774 F300
G1 X82.210 Y82.466 E72.4165 F300
G1 X82.184 Y82.112 E72.4520 F300
G1 X82.184 Y81.790 E72.4842 F300
G1 X82.211 Y81.502 E72.5131 F300
G1 X82.266 Y81.246 E72.5393 F300
G1 X82.350 Y81.024 E72.5630 F300
G1 X82.462 Y80.835 E72.5850 F300
G1 X82.603 Y80.678 E72.6060 F300
G1 X82.773 Y80.554 E72.6271 F300
G1 X82.973 Y80.463 E72.6491 F300
G1 X83.203 Y80.403 E72.6728 F300
G1 X83.462 Y80.375 E72.6990 F300
G1 X83.752 Y80.378 E72.7279 F300
G1 X84.072 Y80.412 E72.7601 F300
G1 X84.421 Y80.475 E72.7956 F300
G1 X84.801 Y80.568 E72.8347 F300
G1 X85.210 Y80.689 E72.8774 F300
G1 X85.649 Y80.839 E72.9237 F300
G1 X86.116 Y81.015 E72.9737 F300
G1 X86.613 Y81.218 E73.0273 F300
G1 X87.137 Y81.446 E73.0845 F300
G1 X87.689 Y81.698 E73.1452 F300
G1 X88.269 Y81.975 E73.2094 F300
G1 X88.874 Y82.273 E73.2769 F300
G1 X89.506 Y82.594 E73.3477 F300
G1 X90.162 Y82.935 E73.4217 F300
G1 X90.843 Y83.295 E73.4987 F300
G1 X91.547 Y83.674 E73.5787 F300
G1 X92.273 Y84.071 E73.6614 F300
G1 X93.020 Y84.483 E73.7467 F300
G1 X93.787 Y84.911 E73.8346 F300
G1 X94.573 Y85.352 E73.9247 F300
G1 X95.377 Y85.807 E74.0171 F300
G1 X96.197 Y86.273 E74.1115 F300
G1 X97.033 Y86.750 E74.2077 F300
G1 X97.882 Y87.237 E74.3056 F300
G1 X98.744 Y87.732 E74.4049 F300
G1 X99.617 Y88.234 E74.5056 F300
G1 X100.500 Y88.742 E74.6075 F300
G1 X101.390 Y89.256 E74.7102 F300
G1 X102.287 Y89.773 E74.8138 F300
G1 X103.188 Y90.294 E74.9179 F300
G1 X104.093 Y90.816 E75.0224 F300
G1 X105.000 Y91.340 E75.1271 F300
G1 X105.907 Y91.863 E75.2318 F300
G1 X106.812 Y92.386 E75.3363 F300
G1 X107.713 Y92.906 E75.4404 F300
G1 X108.610 Y93.424 E75.5439 F300
G1 X109.500 Y93.939 E75.6467 F300
G1 X110.381 Y94.449 E75.7485 F300
G1 X111.252 Y94.953 E75.8492 F300
G1 X112.112 Y95.452 E75.9486 F300
G1 X112.958 Y95.945 E76.0465 F300
G1 X113.789 Y96.430 E76.1427 F300
G1 X114.603 Y96.907 E76.2371 F300
G1 X115.399 Y97.376 E76.3295 F300
G1 X116.174 Y97.836 E76.4196 F300
G1 X116.928 Y98.287 E76.5075 F300
G1 X117.659 Y98.727 E76.5928 F300
G1 X118.365 Y99.158 E76.6755 F300
G1 X119.045 Y99.578 E76.7555 F300
G1 X119.698 Y99.987 E76.8325 F300
G1 X120.321 Y100.385 E76.9064 F300
G1 X120.914 Y100.772 E76.9773 F300
G1 X121.476 Y101.147 E77.0448 F300
G1 X122.005 Y101.511 E77.1090 F300
G1 X122.500 Y101.863 E77.1697 F300
G1 X122.960 Y102.203 E77.2269 F300
G1 X123.383 Y102.531 E77.2805 F300
G1 X123.770 Y102.848 E77.3305 F300
G1 X124.119 Y103.153 E77.3768 F300
G1 X124.428 Y103.447 E77.4195 F300
G1 X124.698 Y103.729 E77.4586 F300
G1 X124.928 Y104.000 E77.4941 F300
G1 X125.117 Y104.260 E77.5262 F300
G1 X125.265 Y104.510 E77.5552 F300
G1 X125.370 Y104.748 E77.5813 F300
G1 X125.433 Y104.977 E77.6051 F300
G1 X125.454 Y105.196 E77.6271 F300
G1 X125.432 Y105.406 E77.6481 F300
G1 E76.1481 F1200   ; Retract

; *** MATERIAL SWITCH → B ***
; >>> PAUSE: Load syringe B — Cream Cheese + beet powder (pink) <<<
M0               ; Pause for syringe swap

; --- middle ring (scale 68%, Material B) ---
G1 Z6.00 F600   ; Z-hop
G1 X117.294 Y103.676 F1200   ; Travel to middle start
G1 Z5.00 F300   ; Lower to layer height
G1 E77.6481 F1200   ; Prime
G1 X117.249 Y103.812 E77.6625 F300
G1 X117.176 Y103.942 E77.6774 F300
G1 X117.073 Y104.067 E77.6936 F300
G1 X116.942 Y104.186 E77.7113 F300
G1 X116.781 Y104.300 E77.7310 F300
G1 X116.592 Y104.410 E77.7529 F300
G1 X116.374 Y104.515 E77.7770 F300
G1 X116.128 Y104.615 E77.8036 F300
G1 X115.855 Y104.712 E77.8326 F300
G1 X115.554 Y104.805 E77.8641 F300
G1 X115.226 Y104.895 E77.8981 F300
G1 X114.872 Y104.982 E77.9346 F300
G1 X114.492 Y105.066 E77.9735 F300
G1 X114.088 Y105.148 E78.0148 F300
G1 X113.658 Y105.227 E78.0584 F300
G1 X113.206 Y105.305 E78.1043 F300
G1 X112.730 Y105.381 E78.1525 F300
G1 X112.233 Y105.456 E78.2028 F300
G1 X111.714 Y105.530 E78.2552 F300
G1 X111.176 Y105.603 E78.3095 F300
G1 X110.618 Y105.675 E78.3657 F300
G1 X110.042 Y105.746 E78.4238 F300
G1 X109.449 Y105.818 E78.4835 F300
G1 X108.840 Y105.889 E78.5448 F300
G1 X108.216 Y105.960 E78.6076 F300
G1 X107.578 Y106.032 E78.6718 F300
G1 X106.928 Y106.103 E78.7372 F300
G1 X106.266 Y106.175 E78.8038 F300
G1 X105.594 Y106.247 E78.8714 F300
G1 X104.913 Y106.320 E78.9399 F300
G1 X104.225 Y106.393 E79.0091 F300
G1 X103.530 Y106.466 E79.0790 F300
G1 X102.830 Y106.540 E79.1494 F300
G1 X102.125 Y106.614 E79.2202 F300
G1 X101.419 Y106.688 E79.2913 F300
G1 X100.711 Y106.763 E79.3624 F300
G1 X100.003 Y106.837 E79.4336 F300
G1 X99.296 Y106.911 E79.5047 F300
G1 X98.592 Y106.985 E79.5755 F300
G1 X97.892 Y107.059 E79.6459 F300
G1 X97.197 Y107.132 E79.7158 F300
G1 X96.508 Y107.203 E79.7850 F300
G1 X95.827 Y107.274 E79.8535 F300
G1 X95.155 Y107.343 E79.9211 F300
G1 X94.492 Y107.410 E79.9877 F300
G1 X93.841 Y107.475 E80.0531 F300
G1 X93.203 Y107.538 E80.1172 F300
G1 X92.578 Y107.598 E80.1800 F300
G1 X91.967 Y107.655 E80.2414 F300
G1 X91.372 Y107.709 E80.3011 F300
G1 X90.794 Y107.758 E80.3591 F300
G1 X90.233 Y107.804 E80.4154 F300
G1 X89.691 Y107.844 E80.4697 F300
G1 X89.169 Y107.880 E80.5221 F300
G1 X88.667 Y107.910 E80.5724 F300
G1 X88.186 Y107.935 E80.6206 F300
G1 X87.727 Y107.953 E80.6665 F300
G1 X87.291 Y107.964 E80.7101 F300
G1 X86.878 Y107.968 E80.7514 F300
G1 X86.489 Y107.965 E80.7903 F300
G1 X86.124 Y107.954 E80.8268 F300
G1 X85.785 Y107.934 E80.8608 F300
G1 X85.471 Y107.905 E80.8923 F300
G1 X85.184 Y107.868 E80.9213 F300
G1 X84.922 Y107.820 E80.9478 F300
G1 X84.687 Y107.763 E80.9720 F300
G1 X84.480 Y107.696 E80.9939 F300
G1 X84.299 Y107.617 E81.0136 F300
G1 X84.145 Y107.528 E81.0313 F300
G1 X84.019 Y107.427 E81.0475 F300
G1 X83.920 Y107.315 E81.0624 F300
G1 X83.849 Y107.191 E81.0768 F300
G1 X83.804 Y107.055 E81.0911 F300
G1 X83.787 Y106.906 E81.1060 F300
G1 X83.797 Y106.745 E81.1222 F300
G1 X83.833 Y106.571 E81.1399 F300
G1 X83.896 Y106.385 E81.1596 F300
G1 X83.985 Y106.185 E81.1815 F300
G1 X84.099 Y105.972 E81.2057 F300
G1 X84.239 Y105.746 E81.2322 F300
G1 X84.404 Y105.507 E81.2612 F300
G1 X84.592 Y105.255 E81.2927 F300
G1 X84.805 Y104.990 E81.3267 F300
G1 X85.040 Y104.711 E81.3632 F300
G1 X85.298 Y104.420 E81.4021 F300
G1 X85.577 Y104.116 E81.4434 F300
G1 X85.878 Y103.799 E81.4870 F300
G1 X86.198 Y103.470 E81.5329 F300
G1 X86.538 Y103.129 E81.5811 F300
G1 X86.896 Y102.776 E81.6314 F300
G1 X87.273 Y102.412 E81.6838 F300
G1 X87.666 Y102.036 E81.7381 F300
G1 X88.074 Y101.650 E81.7944 F300
G1 X88.498 Y101.254 E81.8524 F300
G1 X88.936 Y100.847 E81.9121 F300
G1 X89.387 Y100.432 E81.9735 F300
G1 X89.850 Y100.007 E82.0363 F300
G1 X90.324 Y99.575 E82.1004 F300
G1 X90.808 Y99.135 E82.1659 F300
G1 X91.301 Y98.688 E82.2324 F300
G1 X91.802 Y98.234 E82.3000 F300
G1 X92.310 Y97.775 E82.3685 F300
G1 X92.824 Y97.311 E82.4377 F300
G1 X93.344 Y96.843 E82.5076 F300
G1 X93.867 Y96.372 E82.5780 F300
G1 X94.393 Y95.898 E82.6488 F300
G1 X94.921 Y95.423 E82.7199 F300
G1 X95.450 Y94.947 E82.7911 F300
G1 X95.979 Y94.470 E82.8622 F300
G1 X96.507 Y93.995 E82.9333 F300
G1 X97.033 Y93.521 E83.0041 F300
G1 X97.557 Y93.050 E83.0745 F300
G1 X98.076 Y92.583 E83.1444 F300
G1 X98.591 Y92.120 E83.2137 F300
G1 X99.101 Y91.662 E83.2821 F300
G1 X99.604 Y91.211 E83.3497 F300
G1 X100.100 Y90.768 E83.4163 F300
G1 X100.589 Y90.332 E83.4817 F300
G1 X101.068 Y89.906 E83.5459 F300
G1 X101.539 Y89.490 E83.6087 F300
G1 X101.999 Y89.085 E83.6700 F300
G1 X102.449 Y88.692 E83.7297 F300
G1 X102.888 Y88.312 E83.7878 F300
G1 X103.315 Y87.946 E83.8440 F300
G1 X103.729 Y87.594 E83.8983 F300
G1 X104.131 Y87.258 E83.9507 F300
G1 X104.519 Y86.939 E84.0010 F300
G1 X104.894 Y86.636 E84.0492 F300
G1 X105.255 Y86.352 E84.0951 F300
G1 X105.601 Y86.086 E84.1387 F300
G1 X105.932 Y85.840 E84.1800 F300
G1 X106.249 Y85.614 E84.2189 F300
G1 X106.551 Y85.409 E84.2554 F300
G1 X106.837 Y85.226 E84.2894 F300
G1 X107.107 Y85.065 E84.3209 F300
G1 X107.362 Y84.926 E84.3499 F300
G1 X107.601 Y84.811 E84.3765 F300
G1 X107.825 Y84.719 E84.4006 F300
G1 X108.033 Y84.652 E84.4225 F300
G1 X108.225 Y84.609 E84.4422 F300
G1 X108.402 Y84.591 E84.4599 F300
G1 X108.563 Y84.598 E84.4761 F300
G1 X108.709 Y84.630 E84.4910 F300
G1 X108.840 Y84.689 E84.5054 F300
G1 X108.956 Y84.773 E84.5197 F300
G1 X109.057 Y84.883 E84.5347 F300
G1 X109.144 Y85.019 E84.5508 F300
G1 X109.217 Y85.181 E84.5686 F300
G1 X109.276 Y85.369 E84.5883 F300
G1 X109.321 Y85.583 E84.6101 F300
G1 X109.354 Y85.822 E84.6343 F300
G1 X109.373 Y86.087 E84.6608 F300
G1 X109.381 Y86.377 E84.6899 F300
G1 X109.376 Y86.692 E84.7214 F300
G1 X109.361 Y87.032 E84.7554 F300
G1 X109.334 Y87.395 E84.7918 F300
G1 X109.296 Y87.782 E84.8307 F300
G1 X109.249 Y88.193 E84.8720 F300
G1 X109.192 Y88.625 E84.9156 F300
G1 X109.126 Y89.080 E84.9616 F300
G1 X109.052 Y89.556 E85.0097 F300
G1 X108.969 Y90.052 E85.0600 F300
G1 X108.879 Y90.568 E85.1124 F300
G1 X108.782 Y91.102 E85.1667 F300
G1 X108.678 Y91.655 E85.2230 F300
G1 X108.568 Y92.225 E85.2810 F300
G1 X108.453 Y92.811 E85.3408 F300
G1 X108.332 Y93.412 E85.4021 F300
G1 X108.207 Y94.028 E85.4649 F300
G1 X108.078 Y94.656 E85.5290 F300
G1 X107.945 Y95.297 E85.5945 F300
G1 X107.809 Y95.949 E85.6610 F300
G1 X107.670 Y96.610 E85.7286 F300
G1 X107.529 Y97.280 E85.7971 F300
G1 X107.385 Y97.957 E85.8663 F300
G1 X107.240 Y98.641 E85.9362 F300
G1 X107.094 Y99.330 E86.0066 F300
G1 X106.947 Y100.022 E86.0774 F300
G1 X106.799 Y100.717 E86.1485 F300
G1 X106.651 Y101.414 E86.2197 F300
G1 X106.503 Y102.110 E86.2909 F300
G1 X106.356 Y102.805 E86.3619 F300
G1 X106.208 Y103.498 E86.4327 F300
G1 X106.062 Y104.186 E86.5031 F300
G1 X105.916 Y104.870 E86.5730 F300
G1 X105.772 Y105.547 E86.6423 F300
G1 X105.628 Y106.217 E86.7107 F300
G1 X105.486 Y106.877 E86.7783 F300
G1 X105.346 Y107.528 E86.8449 F300
G1 X105.206 Y108.167 E86.9103 F300
G1 X105.069 Y108.794 E86.9745 F300
G1 X104.933 Y109.407 E87.0373 F300
G1 X104.798 Y110.005 E87.0986 F300
G1 X104.665 Y110.588 E87.1583 F300
G1 X104.534 Y111.153 E87.2164 F300
G1 X104.404 Y111.700 E87.2726 F300
G1 X104.275 Y112.228 E87.3270 F300
G1 X104.147 Y112.736 E87.3793 F300
G1 X104.021 Y113.223 E87.4296 F300
G1 X103.896 Y113.688 E87.4778 F300
G1 X103.771 Y114.130 E87.5237 F300
G1 X103.647 Y114.548 E87.5674 F300
G1 X103.523 Y114.942 E87.6087 F300
G1 X103.400 Y115.311 E87.6476 F300
G1 X103.277 Y115.654 E87.6840 F300
G1 X103.153 Y115.971 E87.7180 F300
G1 X103.029 Y116.260 E87.7495 F300
G1 X102.904 Y116.522 E87.7785 F300
G1 X102.778 Y116.756 E87.8051 F300
G1 X102.651 Y116.962 E87.8292 F300
G1 X102.523 Y117.139 E87.8511 F300
G1 X102.392 Y117.287 E87.8708 F300
G1 X102.260 Y117.405 E87.8886 F300
G1 X102.125 Y117.494 E87.9047 F300
G1 X101.988 Y117.553 E87.9197 F300
G1 X101.848 Y117.583 E87.9340 F300
G1 X101.705 Y117.583 E87.9483 F300
G1 X101.558 Y117.554 E87.9633 F300
G1 X101.408 Y117.495 E87.9794 F300
G1 X101.254 Y117.406 E87.9972 F300
G1 X101.096 Y117.289 E88.0169 F300
G1 X100.933 Y117.143 E88.0387 F300
G1 X100.766 Y116.968 E88.0629 F300
G1 X100.595 Y116.765 E88.0895 F300
G1 X100.418 Y116.535 E88.1185 F300
G1 X100.236 Y116.277 E88.1500 F300
G1 X100.050 Y115.994 E88.1840 F300
G1 X99.858 Y115.684 E88.2204 F300
G1 X99.660 Y115.348 E88.2593 F300
G1 X99.458 Y114.989 E88.3006 F300
G1 X99.249 Y114.605 E88.3443 F300
G1 X99.035 Y114.199 E88.3902 F300
G1 X98.816 Y113.770 E88.4383 F300
G1 X98.591 Y113.320 E88.4886 F300
G1 X98.361 Y112.850 E88.5410 F300
G1 X98.125 Y112.360 E88.5954 F300
G1 X97.884 Y111.852 E88.6516 F300
G1 X97.638 Y111.326 E88.7096 F300
G1 X97.387 Y110.784 E88.7694 F300
G1 X97.131 Y110.227 E88.8307 F300
G1 X96.870 Y109.656 E88.8935 F300
G1 X96.605 Y109.071 E88.9577 F300
G1 X96.336 Y108.475 E89.0231 F300
G1 X96.064 Y107.868 E89.0897 F300
G1 X95.787 Y107.251 E89.1572 F300
G1 X95.508 Y106.626 E89.2257 F300
G1 X95.226 Y105.994 E89.2950 F300
G1 X94.941 Y105.355 E89.3648 F300
G1 X94.654 Y104.712 E89.4353 F300
G1 X94.366 Y104.065 E89.5061 F300
G1 X94.077 Y103.416 E89.5771 F300
G1 X93.788 Y102.766 E89.6483 F300
G1 X93.498 Y102.115 E89.7195 F300
G1 X93.209 Y101.466 E89.7905 F300
G1 X92.921 Y100.820 E89.8613 F300
G1 X92.635 Y100.176 E89.9318 F300
G1 X92.351 Y99.538 E90.0016 F300
G1 X92.070 Y98.905 E90.0709 F300
G1 X91.793 Y98.279 E90.1394 F300
G1 X91.519 Y97.661 E90.2069 F300
G1 X91.251 Y97.052 E90.2735 F300
G1 X90.987 Y96.453 E90.3389 F300
G1 X90.730 Y95.865 E90.4031 F300
G1 X90.480 Y95.289 E90.4659 F300
G1 X90.237 Y94.726 E90.5272 F300
G1 X90.002 Y94.176 E90.5870 F300
G1 X89.777 Y93.642 E90.6450 F300
G1 X89.560 Y93.123 E90.7012 F300
G1 X89.354 Y92.620 E90.7556 F300
G1 X89.159 Y92.134 E90.8080 F300
G1 X88.975 Y91.666 E90.8583 F300
G1 X88.803 Y91.216 E90.9064 F300
G1 X88.644 Y90.785 E90.9523 F300
G1 X88.498 Y90.374 E90.9960 F300
G1 X88.367 Y89.982 E91.0373 F300
G1 X88.250 Y89.611 E91.0762 F300
G1 X88.148 Y89.261 E91.1126 F300
G1 X88.062 Y88.933 E91.1466 F300
G1 X87.992 Y88.625 E91.1781 F300
G1 X87.939 Y88.340 E91.2071 F300
G1 X87.903 Y88.077 E91.2337 F300
G1 X87.885 Y87.836 E91.2579 F300
G1 X87.885 Y87.617 E91.2797 F300
G1 X87.904 Y87.421 E91.2994 F300
G1 X87.941 Y87.247 E91.3172 F300
G1 X87.998 Y87.096 E91.3333 F300
G1 X88.074 Y86.968 E91.3483 F300
G1 X88.170 Y86.861 E91.3626 F300
G1 X88.286 Y86.777 E91.3769 F300
G1 X88.422 Y86.715 E91.3919 F300
G1 X88.578 Y86.674 E91.4080 F300
G1 X88.754 Y86.655 E91.4258 F300
G1 X88.951 Y86.657 E91.4455 F300
G1 X89.169 Y86.680 E91.4674 F300
G1 X89.407 Y86.723 E91.4915 F300
G1 X89.665 Y86.786 E91.5181 F300
G1 X89.943 Y86.869 E91.5471 F300
G1 X90.241 Y86.970 E91.5786 F300
G1 X90.559 Y87.090 E91.6126 F300
G1 X90.897 Y87.228 E91.6490 F300
G1 X91.253 Y87.383 E91.6879 F300
G1 X91.629 Y87.555 E91.7292 F300
G1 X92.023 Y87.743 E91.7729 F300
G1 X92.435 Y87.946 E91.8188 F300
G1 X92.864 Y88.164 E91.8670 F300
G1 X93.310 Y88.396 E91.9173 F300
G1 X93.773 Y88.641 E91.9696 F300
G1 X94.252 Y88.898 E92.0240 F300
G1 X94.745 Y89.168 E92.0802 F300
G1 X95.253 Y89.449 E92.1383 F300
G1 X95.775 Y89.739 E92.1980 F300
G1 X96.310 Y90.040 E92.2593 F300
G1 X96.856 Y90.349 E92.3221 F300
G1 X97.414 Y90.666 E92.3863 F300
G1 X97.982 Y90.990 E92.4517 F300
G1 X98.560 Y91.321 E92.5183 F300
G1 X99.146 Y91.658 E92.5859 F300
G1 X99.740 Y91.999 E92.6543 F300
G1 X100.340 Y92.345 E92.7236 F300
G1 X100.945 Y92.694 E92.7935 F300
G1 X101.555 Y93.046 E92.8639 F300
G1 X102.168 Y93.400 E92.9347 F300
G1 X102.783 Y93.755 E93.0057 F300
G1 X103.400 Y94.111 E93.0769 F300
G1 X104.017 Y94.467 E93.1481 F300
G1 X104.632 Y94.822 E93.2192 F300
G1 X105.245 Y95.176 E93.2900 F300
G1 X105.855 Y95.528 E93.3604 F300
G1 X106.460 Y95.878 E93.4303 F300
G1 X107.059 Y96.225 E93.4995 F300
G1 X107.652 Y96.568 E93.5680 F300
G1 X108.236 Y96.908 E93.6356 F300
G1 X108.811 Y97.242 E93.7021 F300
G1 X109.376 Y97.572 E93.7676 F300
G1 X109.930 Y97.897 E93.8317 F300
G1 X110.471 Y98.216 E93.8945 F300
G1 X110.998 Y98.529 E93.9558 F300
G1 X111.511 Y98.835 E94.0156 F300
G1 X112.008 Y99.135 E94.0736 F300
G1 X112.488 Y99.427 E94.1299 F300
G1 X112.951 Y99.713 E94.1842 F300
G1 X113.394 Y99.991 E94.2366 F300
G1 X113.818 Y100.262 E94.2869 F300
G1 X114.222 Y100.525 E94.3350 F300
G1 X114.604 Y100.780 E94.3810 F300
G1 X114.963 Y101.027 E94.4246 F300
G1 X115.300 Y101.267 E94.4659 F300
G1 X115.613 Y101.498 E94.5048 F300
G1 X115.901 Y101.721 E94.5412 F300
G1 X116.164 Y101.937 E94.5752 F300
G1 X116.401 Y102.144 E94.6067 F300
G1 X116.611 Y102.344 E94.6358 F300
G1 X116.795 Y102.536 E94.6623 F300
G1 X116.951 Y102.720 E94.6865 F300
G1 X117.080 Y102.897 E94.7083 F300
G1 X117.180 Y103.066 E94.7280 F300
G1 X117.252 Y103.229 E94.7458 F300
G1 X117.295 Y103.385 E94.7619 F300
G1 X117.309 Y103.533 E94.7769 F300
G1 X117.294 Y103.676 E94.7912 F300
G1 E93.2912 F1200   ; Retract

; *** MATERIAL SWITCH → C ***
; >>> PAUSE: Load syringe C — Cream Cheese + ube extract (purple) <<<
M0               ; Pause for syringe swap

; --- inner ring (scale 40%, Material C) ---
G1 Z6.00 F600   ; Z-hop
G1 X110.173 Y102.162 F1200   ; Travel to inner start
G1 Z5.00 F300   ; Lower to layer height
G1 E94.7912 F1200   ; Prime
G1 X110.147 Y102.242 E94.7997 F300
G1 X110.104 Y102.319 E94.8085 F300
G1 X110.043 Y102.392 E94.8179 F300
G1 X109.966 Y102.463 E94.8284 F300
G1 X109.871 Y102.530 E94.8400 F300
G1 X109.760 Y102.594 E94.8528 F300
G1 X109.632 Y102.656 E94.8671 F300
G1 X109.487 Y102.715 E94.8827 F300
G1 X109.326 Y102.772 E94.8998 F300
G1 X109.149 Y102.827 E94.9183 F300
G1 X108.957 Y102.879 E94.9383 F300
G1 X108.748 Y102.930 E94.9597 F300
G1 X108.525 Y102.980 E94.9826 F300
G1 X108.287 Y103.028 E95.0069 F300
G1 X108.034 Y103.075 E95.0326 F300
G1 X107.768 Y103.121 E95.0596 F300
G1 X107.488 Y103.165 E95.0879 F300
G1 X107.196 Y103.209 E95.1175 F300
G1 X106.891 Y103.253 E95.1483 F300
G1 X106.574 Y103.296 E95.1803 F300
G1 X106.246 Y103.338 E95.2134 F300
G1 X105.907 Y103.380 E95.2475 F300
G1 X105.558 Y103.422 E95.2826 F300
G1 X105.200 Y103.464 E95.3187 F300
G1 X104.833 Y103.506 E95.3556 F300
G1 X104.458 Y103.548 E95.3934 F300
G1 X104.075 Y103.590 E95.4319 F300
G1 X103.686 Y103.632 E95.4710 F300
G1 X103.291 Y103.675 E95.5108 F300
G1 X102.890 Y103.718 E95.5511 F300
G1 X102.485 Y103.760 E95.5918 F300
G1 X102.076 Y103.804 E95.6329 F300
G1 X101.664 Y103.847 E95.6743 F300
G1 X101.250 Y103.891 E95.7160 F300
G1 X100.835 Y103.934 E95.7578 F300
G1 X100.418 Y103.978 E95.7996 F300
G1 X100.002 Y104.022 E95.8415 F300
G1 X99.586 Y104.066 E95.8833 F300
G1 X99.172 Y104.109 E95.9250 F300
G1 X98.760 Y104.152 E95.9664 F300
G1 X98.351 Y104.195 E96.0075 F300
G1 X97.946 Y104.237 E96.0482 F300
G1 X97.545 Y104.279 E96.0885 F300
G1 X97.150 Y104.319 E96.1283 F300
G1 X96.760 Y104.359 E96.1674 F300
G1 X96.377 Y104.397 E96.2059 F300
G1 X96.002 Y104.434 E96.2436 F300
G1 X95.634 Y104.470 E96.2806 F300
G1 X95.275 Y104.503 E96.3167 F300
G1 X94.925 Y104.535 E96.3518 F300
G1 X94.585 Y104.564 E96.3859 F300
G1 X94.255 Y104.590 E96.4190 F300
G1 X93.936 Y104.614 E96.4510 F300
G1 X93.629 Y104.635 E96.4818 F300
G1 X93.333 Y104.653 E96.5114 F300
G1 X93.050 Y104.668 E96.5397 F300
G1 X92.780 Y104.678 E96.5667 F300
G1 X92.524 Y104.685 E96.5924 F300
G1 X92.281 Y104.687 E96.6167 F300
G1 X92.052 Y104.685 E96.6396 F300
G1 X91.838 Y104.679 E96.6610 F300
G1 X91.638 Y104.667 E96.6810 F300
G1 X91.454 Y104.650 E96.6995 F300
G1 X91.284 Y104.628 E96.7166 F300
G1 X91.131 Y104.600 E96.7322 F300
G1 X90.993 Y104.567 E96.7464 F300
G1 X90.870 Y104.527 E96.7593 F300
G1 X90.764 Y104.481 E96.7709 F300
G1 X90.674 Y104.428 E96.7813 F300
G1 X90.599 Y104.369 E96.7908 F300
G1 X90.541 Y104.303 E96.7996 F300
G1 X90.499 Y104.230 E96.8081 F300
G1 X90.473 Y104.150 E96.8165 F300
G1 X90.463 Y104.063 E96.8253 F300
G1 X90.469 Y103.968 E96.8348 F300
G1 X90.490 Y103.866 E96.8452 F300
G1 X90.527 Y103.756 E96.8568 F300
G1 X90.579 Y103.638 E96.8697 F300
G1 X90.647 Y103.513 E96.8839 F300
G1 X90.729 Y103.380 E96.8995 F300
G1 X90.826 Y103.239 E96.9166 F300
G1 X90.937 Y103.091 E96.9351 F300
G1 X91.062 Y102.935 E96.9551 F300
G1 X91.200 Y102.771 E96.9766 F300
G1 X91.352 Y102.600 E96.9994 F300
G1 X91.516 Y102.421 E97.0237 F300
G1 X91.693 Y102.235 E97.0494 F300
G1 X91.881 Y102.041 E97.0764 F300
G1 X92.081 Y101.841 E97.1047 F300
G1 X92.292 Y101.633 E97.1343 F300
G1 X92.513 Y101.419 E97.1651 F300
G1 X92.744 Y101.198 E97.1971 F300
G1 X92.985 Y100.971 E97.2302 F300
G1 X93.234 Y100.737 E97.2643 F300
G1 X93.492 Y100.498 E97.2995 F300
G1 X93.757 Y100.254 E97.3355 F300
G1 X94.029 Y100.004 E97.3725 F300
G1 X94.308 Y99.750 E97.4102 F300
G1 X94.593 Y99.491 E97.4487 F300
G1 X94.883 Y99.228 E97.4879 F300
G1 X95.178 Y98.961 E97.5276 F300
G1 X95.477 Y98.691 E97.5679 F300
G1 X95.779 Y98.418 E97.6086 F300
G1 X96.084 Y98.143 E97.6497 F300
G1 X96.392 Y97.866 E97.6912 F300
G1 X96.702 Y97.587 E97.7328 F300
G1 X97.012 Y97.308 E97.7746 F300
G1 X97.323 Y97.027 E97.8165 F300
G1 X97.635 Y96.747 E97.8584 F300
G1 X97.945 Y96.468 E97.9002 F300
G1 X98.255 Y96.189 E97.9418 F300
G1 X98.563 Y95.912 E97.9832 F300
G1 X98.868 Y95.637 E98.0243 F300
G1 X99.171 Y95.365 E98.0651 F300
G1 X99.471 Y95.096 E98.1053 F300
G1 X99.767 Y94.830 E98.1451 F300
G1 X100.059 Y94.569 E98.1842 F300
G1 X100.346 Y94.313 E98.2227 F300
G1 X100.628 Y94.062 E98.2605 F300
G1 X100.905 Y93.818 E98.2974 F300
G1 X101.176 Y93.580 E98.3335 F300
G1 X101.441 Y93.348 E98.3686 F300
G1 X101.699 Y93.125 E98.4028 F300
G1 X101.950 Y92.909 E98.4359 F300
G1 X102.194 Y92.703 E98.4678 F300
G1 X102.430 Y92.505 E98.4986 F300
G1 X102.658 Y92.317 E98.5282 F300
G1 X102.879 Y92.139 E98.5565 F300
G1 X103.091 Y91.972 E98.5836 F300
G1 X103.295 Y91.816 E98.6092 F300
G1 X103.490 Y91.671 E98.6335 F300
G1 X103.676 Y91.538 E98.6564 F300
G1 X103.853 Y91.417 E98.6778 F300
G1 X104.022 Y91.309 E98.6978 F300
G1 X104.181 Y91.214 E98.7164 F300
G1 X104.331 Y91.133 E98.7334 F300
G1 X104.471 Y91.065 E98.7491 F300
G1 X104.603 Y91.011 E98.7633 F300
G1 X104.725 Y90.971 E98.7761 F300
G1 X104.838 Y90.946 E98.7877 F300
G1 X104.942 Y90.936 E98.7982 F300
G1 X105.037 Y90.940 E98.8077 F300
G1 X105.123 Y90.959 E98.8165 F300
G1 X105.200 Y90.993 E98.8249 F300
G1 X105.268 Y91.043 E98.8333 F300
G1 X105.328 Y91.108 E98.8421 F300
G1 X105.379 Y91.188 E98.8516 F300
G1 X105.422 Y91.283 E98.8621 F300
G1 X105.456 Y91.394 E98.8737 F300
G1 X105.483 Y91.519 E98.8865 F300
G1 X105.502 Y91.660 E98.9007 F300
G1 X105.514 Y91.816 E98.9164 F300
G1 X105.518 Y91.987 E98.9334 F300
G1 X105.516 Y92.172 E98.9520 F300
G1 X105.506 Y92.372 E98.9719 F300
G1 X105.490 Y92.585 E98.9934 F300
G1 X105.468 Y92.813 E99.0163 F300
G1 X105.441 Y93.055 E99.0406 F300
G1 X105.407 Y93.309 E99.0662 F300
G1 X105.368 Y93.576 E99.0932 F300
G1 X105.325 Y93.856 E99.1216 F300
G1 X105.276 Y94.148 E99.1512 F300
G1 X105.223 Y94.452 E99.1820 F300
G1 X105.166 Y94.766 E99.2139 F300
G1 X105.105 Y95.091 E99.2470 F300
G1 X105.040 Y95.427 E99.2812 F300
G1 X104.972 Y95.771 E99.3163 F300
G1 X104.901 Y96.125 E99.3524 F300
G1 X104.828 Y96.487 E99.3893 F300
G1 X104.752 Y96.857 E99.4271 F300
G1 X104.674 Y97.234 E99.4655 F300
G1 X104.594 Y97.617 E99.5047 F300
G1 X104.512 Y98.006 E99.5445 F300
G1 X104.429 Y98.400 E99.5847 F300
G1 X104.344 Y98.799 E99.6255 F300
G1 X104.259 Y99.201 E99.6666 F300
G1 X104.173 Y99.606 E99.7080 F300
G1 X104.087 Y100.013 E99.7496 F300
G1 X104.000 Y100.422 E99.7914 F300
G1 X103.913 Y100.832 E99.8333 F300
G1 X103.826 Y101.241 E99.8752 F300
G1 X103.739 Y101.650 E99.9170 F300
G1 X103.652 Y102.057 E99.9586 F300
G1 X103.566 Y102.463 E100.0001 F300
G1 X103.480 Y102.865 E100.0412 F300
G1 X103.395 Y103.263 E100.0819 F300
G1 X103.311 Y103.657 E100.1222 F300
G1 X103.227 Y104.046 E100.1619 F300
G1 X103.144 Y104.428 E100.2011 F300
G1 X103.063 Y104.804 E100.2396 F300
G1 X102.982 Y105.173 E100.2773 F300
G1 X102.902 Y105.534 E100.3143 F300
G1 X102.822 Y105.886 E100.3503 F300
G1 X102.744 Y106.228 E100.3855 F300
G1 X102.667 Y106.561 E100.4196 F300
G1 X102.590 Y106.882 E100.4527 F300
G1 X102.515 Y107.193 E100.4847 F300
G1 X102.440 Y107.492 E100.5155 F300
G1 X102.365 Y107.778 E100.5451 F300
G1 X102.292 Y108.052 E100.5734 F300
G1 X102.218 Y108.312 E100.6004 F300
G1 X102.145 Y108.558 E100.6261 F300
G1 X102.073 Y108.790 E100.6504 F300
G1 X102.000 Y109.007 E100.6732 F300
G1 X101.927 Y109.208 E100.6947 F300
G1 X101.855 Y109.395 E100.7147 F300
G1 X101.782 Y109.565 E100.7332 F300
G1 X101.708 Y109.719 E100.7503 F300
G1 X101.634 Y109.857 E100.7659 F300
G1 X101.560 Y109.978 E100.7801 F300
G1 X101.484 Y110.082 E100.7930 F300
G1 X101.407 Y110.169 E100.8046 F300
G1 X101.329 Y110.238 E100.8150 F300
G1 X101.250 Y110.291 E100.8245 F300
G1 X101.170 Y110.326 E100.8333 F300
G1 X101.087 Y110.343 E100.8417 F300
G1 X101.003 Y110.343 E100.8502 F300
G1 X100.917 Y110.326 E100.8590 F300
G1 X100.828 Y110.291 E100.8685 F300
G1 X100.738 Y110.239 E100.8789 F300
G1 X100.645 Y110.170 E100.8905 F300
G1 X100.549 Y110.084 E100.9033 F300
G1 X100.451 Y109.981 E100.9176 F300
G1 X100.350 Y109.862 E100.9332 F300
G1 X100.246 Y109.726 E100.9503 F300
G1 X100.139 Y109.575 E100.9688 F300
G1 X100.029 Y109.408 E100.9888 F300
G1 X99.916 Y109.226 E101.0102 F300
G1 X99.800 Y109.029 E101.0331 F300
G1 X99.681 Y108.817 E101.0574 F300
G1 X99.558 Y108.591 E101.0831 F300
G1 X99.433 Y108.352 E101.1101 F300
G1 X99.304 Y108.100 E101.1384 F300
G1 X99.171 Y107.835 E101.1680 F300
G1 X99.036 Y107.559 E101.1988 F300
G1 X98.897 Y107.271 E101.2308 F300
G1 X98.755 Y106.972 E101.2639 F300
G1 X98.611 Y106.663 E101.2980 F300
G1 X98.463 Y106.344 E101.3331 F300
G1 X98.312 Y106.016 E101.3692 F300
G1 X98.159 Y105.680 E101.4061 F300
G1 X98.003 Y105.336 E101.4439 F300
G1 X97.845 Y104.985 E101.4824 F300
G1 X97.684 Y104.628 E101.5215 F300
G1 X97.522 Y104.265 E101.5613 F300
G1 X97.358 Y103.898 E101.6016 F300
G1 X97.192 Y103.526 E101.6423 F300
G1 X97.024 Y103.150 E101.6834 F300
G1 X96.856 Y102.772 E101.7248 F300
G1 X96.686 Y102.391 E101.7665 F300
G1 X96.516 Y102.009 E101.8083 F300
G1 X96.346 Y101.627 E101.8501 F300
G1 X96.175 Y101.244 E101.8920 F300
G1 X96.005 Y100.863 E101.9338 F300
G1 X95.836 Y100.482 E101.9755 F300
G1 X95.668 Y100.104 E102.0169 F300
G1 X95.501 Y99.728 E102.0580 F300
G1 X95.335 Y99.356 E102.0987 F300
G1 X95.172 Y98.988 E102.1390 F300
G1 X95.011 Y98.624 E102.1788 F300
G1 X94.853 Y98.266 E102.2179 F300
G1 X94.698 Y97.913 E102.2564 F300
G1 X94.547 Y97.568 E102.2942 F300
G1 X94.400 Y97.229 E102.3311 F300
G1 X94.257 Y96.898 E102.3672 F300
G1 X94.119 Y96.574 E102.4023 F300
G1 X93.986 Y96.260 E102.4364 F300
G1 X93.859 Y95.955 E102.4695 F300
G1 X93.738 Y95.659 E102.5015 F300
G1 X93.623 Y95.373 E102.5323 F300
G1 X93.514 Y95.098 E102.5619 F300
G1 X93.413 Y94.833 E102.5902 F300
G1 X93.320 Y94.579 E102.6172 F300
G1 X93.234 Y94.337 E102.6429 F300
G1 X93.157 Y94.107 E102.6672 F300
G1 X93.088 Y93.889 E102.6901 F300
G1 X93.028 Y93.683 E102.7115 F300
G1 X92.977 Y93.490 E102.7315 F300
G1 X92.936 Y93.309 E102.7500 F300
G1 X92.905 Y93.141 E102.7671 F300
G1 X92.884 Y92.986 E102.7827 F300
G1 X92.874 Y92.845 E102.7970 F300
G1 X92.874 Y92.716 E102.8098 F300
G1 X92.884 Y92.601 E102.8214 F300
G1 X92.907 Y92.499 E102.8318 F300
G1 X92.940 Y92.410 E102.8413 F300
G1 X92.985 Y92.334 E102.8501 F300
G1 X93.041 Y92.271 E102.8586 F300
G1 X93.109 Y92.222 E102.8670 F300
G1 X93.189 Y92.185 E102.8758 F300
G1 X93.281 Y92.161 E102.8853 F300
G1 X93.385 Y92.150 E102.8957 F300
G1 X93.501 Y92.151 E102.9073 F300
G1 X93.629 Y92.165 E102.9202 F300
G1 X93.769 Y92.190 E102.9344 F300
G1 X93.920 Y92.227 E102.9500 F300
G1 X94.084 Y92.276 E102.9671 F300
G1 X94.259 Y92.335 E102.9856 F300
G1 X94.446 Y92.406 E103.0056 F300
G1 X94.645 Y92.487 E103.0271 F300
G1 X94.855 Y92.578 E103.0499 F300
G1 X95.076 Y92.679 E103.0742 F300
G1 X95.307 Y92.790 E103.0999 F300
G1 X95.550 Y92.909 E103.1269 F300
G1 X95.802 Y93.038 E103.1552 F300
G1 X96.065 Y93.174 E103.1848 F300
G1 X96.337 Y93.318 E103.2156 F300
G1 X96.619 Y93.470 E103.2476 F300
G1 X96.909 Y93.628 E103.2807 F300
G1 X97.208 Y93.793 E103.3148 F300
G1 X97.515 Y93.964 E103.3500 F300
G1 X97.829 Y94.141 E103.3860 F300
G1 X98.151 Y94.323 E103.4230 F300
G1 X98.479 Y94.509 E103.4607 F300
G1 X98.813 Y94.700 E103.4992 F300
G1 X99.153 Y94.895 E103.5384 F300
G1 X99.498 Y95.093 E103.5781 F300
G1 X99.847 Y95.294 E103.6184 F300
G1 X100.200 Y95.497 E103.6591 F300
G1 X100.556 Y95.702 E103.7002 F300
G1 X100.915 Y95.909 E103.7417 F300
G1 X101.275 Y96.118 E103.7833 F300
G1 X101.637 Y96.327 E103.8251 F300
G1 X102.000 Y96.536 E103.8670 F300
G1 X102.363 Y96.745 E103.9089 F300
G1 X102.725 Y96.954 E103.9507 F300
G1 X103.085 Y97.163 E103.9923 F300
G1 X103.444 Y97.370 E104.0337 F300
G1 X103.800 Y97.575 E104.0748 F300
G1 X104.152 Y97.779 E104.1156 F300
G1 X104.501 Y97.981 E104.1558 F300
G1 X104.845 Y98.181 E104.1956 F300
G1 X105.183 Y98.378 E104.2348 F300
G1 X105.516 Y98.572 E104.2732 F300
G1 X105.841 Y98.763 E104.3110 F300
G1 X106.159 Y98.950 E104.3479 F300
G1 X106.470 Y99.134 E104.3840 F300
G1 X106.771 Y99.315 E104.4191 F300
G1 X107.064 Y99.491 E104.4533 F300
G1 X107.346 Y99.663 E104.4864 F300
G1 X107.618 Y99.831 E104.5183 F300
G1 X107.879 Y99.995 E104.5491 F300
G1 X108.128 Y100.154 E104.5787 F300
G1 X108.366 Y100.309 E104.6070 F300
G1 X108.590 Y100.459 E104.6341 F300
G1 X108.802 Y100.604 E104.6597 F300
G1 X109.000 Y100.745 E104.6840 F300
G1 X109.184 Y100.881 E104.7069 F300
G1 X109.353 Y101.012 E104.7284 F300
G1 X109.508 Y101.139 E104.7483 F300
G1 X109.647 Y101.261 E104.7669 F300
G1 X109.771 Y101.379 E104.7839 F300
G1 X109.879 Y101.492 E104.7996 F300
G1 X109.971 Y101.600 E104.8138 F300
G1 X110.047 Y101.704 E104.8266 F300
G1 X110.106 Y101.804 E104.8382 F300
G1 X110.148 Y101.899 E104.8487 F300
G1 X110.173 Y101.991 E104.8582 F300
G1 X110.182 Y102.078 E104.8670 F300
G1 X110.173 Y102.162 E104.8754 F300
G1 E103.3754 F1200   ; Retract

; ╔══════════════════════════════════════════════╗
; ║  LAYER 3/3 (Z=7.0mm, θ=24.0°)             ║
; ╚══════════════════════════════════════════════╝

; *** MATERIAL SWITCH → A ***
; >>> PAUSE: Load syringe A — Cream Cheese + blue dye (teal) <<<
M0               ; Pause for syringe swap

; --- outer ring (scale 100%, Material A) ---
G1 Z8.00 F600   ; Z-hop
G1 X123.752 Y110.575 F1200   ; Travel to outer start
G1 Z7.00 F300   ; Lower to layer height
G1 E104.8754 F1200   ; Prime
G1 X123.647 Y110.758 E104.8965 F300
G1 X123.502 Y110.923 E104.9185 F300
G1 X123.316 Y111.071 E104.9422 F300
G1 X123.090 Y111.202 E104.9683 F300
G1 X122.824 Y111.317 E104.9973 F300
G1 X122.518 Y111.416 E105.0294 F300
G1 X122.173 Y111.501 E105.0650 F300
G1 X121.789 Y111.570 E105.1040 F300
G1 X121.366 Y111.626 E105.1467 F300
G1 X120.904 Y111.668 E105.1930 F300
G1 X120.405 Y111.697 E105.2430 F300
G1 X119.870 Y111.713 E105.2966 F300
G1 X119.298 Y111.718 E105.3538 F300
G1 X118.690 Y111.712 E105.4146 F300
G1 X118.049 Y111.695 E105.4787 F300
G1 X117.374 Y111.669 E105.5463 F300
G1 X116.667 Y111.633 E105.6171 F300
G1 X115.928 Y111.588 E105.6911 F300
G1 X115.160 Y111.536 E105.7681 F300
G1 X114.363 Y111.476 E105.8480 F300
G1 X113.538 Y111.409 E105.9307 F300
G1 X112.688 Y111.336 E106.0161 F300
G1 X111.813 Y111.258 E106.1039 F300
G1 X110.915 Y111.174 E106.1941 F300
G1 X109.996 Y111.086 E106.2864 F300
G1 X109.057 Y110.993 E106.3808 F300
G1 X108.100 Y110.897 E106.4770 F300
G1 X107.126 Y110.798 E106.5749 F300
G1 X106.137 Y110.697 E106.6743 F300
G1 X105.135 Y110.593 E106.7750 F300
G1 X104.123 Y110.488 E106.8768 F300
G1 X103.100 Y110.381 E106.9796 F300
G1 X102.071 Y110.273 E107.0831 F300
G1 X101.035 Y110.164 E107.1873 F300
G1 X99.996 Y110.055 E107.2918 F300
G1 X98.955 Y109.945 E107.3964 F300
G1 X97.914 Y109.836 E107.5011 F300
G1 X96.874 Y109.727 E107.6056 F300
G1 X95.839 Y109.618 E107.7097 F300
G1 X94.809 Y109.509 E107.8133 F300
G1 X93.787 Y109.401 E107.9161 F300
G1 X92.774 Y109.294 E108.0179 F300
G1 X91.773 Y109.187 E108.1186 F300
G1 X90.785 Y109.081 E108.2180 F300
G1 X89.812 Y108.975 E108.3159 F300
G1 X88.855 Y108.870 E108.4121 F300
G1 X87.918 Y108.765 E108.5065 F300
G1 X87.000 Y108.660 E108.5988 F300
G1 X86.104 Y108.556 E108.6890 F300
G1 X85.232 Y108.451 E108.7768 F300
G1 X84.385 Y108.345 E108.8622 F300
G1 X83.565 Y108.239 E108.9449 F300
G1 X82.773 Y108.132 E109.0248 F300
G1 X82.010 Y108.024 E109.1018 F300
G1 X81.279 Y107.914 E109.1758 F300
G1 X80.580 Y107.802 E109.2466 F300
G1 X79.914 Y107.687 E109.3142 F300
G1 X79.283 Y107.570 E109.3783 F300
G1 X78.688 Y107.450 E109.4391 F300
G1 X78.129 Y107.326 E109.4963 F300
G1 X77.609 Y107.199 E109.5499 F300
G1 X77.127 Y107.066 E109.5998 F300
G1 X76.684 Y106.929 E109.6462 F300
G1 X76.282 Y106.787 E109.6888 F300
G1 X75.920 Y106.639 E109.7279 F300
G1 X75.600 Y106.485 E109.7635 F300
G1 X75.322 Y106.324 E109.7956 F300
G1 X75.086 Y106.156 E109.8246 F300
G1 X74.892 Y105.981 E109.8507 F300
G1 X74.741 Y105.798 E109.8744 F300
G1 X74.633 Y105.606 E109.8964 F300
G1 X74.568 Y105.406 E109.9175 F300
G1 X74.546 Y105.196 E109.9386 F300
G1 X74.567 Y104.977 E109.9605 F300
G1 X74.630 Y104.748 E109.9843 F300
G1 X74.735 Y104.510 E110.0104 F300
G1 X74.883 Y104.260 E110.0394 F300
G1 X75.072 Y104.000 E110.0715 F300
G1 X75.302 Y103.729 E110.1071 F300
G1 X75.572 Y103.447 E110.1461 F300
G1 X75.881 Y103.153 E110.1888 F300
G1 X76.230 Y102.848 E110.2351 F300
G1 X76.617 Y102.531 E110.2851 F300
G1 X77.040 Y102.203 E110.3387 F300
G1 X77.500 Y101.863 E110.3959 F300
G1 X77.995 Y101.511 E110.4566 F300
G1 X78.524 Y101.147 E110.5208 F300
G1 X79.086 Y100.772 E110.5884 F300
G1 X79.679 Y100.385 E110.6592 F300
G1 X80.302 Y99.987 E110.7332 F300
G1 X80.955 Y99.578 E110.8102 F300
G1 X81.635 Y99.158 E110.8901 F300
G1 X82.341 Y98.727 E110.9728 F300
G1 X83.072 Y98.287 E111.0582 F300
G1 X83.826 Y97.836 E111.1460 F300
G1 X84.601 Y97.376 E111.2362 F300
G1 X85.397 Y96.907 E111.3285 F300
G1 X86.211 Y96.430 E111.4229 F300
G1 X87.042 Y95.945 E111.5191 F300
G1 X87.888 Y95.452 E111.6170 F300
G1 X88.748 Y94.953 E111.7164 F300
G1 X89.619 Y94.449 E111.8171 F300
G1 X90.500 Y93.939 E111.9189 F300
G1 X91.390 Y93.424 E112.0217 F300
G1 X92.287 Y92.906 E112.1252 F300
G1 X93.188 Y92.386 E112.2293 F300
G1 X94.093 Y91.863 E112.3338 F300
G1 X95.000 Y91.340 E112.4385 F300
G1 X95.907 Y90.816 E112.5432 F300
G1 X96.812 Y90.294 E112.6477 F300
G1 X97.713 Y89.773 E112.7518 F300
G1 X98.610 Y89.256 E112.8554 F300
G1 X99.500 Y88.742 E112.9582 F300
G1 X100.383 Y88.234 E113.0600 F300
G1 X101.256 Y87.732 E113.1607 F300
G1 X102.118 Y87.237 E113.2601 F300
G1 X102.967 Y86.750 E113.3580 F300
G1 X103.803 Y86.273 E113.4542 F300
G1 X104.623 Y85.807 E113.5485 F300
G1 X105.427 Y85.352 E113.6409 F300
G1 X106.213 Y84.911 E113.7311 F300
G1 X106.980 Y84.483 E113.8189 F300
G1 X107.727 Y84.071 E113.9043 F300
G1 X108.453 Y83.674 E113.9870 F300
G1 X109.157 Y83.295 E114.0669 F300
G1 X109.838 Y82.935 E114.1439 F300
G1 X110.494 Y82.594 E114.2179 F300
G1 X111.126 Y82.273 E114.2887 F300
G1 X111.731 Y81.975 E114.3562 F300
G1 X112.311 Y81.698 E114.4204 F300
G1 X112.863 Y81.446 E114.4811 F300
G1 X113.387 Y81.218 E114.5383 F300
G1 X113.884 Y81.015 E114.5920 F300
G1 X114.351 Y80.839 E114.6419 F300
G1 X114.790 Y80.689 E114.6883 F300
G1 X115.199 Y80.568 E114.7309 F300
G1 X115.579 Y80.475 E114.7700 F300
G1 X115.928 Y80.412 E114.8055 F300
G1 X116.248 Y80.378 E114.8377 F300
G1 X116.538 Y80.375 E114.8667 F300
G1 X116.797 Y80.403 E114.8928 F300
G1 X117.027 Y80.463 E114.9165 F300
G1 X117.227 Y80.554 E114.9385 F300
G1 X117.397 Y80.678 E114.9596 F300
G1 X117.538 Y80.835 E114.9806 F300
G1 X117.650 Y81.024 E115.0026 F300
G1 X117.734 Y81.246 E115.0264 F300
G1 X117.789 Y81.502 E115.0525 F300
G1 X117.816 Y81.790 E115.0815 F300
G1 X117.816 Y82.112 E115.1136 F300
G1 X117.790 Y82.466 E115.1491 F300
G1 X117.737 Y82.853 E115.1882 F300
G1 X117.659 Y83.273 E115.2309 F300
G1 X117.556 Y83.724 E115.2772 F300
G1 X117.430 Y84.208 E115.3272 F300
G1 X117.280 Y84.723 E115.3808 F300
G1 X117.108 Y85.268 E115.4380 F300
G1 X116.914 Y85.844 E115.4987 F300
G1 X116.700 Y86.449 E115.5629 F300
G1 X116.466 Y87.082 E115.6305 F300
G1 X116.214 Y87.744 E115.7013 F300
G1 X115.943 Y88.432 E115.7752 F300
G1 X115.656 Y89.147 E115.8523 F300
G1 X115.353 Y89.886 E115.9322 F300
G1 X115.034 Y90.650 E116.0149 F300
G1 X114.702 Y91.436 E116.1002 F300
G1 X114.357 Y92.244 E116.1881 F300
G1 X114.000 Y93.072 E116.2783 F300
G1 X113.632 Y93.919 E116.3706 F300
G1 X113.254 Y94.783 E116.4650 F300
G1 X112.867 Y95.664 E116.5612 F300
G1 X112.472 Y96.560 E116.6591 F300
G1 X112.070 Y97.469 E116.7585 F300
G1 X111.661 Y98.389 E116.8592 F300
G1 X111.248 Y99.320 E116.9610 F300
G1 X110.831 Y100.259 E117.0638 F300
G1 X110.410 Y101.205 E117.1673 F300
G1 X109.986 Y102.156 E117.2714 F300
G1 X109.561 Y103.111 E117.3759 F300
G1 X109.135 Y104.067 E117.4806 F300
G1 X108.710 Y105.024 E117.5853 F300
G1 X108.285 Y105.978 E117.6898 F300
G1 X107.861 Y106.929 E117.7939 F300
G1 X107.440 Y107.875 E117.8975 F300
G1 X107.021 Y108.814 E118.0002 F300
G1 X106.606 Y109.744 E118.1021 F300
G1 X106.195 Y110.663 E118.2028 F300
G1 X105.789 Y111.570 E118.3022 F300
G1 X105.388 Y112.463 E118.4000 F300
G1 X104.992 Y113.340 E118.4963 F300
G1 X104.602 Y114.200 E118.5906 F300
G1 X104.219 Y115.040 E118.6830 F300
G1 X103.843 Y115.859 E118.7732 F300
G1 X103.473 Y116.656 E118.8610 F300
G1 X103.111 Y117.429 E118.9463 F300
G1 X102.757 Y118.177 E119.0291 F300
G1 X102.410 Y118.897 E119.1090 F300
G1 X102.072 Y119.588 E119.1860 F300
G1 X101.741 Y120.250 E119.2600 F300
G1 X101.419 Y120.881 E119.3308 F300
G1 X101.104 Y121.478 E119.3983 F300
G1 X100.798 Y122.042 E119.4625 F300
G1 X100.500 Y122.571 E119.5232 F300
G1 X100.209 Y123.064 E119.5804 F300
G1 X99.927 Y123.520 E119.6340 F300
G1 X99.652 Y123.937 E119.6840 F300
G1 X99.385 Y124.316 E119.7303 F300
G1 X99.126 Y124.655 E119.7730 F300
G1 X98.873 Y124.953 E119.8121 F300
G1 X98.628 Y125.210 E119.8476 F300
G1 X98.389 Y125.425 E119.8798 F300
G1 X98.156 Y125.597 E119.9087 F300
G1 X97.929 Y125.727 E119.9349 F300
G1 X97.709 Y125.814 E119.9586 F300
G1 X97.493 Y125.858 E119.9806 F300
G1 X97.282 Y125.858 E120.0017 F300
G1 X97.076 Y125.814 E120.0227 F300
G1 X96.874 Y125.727 E120.0447 F300
G1 X96.676 Y125.596 E120.0685 F300
G1 X96.482 Y125.421 E120.0946 F300
G1 X96.290 Y125.204 E120.1235 F300
G1 X96.101 Y124.944 E120.1557 F300
G1 X95.914 Y124.642 E120.1912 F300
G1 X95.729 Y124.298 E120.2303 F300
G1 X95.546 Y123.912 E120.2730 F300
G1 X95.363 Y123.487 E120.3193 F300
G1 X95.181 Y123.021 E120.3693 F300
G1 X95.000 Y122.517 E120.4229 F300
G1 X94.819 Y121.974 E120.4801 F300
G1 X94.637 Y121.395 E120.5408 F300
G1 X94.454 Y120.779 E120.6050 F300
G1 X94.271 Y120.129 E120.6725 F300
G1 X94.087 Y119.446 E120.7434 F300
G1 X93.901 Y118.730 E120.8173 F300
G1 X93.713 Y117.983 E120.8943 F300
G1 X93.524 Y117.206 E120.9743 F300
G1 X93.333 Y116.401 E121.0570 F300
G1 X93.139 Y115.570 E121.1423 F300
G1 X92.944 Y114.714 E121.2302 F300
G1 X92.746 Y113.834 E121.3203 F300
G1 X92.546 Y112.932 E121.4127 F300
G1 X92.344 Y112.011 E121.5071 F300
G1 X92.139 Y111.071 E121.6033 F300
G1 X91.932 Y110.114 E121.7012 F300
G1 X91.723 Y109.142 E121.8005 F300
G1 X91.512 Y108.157 E121.9012 F300
G1 X91.300 Y107.162 E122.0031 F300
G1 X91.086 Y106.156 E122.1059 F300
G1 X90.870 Y105.144 E122.2094 F300
G1 X90.653 Y104.125 E122.3135 F300
G1 X90.436 Y103.103 E122.4180 F300
G1 X90.219 Y102.079 E122.5227 F300
G1 X90.001 Y101.055 E122.6274 F300
G1 X89.784 Y100.033 E122.7319 F300
G1 X89.567 Y99.015 E122.8360 F300
G1 X89.352 Y98.002 E122.9395 F300
G1 X89.139 Y96.996 E123.0423 F300
G1 X88.928 Y96.000 E123.1442 F300
G1 X88.720 Y95.015 E123.2449 F300
G1 X88.516 Y94.042 E123.3442 F300
G1 X88.316 Y93.084 E123.4421 F300
G1 X88.120 Y92.142 E123.5383 F300
G1 X87.930 Y91.217 E123.6327 F300
G1 X87.746 Y90.312 E123.7251 F300
G1 X87.569 Y89.428 E123.8152 F300
G1 X87.400 Y88.566 E123.9031 F300
G1 X87.238 Y87.728 E123.9884 F300
G1 X87.086 Y86.915 E124.0711 F300
G1 X86.943 Y86.129 E124.1511 F300
G1 X86.810 Y85.370 E124.2281 F300
G1 X86.689 Y84.641 E124.3021 F300
G1 X86.579 Y83.941 E124.3729 F300
G1 X86.482 Y83.273 E124.4404 F300
G1 X86.398 Y82.636 E124.5046 F300
G1 X86.329 Y82.033 E124.5653 F300
G1 X86.274 Y81.464 E124.6225 F300
G1 X86.234 Y80.929 E124.6761 F300
G1 X86.211 Y80.430 E124.7261 F300
G1 X86.205 Y79.967 E124.7724 F300
G1 X86.216 Y79.540 E124.8151 F300
G1 X86.245 Y79.150 E124.8542 F300
G1 X86.292 Y78.798 E124.8897 F300
G1 X86.359 Y78.484 E124.9219 F300
G1 X86.446 Y78.207 E124.9508 F300
G1 X86.553 Y77.969 E124.9770 F300
G1 X86.681 Y77.769 E125.0007 F300
G1 X86.830 Y77.607 E125.0227 F300
G1 X87.000 Y77.483 E125.0437 F300
G1 X87.192 Y77.398 E125.0648 F300
G1 X87.407 Y77.350 E125.0868 F300
G1 X87.644 Y77.339 E125.1105 F300
G1 X87.904 Y77.366 E125.1367 F300
G1 X88.187 Y77.429 E125.1656 F300
G1 X88.493 Y77.528 E125.1978 F300
G1 X88.821 Y77.663 E125.2333 F300
G1 X89.173 Y77.832 E125.2724 F300
G1 X89.548 Y78.036 E125.3151 F300
G1 X89.946 Y78.273 E125.3614 F300
G1 X90.367 Y78.543 E125.4114 F300
G1 X90.810 Y78.845 E125.4650 F300
G1 X91.276 Y79.177 E125.5222 F300
G1 X91.763 Y79.539 E125.5829 F300
G1 X92.273 Y79.929 E125.6471 F300
G1 X92.803 Y80.348 E125.7146 F300
G1 X93.354 Y80.792 E125.7854 F300
G1 X93.925 Y81.262 E125.8594 F300
G1 X94.516 Y81.756 E125.9364 F300
G1 X95.126 Y82.273 E126.0164 F300
G1 X95.753 Y82.812 E126.0991 F300
G1 X96.398 Y83.371 E126.1844 F300
G1 X97.060 Y83.949 E126.2723 F300
G1 X97.737 Y84.544 E126.3624 F300
G1 X98.429 Y85.156 E126.4548 F300
G1 X99.134 Y85.783 E126.5492 F300
G1 X99.853 Y86.423 E126.6454 F300
G1 X100.582 Y87.076 E126.7433 F300
G1 X101.322 Y87.739 E126.8426 F300
G1 X102.072 Y88.412 E126.9433 F300
G1 X102.829 Y89.092 E127.0452 F300
G1 X103.593 Y89.780 E127.1479 F300
G1 X104.363 Y90.472 E127.2515 F300
G1 X105.137 Y91.169 E127.3556 F300
G1 X105.913 Y91.868 E127.4601 F300
G1 X106.691 Y92.569 E127.5648 F300
G1 X107.469 Y93.269 E127.6695 F300
G1 X108.246 Y93.968 E127.7740 F300
G1 X109.019 Y94.665 E127.8781 F300
G1 X109.789 Y95.358 E127.9816 F300
G1 X110.552 Y96.046 E128.0844 F300
G1 X111.308 Y96.728 E128.1862 F300
G1 X112.056 Y97.403 E128.2869 F300
G1 X112.793 Y98.070 E128.3863 F300
G1 X113.518 Y98.727 E128.4842 F300
G1 X114.230 Y99.375 E128.5804 F300
G1 X114.927 Y100.011 E128.6748 F300
G1 X115.608 Y100.635 E128.7672 F300
G1 X116.271 Y101.246 E128.8573 F300
G1 X116.914 Y101.844 E128.9452 F300
G1 X117.538 Y102.427 E129.0305 F300
G1 X118.139 Y102.995 E129.1132 F300
G1 X118.717 Y103.547 E129.1932 F300
G1 X119.270 Y104.083 E129.2702 F300
G1 X119.797 Y104.602 E129.3441 F300
G1 X120.297 Y105.103 E129.4150 F300
G1 X120.768 Y105.587 E129.4825 F300
G1 X121.210 Y106.053 E129.5467 F300
G1 X121.621 Y106.500 E129.6074 F300
G1 X122.000 Y106.928 E129.6646 F300
G1 X122.346 Y107.338 E129.7182 F300
G1 X122.658 Y107.728 E129.7682 F300
G1 X122.936 Y108.099 E129.8145 F300
G1 X123.178 Y108.450 E129.8572 F300
G1 X123.383 Y108.783 E129.8963 F300
G1 X123.552 Y109.095 E129.9318 F300
G1 X123.682 Y109.389 E129.9639 F300
G1 X123.775 Y109.664 E129.9929 F300
G1 X123.828 Y109.919 E130.0190 F300
G1 X123.843 Y110.156 E130.0428 F300
G1 X123.817 Y110.375 E130.0648 F300
G1 X123.752 Y110.575 E130.0858 F300
G1 E128.5858 F1200   ; Retract

; *** MATERIAL SWITCH → B ***
; >>> PAUSE: Load syringe B — Cream Cheese + beet powder (pink) <<<
M0               ; Pause for syringe swap

; --- middle ring (scale 68%, Material B) ---
G1 Z8.00 F600   ; Z-hop
G1 X116.151 Y107.191 F1200   ; Travel to middle start
G1 Z7.00 F300   ; Lower to layer height
G1 E130.0858 F1200   ; Prime
G1 X116.080 Y107.315 E130.1002 F300
G1 X115.981 Y107.427 E130.1151 F300
G1 X115.855 Y107.528 E130.1313 F300
G1 X115.701 Y107.617 E130.1490 F300
G1 X115.520 Y107.696 E130.1687 F300
G1 X115.313 Y107.763 E130.1906 F300
G1 X115.078 Y107.820 E130.2147 F300
G1 X114.816 Y107.868 E130.2413 F300
G1 X114.529 Y107.905 E130.2703 F300
G1 X114.215 Y107.934 E130.3018 F300
G1 X113.876 Y107.954 E130.3358 F300
G1 X113.511 Y107.965 E130.3723 F300
G1 X113.122 Y107.968 E130.4112 F300
G1 X112.709 Y107.964 E130.4525 F300
G1 X112.273 Y107.953 E130.4961 F300
G1 X111.814 Y107.935 E130.5420 F300
G1 X111.333 Y107.910 E130.5902 F300
G1 X110.831 Y107.880 E130.6405 F300
G1 X110.309 Y107.844 E130.6929 F300
G1 X109.767 Y107.804 E130.7472 F300
G1 X109.206 Y107.758 E130.8034 F300
G1 X108.628 Y107.709 E130.8615 F300
G1 X108.033 Y107.655 E130.9212 F300
G1 X107.422 Y107.598 E130.9825 F300
G1 X106.797 Y107.538 E131.0453 F300
G1 X106.159 Y107.475 E131.1095 F300
G1 X105.508 Y107.410 E131.1749 F300
G1 X104.845 Y107.343 E131.2415 F300
G1 X104.173 Y107.274 E131.3091 F300
G1 X103.492 Y107.203 E131.3776 F300
G1 X102.803 Y107.132 E131.4468 F300
G1 X102.108 Y107.059 E131.5167 F300
G1 X101.408 Y106.985 E131.5871 F300
G1 X100.704 Y106.911 E131.6579 F300
G1 X99.997 Y106.837 E131.7290 F300
G1 X99.289 Y106.763 E131.8001 F300
G1 X98.581 Y106.688 E131.8713 F300
G1 X97.875 Y106.614 E131.9424 F300
G1 X97.170 Y106.540 E132.0132 F300
G1 X96.470 Y106.466 E132.0836 F300
G1 X95.775 Y106.393 E132.1535 F300
G1 X95.087 Y106.320 E132.2227 F300
G1 X94.406 Y106.247 E132.2912 F300
G1 X93.734 Y106.175 E132.3588 F300
G1 X93.072 Y106.103 E132.4254 F300
G1 X92.422 Y106.032 E132.4908 F300
G1 X91.784 Y105.960 E132.5549 F300
G1 X91.160 Y105.889 E132.6177 F300
G1 X90.551 Y105.818 E132.6791 F300
G1 X89.958 Y105.746 E132.7388 F300
G1 X89.382 Y105.675 E132.7968 F300
G1 X88.824 Y105.603 E132.8531 F300
G1 X88.286 Y105.530 E132.9074 F300
G1 X87.767 Y105.456 E132.9598 F300
G1 X87.270 Y105.381 E133.0101 F300
G1 X86.794 Y105.305 E133.0583 F300
G1 X86.342 Y105.227 E133.1042 F300
G1 X85.912 Y105.148 E133.1478 F300
G1 X85.508 Y105.066 E133.1891 F300
G1 X85.128 Y104.982 E133.2280 F300
G1 X84.774 Y104.895 E133.2645 F300
G1 X84.446 Y104.805 E133.2985 F300
G1 X84.145 Y104.712 E133.3300 F300
G1 X83.872 Y104.615 E133.3590 F300
G1 X83.626 Y104.515 E133.3855 F300
G1 X83.408 Y104.410 E133.4097 F300
G1 X83.219 Y104.300 E133.4316 F300
G1 X83.058 Y104.186 E133.4513 F300
G1 X82.927 Y104.067 E133.4690 F300
G1 X82.824 Y103.942 E133.4852 F300
G1 X82.751 Y103.812 E133.5001 F300
G1 X82.706 Y103.676 E133.5145 F300
G1 X82.691 Y103.533 E133.5288 F300
G1 X82.705 Y103.385 E133.5437 F300
G1 X82.748 Y103.229 E133.5599 F300
G1 X82.820 Y103.066 E133.5776 F300
G1 X82.920 Y102.897 E133.5973 F300
G1 X83.049 Y102.720 E133.6192 F300
G1 X83.205 Y102.536 E133.6434 F300
G1 X83.389 Y102.344 E133.6699 F300
G1 X83.599 Y102.144 E133.6989 F300
G1 X83.836 Y101.937 E133.7305 F300
G1 X84.099 Y101.721 E133.7644 F300
G1 X84.387 Y101.498 E133.8009 F300
G1 X84.700 Y101.267 E133.8398 F300
G1 X85.037 Y101.027 E133.8811 F300
G1 X85.396 Y100.780 E133.9247 F300
G1 X85.778 Y100.525 E133.9706 F300
G1 X86.182 Y100.262 E134.0188 F300
G1 X86.606 Y99.991 E134.0691 F300
G1 X87.049 Y99.713 E134.1215 F300
G1 X87.512 Y99.427 E134.1758 F300
G1 X87.992 Y99.135 E134.2321 F300
G1 X88.489 Y98.835 E134.2901 F300
G1 X89.002 Y98.529 E134.3498 F300
G1 X89.529 Y98.216 E134.4112 F300
G1 X90.070 Y97.897 E134.4740 F300
G1 X90.624 Y97.572 E134.5381 F300
G1 X91.189 Y97.242 E134.6036 F300
G1 X91.764 Y96.908 E134.6701 F300
G1 X92.348 Y96.568 E134.7377 F300
G1 X92.941 Y96.225 E134.8062 F300
G1 X93.540 Y95.878 E134.8754 F300
G1 X94.145 Y95.528 E134.9453 F300
G1 X94.755 Y95.176 E135.0157 F300
G1 X95.368 Y94.822 E135.0865 F300
G1 X95.983 Y94.467 E135.1576 F300
G1 X96.600 Y94.111 E135.2288 F300
G1 X97.217 Y93.755 E135.2999 F300
G1 X97.832 Y93.400 E135.3710 F300
G1 X98.445 Y93.046 E135.4418 F300
G1 X99.055 Y92.694 E135.5122 F300
G1 X99.660 Y92.345 E135.5821 F300
G1 X100.260 Y91.999 E135.6514 F300
G1 X100.854 Y91.658 E135.7198 F300
G1 X101.440 Y91.321 E135.7874 F300
G1 X102.018 Y90.990 E135.8540 F300
G1 X102.586 Y90.666 E135.9194 F300
G1 X103.144 Y90.349 E135.9836 F300
G1 X103.690 Y90.040 E136.0464 F300
G1 X104.225 Y89.739 E136.1077 F300
G1 X104.747 Y89.449 E136.1674 F300
G1 X105.255 Y89.168 E136.2255 F300
G1 X105.748 Y88.898 E136.2817 F300
G1 X106.227 Y88.641 E136.3360 F300
G1 X106.690 Y88.396 E136.3884 F300
G1 X107.136 Y88.164 E136.4387 F300
G1 X107.565 Y87.946 E136.4869 F300
G1 X107.977 Y87.743 E136.5328 F300
G1 X108.371 Y87.555 E136.5764 F300
G1 X108.747 Y87.383 E136.6177 F300
G1 X109.103 Y87.228 E136.6566 F300
G1 X109.441 Y87.090 E136.6931 F300
G1 X109.759 Y86.970 E136.7271 F300
G1 X110.057 Y86.869 E136.7586 F300
G1 X110.335 Y86.786 E136.7876 F300
G1 X110.593 Y86.723 E136.8142 F300
G1 X110.831 Y86.680 E136.8383 F300
G1 X111.049 Y86.657 E136.8602 F300
G1 X111.246 Y86.655 E136.8799 F300
G1 X111.422 Y86.674 E136.8976 F300
G1 X111.578 Y86.715 E136.9138 F300
G1 X111.714 Y86.777 E136.9287 F300
G1 X111.830 Y86.861 E136.9431 F300
G1 X111.926 Y86.968 E136.9574 F300
G1 X112.002 Y87.096 E136.9724 F300
G1 X112.059 Y87.247 E136.9885 F300
G1 X112.096 Y87.421 E137.0063 F300
G1 X112.115 Y87.617 E137.0260 F300
G1 X112.115 Y87.836 E137.0478 F300
G1 X112.097 Y88.077 E137.0720 F300
G1 X112.061 Y88.340 E137.0985 F300
G1 X112.008 Y88.625 E137.1276 F300
G1 X111.938 Y88.933 E137.1591 F300
G1 X111.852 Y89.261 E137.1931 F300
G1 X111.750 Y89.611 E137.2295 F300
G1 X111.633 Y89.982 E137.2684 F300
G1 X111.502 Y90.374 E137.3097 F300
G1 X111.356 Y90.785 E137.3533 F300
G1 X111.197 Y91.216 E137.3993 F300
G1 X111.025 Y91.666 E137.4474 F300
G1 X110.841 Y92.134 E137.4977 F300
G1 X110.646 Y92.620 E137.5501 F300
G1 X110.440 Y93.123 E137.6044 F300
G1 X110.223 Y93.642 E137.6607 F300
G1 X109.998 Y94.176 E137.7187 F300
G1 X109.763 Y94.726 E137.7785 F300
G1 X109.520 Y95.289 E137.8398 F300
G1 X109.270 Y95.865 E137.9026 F300
G1 X109.013 Y96.453 E137.9667 F300
G1 X108.749 Y97.052 E138.0322 F300
G1 X108.481 Y97.661 E138.0987 F300
G1 X108.207 Y98.279 E138.1663 F300
G1 X107.930 Y98.905 E138.2348 F300
G1 X107.649 Y99.538 E138.3040 F300
G1 X107.365 Y100.176 E138.3739 F300
G1 X107.079 Y100.820 E138.4443 F300
G1 X106.791 Y101.466 E138.5151 F300
G1 X106.502 Y102.115 E138.5862 F300
G1 X106.212 Y102.766 E138.6574 F300
G1 X105.923 Y103.416 E138.7286 F300
G1 X105.634 Y104.065 E138.7996 F300
G1 X105.346 Y104.712 E138.8704 F300
G1 X105.059 Y105.355 E138.9408 F300
G1 X104.774 Y105.994 E139.0107 F300
G1 X104.492 Y106.626 E139.0800 F300
G1 X104.213 Y107.251 E139.1484 F300
G1 X103.936 Y107.868 E139.2160 F300
G1 X103.664 Y108.475 E139.2826 F300
G1 X103.395 Y109.071 E139.3480 F300
G1 X103.130 Y109.656 E139.4122 F300
G1 X102.869 Y110.227 E139.4750 F300
G1 X102.613 Y110.784 E139.5363 F300
G1 X102.362 Y111.326 E139.5960 F300
G1 X102.116 Y111.852 E139.6541 F300
G1 X101.875 Y112.360 E139.7103 F300
G1 X101.639 Y112.850 E139.7647 F300
G1 X101.409 Y113.320 E139.8170 F300
G1 X101.184 Y113.770 E139.8673 F300
G1 X100.965 Y114.199 E139.9155 F300
G1 X100.751 Y114.605 E139.9614 F300
G1 X100.542 Y114.989 E140.0051 F300
G1 X100.340 Y115.348 E140.0464 F300
G1 X100.142 Y115.684 E140.0853 F300
G1 X99.950 Y115.994 E140.1217 F300
G1 X99.764 Y116.277 E140.1557 F300
G1 X99.582 Y116.535 E140.1872 F300
G1 X99.405 Y116.765 E140.2162 F300
G1 X99.234 Y116.968 E140.2428 F300
G1 X99.067 Y117.143 E140.2669 F300
G1 X98.904 Y117.289 E140.2888 F300
G1 X98.746 Y117.406 E140.3085 F300
G1 X98.592 Y117.495 E140.3263 F300
G1 X98.442 Y117.554 E140.3424 F300
G1 X98.295 Y117.583 E140.3574 F300
G1 X98.152 Y117.583 E140.3717 F300
G1 X98.012 Y117.553 E140.3860 F300
G1 X97.875 Y117.494 E140.4010 F300
G1 X97.740 Y117.405 E140.4171 F300
G1 X97.608 Y117.287 E140.4349 F300
G1 X97.477 Y117.139 E140.4546 F300
G1 X97.349 Y116.962 E140.4764 F300
G1 X97.222 Y116.756 E140.5006 F300
G1 X97.096 Y116.522 E140.5272 F300
G1 X96.971 Y116.260 E140.5562 F300
G1 X96.847 Y115.971 E140.5877 F300
G1 X96.723 Y115.654 E140.6217 F300
G1 X96.600 Y115.311 E140.6581 F300
G1 X96.477 Y114.942 E140.6970 F300
G1 X96.353 Y114.548 E140.7383 F300
G1 X96.229 Y114.130 E140.7820 F300
G1 X96.104 Y113.688 E140.8279 F300
G1 X95.979 Y113.223 E140.8760 F300
G1 X95.853 Y112.736 E140.9263 F300
G1 X95.725 Y112.228 E140.9787 F300
G1 X95.596 Y111.700 E141.0331 F300
G1 X95.466 Y111.153 E141.0893 F300
G1 X95.335 Y110.588 E141.1473 F300
G1 X95.202 Y110.005 E141.2071 F300
G1 X95.067 Y109.407 E141.2684 F300
G1 X94.931 Y108.794 E141.3312 F300
G1 X94.794 Y108.167 E141.3954 F300
G1 X94.654 Y107.528 E141.4608 F300
G1 X94.514 Y106.877 E141.5274 F300
G1 X94.372 Y106.217 E141.5949 F300
G1 X94.228 Y105.547 E141.6634 F300
G1 X94.084 Y104.870 E141.7327 F300
G1 X93.938 Y104.186 E141.8025 F300
G1 X93.792 Y103.498 E141.8730 F300
G1 X93.644 Y102.805 E141.9438 F300
G1 X93.497 Y102.110 E142.0148 F300
G1 X93.349 Y101.414 E142.0860 F300
G1 X93.201 Y100.717 E142.1572 F300
G1 X93.053 Y100.022 E142.2282 F300
G1 X92.906 Y99.330 E142.2990 F300
G1 X92.760 Y98.641 E142.3695 F300
G1 X92.615 Y97.957 E142.4393 F300
G1 X92.471 Y97.280 E142.5086 F300
G1 X92.330 Y96.610 E142.5771 F300
G1 X92.191 Y95.949 E142.6446 F300
G1 X92.055 Y95.297 E142.7112 F300
G1 X91.922 Y94.656 E142.7766 F300
G1 X91.793 Y94.028 E142.8408 F300
G1 X91.668 Y93.412 E142.9036 F300
G1 X91.547 Y92.811 E142.9649 F300
G1 X91.432 Y92.225 E143.0247 F300
G1 X91.322 Y91.655 E143.0827 F300
G1 X91.218 Y91.102 E143.1389 F300
G1 X91.121 Y90.568 E143.1933 F300
G1 X91.031 Y90.052 E143.2457 F300
G1 X90.948 Y89.556 E143.2960 F300
G1 X90.874 Y89.080 E143.3441 F300
G1 X90.808 Y88.625 E143.3900 F300
G1 X90.751 Y88.193 E143.4337 F300
G1 X90.704 Y87.782 E143.4750 F300
G1 X90.666 Y87.395 E143.5139 F300
G1 X90.639 Y87.032 E143.5503 F300
G1 X90.624 Y86.692 E143.5843 F300
G1 X90.619 Y86.377 E143.6158 F300
G1 X90.627 Y86.087 E143.6448 F300
G1 X90.646 Y85.822 E143.6714 F300
G1 X90.679 Y85.583 E143.6956 F300
G1 X90.724 Y85.369 E143.7174 F300
G1 X90.783 Y85.181 E143.7371 F300
G1 X90.856 Y85.019 E143.7549 F300
G1 X90.943 Y84.883 E143.7710 F300
G1 X91.044 Y84.773 E143.7860 F300
G1 X91.160 Y84.689 E143.8003 F300
G1 X91.291 Y84.630 E143.8146 F300
G1 X91.437 Y84.598 E143.8296 F300
G1 X91.598 Y84.591 E143.8457 F300
G1 X91.775 Y84.609 E143.8635 F300
G1 X91.967 Y84.652 E143.8832 F300
G1 X92.175 Y84.719 E143.9051 F300
G1 X92.399 Y84.811 E143.9292 F300
G1 X92.638 Y84.926 E143.9558 F300
G1 X92.893 Y85.065 E143.9848 F300
G1 X93.163 Y85.226 E144.0163 F300
G1 X93.449 Y85.409 E144.0503 F300
G1 X93.751 Y85.614 E144.0867 F300
G1 X94.068 Y85.840 E144.1256 F300
G1 X94.399 Y86.086 E144.1669 F300
G1 X94.745 Y86.352 E144.2106 F300
G1 X95.106 Y86.636 E144.2565 F300
G1 X95.481 Y86.939 E144.3047 F300
G1 X95.869 Y87.258 E144.3550 F300
G1 X96.271 Y87.594 E144.4073 F300
G1 X96.685 Y87.946 E144.4617 F300
G1 X97.112 Y88.312 E144.5179 F300
G1 X97.551 Y88.692 E144.5760 F300
G1 X98.001 Y89.085 E144.6357 F300
G1 X98.461 Y89.490 E144.6970 F300
G1 X98.932 Y89.906 E144.7598 F300
G1 X99.411 Y90.332 E144.8240 F300
G1 X99.900 Y90.768 E144.8894 F300
G1 X100.396 Y91.211 E144.9560 F300
G1 X100.899 Y91.662 E145.0236 F300
G1 X101.409 Y92.120 E145.0920 F300
G1 X101.924 Y92.583 E145.1613 F300
G1 X102.443 Y93.050 E145.2312 F300
G1 X102.967 Y93.521 E145.3016 F300
G1 X103.493 Y93.995 E145.3724 F300
G1 X104.021 Y94.470 E145.4434 F300
G1 X104.550 Y94.947 E145.5146 F300
G1 X105.079 Y95.423 E145.5858 F300
G1 X105.607 Y95.898 E145.6569 F300
G1 X106.133 Y96.372 E145.7277 F300
G1 X106.656 Y96.843 E145.7981 F300
G1 X107.176 Y97.311 E145.8680 F300
G1 X107.690 Y97.775 E145.9372 F300
G1 X108.198 Y98.234 E146.0057 F300
G1 X108.699 Y98.688 E146.0733 F300
G1 X109.192 Y99.135 E146.1398 F300
G1 X109.676 Y99.575 E146.2053 F300
G1 X110.150 Y100.007 E146.2694 F300
G1 X110.613 Y100.432 E146.3322 F300
G1 X111.064 Y100.847 E146.3935 F300
G1 X111.502 Y101.254 E146.4533 F300
G1 X111.926 Y101.650 E146.5113 F300
G1 X112.334 Y102.036 E146.5676 F300
G1 X112.727 Y102.412 E146.6219 F300
G1 X113.104 Y102.776 E146.6743 F300
G1 X113.462 Y103.129 E146.7246 F300
G1 X113.802 Y103.470 E146.7727 F300
G1 X114.122 Y103.799 E146.8187 F300
G1 X114.423 Y104.116 E146.8623 F300
G1 X114.702 Y104.420 E146.9036 F300
G1 X114.960 Y104.711 E146.9425 F300
G1 X115.195 Y104.990 E146.9789 F300
G1 X115.408 Y105.255 E147.0129 F300
G1 X115.596 Y105.507 E147.0444 F300
G1 X115.761 Y105.746 E147.0735 F300
G1 X115.901 Y105.972 E147.1000 F300
G1 X116.015 Y106.185 E147.1242 F300
G1 X116.104 Y106.385 E147.1460 F300
G1 X116.167 Y106.571 E147.1657 F300
G1 X116.203 Y106.745 E147.1835 F300
G1 X116.213 Y106.906 E147.1996 F300
G1 X116.196 Y107.055 E147.2146 F300
G1 X116.151 Y107.191 E147.2289 F300
G1 E145.7289 F1200   ; Retract

; *** MATERIAL SWITCH → C ***
; >>> PAUSE: Load syringe C — Cream Cheese + ube extract (purple) <<<
M0               ; Pause for syringe swap

; --- inner ring (scale 40%, Material C) ---
G1 Z8.00 F600   ; Z-hop
G1 X109.501 Y104.230 F1200   ; Travel to inner start
G1 Z7.00 F300   ; Lower to layer height
G1 E147.2289 F1200   ; Prime
G1 X109.459 Y104.303 E147.2374 F300
G1 X109.401 Y104.369 E147.2462 F300
G1 X109.326 Y104.428 E147.2556 F300
G1 X109.236 Y104.481 E147.2661 F300
G1 X109.130 Y104.527 E147.2777 F300
G1 X109.007 Y104.567 E147.2905 F300
G1 X108.869 Y104.600 E147.3048 F300
G1 X108.716 Y104.628 E147.3204 F300
G1 X108.546 Y104.650 E147.3375 F300
G1 X108.362 Y104.667 E147.3560 F300
G1 X108.162 Y104.679 E147.3760 F300
G1 X107.948 Y104.685 E147.3974 F300
G1 X107.719 Y104.687 E147.4203 F300
G1 X107.476 Y104.685 E147.4446 F300
G1 X107.220 Y104.678 E147.4703 F300
G1 X106.950 Y104.668 E147.4973 F300
G1 X106.667 Y104.653 E147.5256 F300
G1 X106.371 Y104.635 E147.5552 F300
G1 X106.064 Y104.614 E147.5860 F300
G1 X105.745 Y104.590 E147.6180 F300
G1 X105.415 Y104.564 E147.6511 F300
G1 X105.075 Y104.535 E147.6852 F300
G1 X104.725 Y104.503 E147.7203 F300
G1 X104.366 Y104.470 E147.7564 F300
G1 X103.998 Y104.434 E147.7933 F300
G1 X103.623 Y104.397 E147.8311 F300
G1 X103.240 Y104.359 E147.8696 F300
G1 X102.850 Y104.319 E147.9087 F300
G1 X102.455 Y104.279 E147.9485 F300
G1 X102.054 Y104.237 E147.9888 F300
G1 X101.649 Y104.195 E148.0295 F300
G1 X101.240 Y104.152 E148.0706 F300
G1 X100.828 Y104.109 E148.1120 F300
G1 X100.414 Y104.066 E148.1537 F300
G1 X99.998 Y104.022 E148.1955 F300
G1 X99.582 Y103.978 E148.2373 F300
G1 X99.165 Y103.934 E148.2792 F300
G1 X98.750 Y103.891 E148.3210 F300
G1 X98.336 Y103.847 E148.3627 F300
G1 X97.924 Y103.804 E148.4041 F300
G1 X97.515 Y103.760 E148.4452 F300
G1 X97.110 Y103.718 E148.4859 F300
G1 X96.709 Y103.675 E148.5262 F300
G1 X96.314 Y103.632 E148.5660 F300
G1 X95.925 Y103.590 E148.6051 F300
G1 X95.542 Y103.548 E148.6436 F300
G1 X95.167 Y103.506 E148.6813 F300
G1 X94.800 Y103.464 E148.7183 F300
G1 X94.442 Y103.422 E148.7544 F300
G1 X94.093 Y103.380 E148.7895 F300
G1 X93.754 Y103.338 E148.8236 F300
G1 X93.426 Y103.296 E148.8567 F300
G1 X93.109 Y103.253 E148.8887 F300
G1 X92.804 Y103.209 E148.9195 F300
G1 X92.512 Y103.165 E148.9491 F300
G1 X92.232 Y103.121 E148.9774 F300
G1 X91.966 Y103.075 E149.0044 F300
G1 X91.713 Y103.028 E149.0301 F300
G1 X91.475 Y102.980 E149.0544 F300
G1 X91.252 Y102.930 E149.0773 F300
G1 X91.043 Y102.879 E149.0987 F300
G1 X90.851 Y102.827 E149.1187 F300
G1 X90.674 Y102.772 E149.1372 F300
G1 X90.513 Y102.715 E149.1543 F300
G1 X90.368 Y102.656 E149.1699 F300
G1 X90.240 Y102.594 E149.1841 F300
G1 X90.129 Y102.530 E149.1970 F300
G1 X90.034 Y102.463 E149.2086 F300
G1 X89.957 Y102.392 E149.2190 F300
G1 X89.896 Y102.319 E149.2285 F300
G1 X89.853 Y102.242 E149.2373 F300
G1 X89.827 Y102.162 E149.2458 F300
G1 X89.818 Y102.078 E149.2542 F300
G1 X89.827 Y101.991 E149.2630 F300
G1 X89.852 Y101.899 E149.2725 F300
G1 X89.894 Y101.804 E149.2829 F300
G1 X89.953 Y101.704 E149.2945 F300
G1 X90.029 Y101.600 E149.3074 F300
G1 X90.121 Y101.492 E149.3216 F300
G1 X90.229 Y101.379 E149.3372 F300
G1 X90.353 Y101.261 E149.3543 F300
G1 X90.492 Y101.139 E149.3728 F300
G1 X90.647 Y101.012 E149.3928 F300
G1 X90.816 Y100.881 E149.4143 F300
G1 X91.000 Y100.745 E149.4371 F300
G1 X91.198 Y100.604 E149.4614 F300
G1 X91.410 Y100.459 E149.4871 F300
G1 X91.634 Y100.309 E149.5141 F300
G1 X91.872 Y100.154 E149.5424 F300
G1 X92.121 Y99.995 E149.5720 F300
G1 X92.382 Y99.831 E149.6028 F300
G1 X92.654 Y99.663 E149.6348 F300
G1 X92.936 Y99.491 E149.6679 F300
G1 X93.229 Y99.315 E149.7020 F300
G1 X93.530 Y99.134 E149.7372 F300
G1 X93.841 Y98.950 E149.7732 F300
G1 X94.159 Y98.763 E149.8102 F300
G1 X94.484 Y98.572 E149.8479 F300
G1 X94.817 Y98.378 E149.8864 F300
G1 X95.155 Y98.181 E149.9256 F300
G1 X95.499 Y97.981 E149.9653 F300
G1 X95.848 Y97.779 E150.0056 F300
G1 X96.200 Y97.575 E150.0463 F300
G1 X96.556 Y97.370 E150.0874 F300
G1 X96.915 Y97.163 E150.1289 F300
G1 X97.275 Y96.954 E150.1705 F300
G1 X97.637 Y96.745 E150.2123 F300
G1 X98.000 Y96.536 E150.2542 F300
G1 X98.363 Y96.327 E150.2961 F300
G1 X98.725 Y96.118 E150.3379 F300
G1 X99.085 Y95.909 E150.3795 F300
G1 X99.444 Y95.702 E150.4209 F300
G1 X99.800 Y95.497 E150.4620 F300
G1 X100.153 Y95.294 E150.5028 F300
G1 X100.502 Y95.093 E150.5430 F300
G1 X100.847 Y94.895 E150.5828 F300
G1 X101.187 Y94.700 E150.6219 F300
G1 X101.521 Y94.509 E150.6604 F300
G1 X101.849 Y94.323 E150.6982 F300
G1 X102.171 Y94.141 E150.7351 F300
G1 X102.485 Y93.964 E150.7712 F300
G1 X102.792 Y93.793 E150.8063 F300
G1 X103.091 Y93.628 E150.8405 F300
G1 X103.381 Y93.470 E150.8736 F300
G1 X103.663 Y93.318 E150.9055 F300
G1 X103.935 Y93.174 E150.9363 F300
G1 X104.198 Y93.038 E150.9659 F300
G1 X104.450 Y92.909 E150.9942 F300
G1 X104.693 Y92.790 E151.0213 F300
G1 X104.924 Y92.679 E151.0469 F300
G1 X105.145 Y92.578 E151.0712 F300
G1 X105.355 Y92.487 E151.0941 F300
G1 X105.554 Y92.406 E151.1155 F300
G1 X105.741 Y92.335 E151.1355 F300
G1 X105.916 Y92.276 E151.1541 F300
G1 X106.080 Y92.227 E151.1711 F300
G1 X106.231 Y92.190 E151.1868 F300
G1 X106.371 Y92.165 E151.2010 F300
G1 X106.499 Y92.151 E151.2138 F300
G1 X106.615 Y92.150 E151.2254 F300
G1 X106.719 Y92.161 E151.2359 F300
G1 X106.811 Y92.185 E151.2454 F300
G1 X106.891 Y92.222 E151.2542 F300
G1 X106.959 Y92.271 E151.2626 F300
G1 X107.015 Y92.334 E151.2710 F300
G1 X107.060 Y92.410 E151.2798 F300
G1 X107.093 Y92.499 E151.2893 F300
G1 X107.116 Y92.601 E151.2998 F300
G1 X107.126 Y92.716 E151.3114 F300
G1 X107.126 Y92.845 E151.3242 F300
G1 X107.116 Y92.986 E151.3384 F300
G1 X107.095 Y93.141 E151.3541 F300
G1 X107.064 Y93.309 E151.3711 F300
G1 X107.023 Y93.490 E151.3897 F300
G1 X106.972 Y93.683 E151.4096 F300
G1 X106.912 Y93.889 E151.4311 F300
G1 X106.843 Y94.107 E151.4540 F300
G1 X106.766 Y94.337 E151.4783 F300
G1 X106.680 Y94.579 E151.5039 F300
G1 X106.587 Y94.833 E151.5309 F300
G1 X106.486 Y95.098 E151.5593 F300
G1 X106.377 Y95.373 E151.5889 F300
G1 X106.262 Y95.659 E151.6197 F300
G1 X106.141 Y95.955 E151.6516 F300
G1 X106.014 Y96.260 E151.6847 F300
G1 X105.881 Y96.574 E151.7189 F300
G1 X105.743 Y96.898 E151.7540 F300
G1 X105.600 Y97.229 E151.7901 F300
G1 X105.453 Y97.568 E151.8270 F300
G1 X105.302 Y97.913 E151.8648 F300
G1 X105.147 Y98.266 E151.9032 F300
G1 X104.989 Y98.624 E151.9424 F300
G1 X104.828 Y98.988 E151.9822 F300
G1 X104.665 Y99.356 E152.0224 F300
G1 X104.499 Y99.728 E152.0632 F300
G1 X104.332 Y100.104 E152.1043 F300
G1 X104.164 Y100.482 E152.1457 F300
G1 X103.995 Y100.863 E152.1873 F300
G1 X103.825 Y101.244 E152.2291 F300
G1 X103.654 Y101.627 E152.2710 F300
G1 X103.484 Y102.009 E152.3129 F300
G1 X103.314 Y102.391 E152.3547 F300
G1 X103.144 Y102.772 E152.3963 F300
G1 X102.976 Y103.150 E152.4378 F300
G1 X102.808 Y103.526 E152.4789 F300
G1 X102.642 Y103.898 E152.5196 F300
G1 X102.478 Y104.265 E152.5599 F300
G1 X102.316 Y104.628 E152.5996 F300
G1 X102.155 Y104.985 E152.6388 F300
G1 X101.997 Y105.336 E152.6773 F300
G1 X101.841 Y105.680 E152.7150 F300
G1 X101.688 Y106.016 E152.7520 F300
G1 X101.537 Y106.344 E152.7880 F300
G1 X101.389 Y106.663 E152.8232 F300
G1 X101.245 Y106.972 E152.8573 F300
G1 X101.103 Y107.271 E152.8904 F300
G1 X100.964 Y107.559 E152.9224 F300
G1 X100.829 Y107.835 E152.9532 F300
G1 X100.696 Y108.100 E152.9828 F300
G1 X100.567 Y108.352 E153.0111 F300
G1 X100.442 Y108.591 E153.0381 F300
G1 X100.319 Y108.817 E153.0638 F300
G1 X100.200 Y109.029 E153.0881 F300
G1 X100.084 Y109.226 E153.1109 F300
G1 X99.971 Y109.408 E153.1324 F300
G1 X99.861 Y109.575 E153.1524 F300
G1 X99.754 Y109.726 E153.1709 F300
G1 X99.650 Y109.862 E153.1880 F300
G1 X99.549 Y109.981 E153.2036 F300
G1 X99.451 Y110.084 E153.2178 F300
G1 X99.355 Y110.170 E153.2307 F300
G1 X99.262 Y110.239 E153.2423 F300
G1 X99.172 Y110.291 E153.2527 F300
G1 X99.083 Y110.326 E153.2622 F300
G1 X98.997 Y110.343 E153.2710 F300
G1 X98.913 Y110.343 E153.2794 F300
G1 X98.830 Y110.326 E153.2879 F300
G1 X98.750 Y110.291 E153.2967 F300
G1 X98.671 Y110.238 E153.3062 F300
G1 X98.593 Y110.169 E153.3166 F300
G1 X98.516 Y110.082 E153.3282 F300
G1 X98.440 Y109.978 E153.3410 F300
G1 X98.366 Y109.857 E153.3553 F300
G1 X98.292 Y109.719 E153.3709 F300
G1 X98.218 Y109.565 E153.3880 F300
G1 X98.145 Y109.395 E153.4065 F300
G1 X98.073 Y109.208 E153.4265 F300
G1 X98.000 Y109.007 E153.4479 F300
G1 X97.927 Y108.790 E153.4708 F300
G1 X97.855 Y108.558 E153.4951 F300
G1 X97.782 Y108.312 E153.5208 F300
G1 X97.708 Y108.052 E153.5478 F300
G1 X97.635 Y107.778 E153.5761 F300
G1 X97.560 Y107.492 E153.6057 F300
G1 X97.485 Y107.193 E153.6365 F300
G1 X97.410 Y106.882 E153.6685 F300
G1 X97.333 Y106.561 E153.7016 F300
G1 X97.256 Y106.228 E153.7357 F300
G1 X97.178 Y105.886 E153.7708 F300
G1 X97.098 Y105.534 E153.8069 F300
G1 X97.018 Y105.173 E153.8438 F300
G1 X96.937 Y104.804 E153.8816 F300
G1 X96.856 Y104.428 E153.9201 F300
G1 X96.773 Y104.046 E153.9592 F300
G1 X96.689 Y103.657 E153.9990 F300
G1 X96.605 Y103.263 E154.0393 F300
G1 X96.520 Y102.865 E154.0800 F300
G1 X96.434 Y102.463 E154.1211 F300
G1 X96.348 Y102.057 E154.1625 F300
G1 X96.261 Y101.650 E154.2042 F300
G1 X96.174 Y101.241 E154.2460 F300
G1 X96.087 Y100.832 E154.2878 F300
G1 X96.000 Y100.422 E154.3297 F300
G1 X95.913 Y100.013 E154.3715 F300
G1 X95.827 Y99.606 E154.4132 F300
G1 X95.741 Y99.201 E154.4546 F300
G1 X95.656 Y98.799 E154.4957 F300
G1 X95.571 Y98.400 E154.5364 F300
G1 X95.488 Y98.006 E154.5767 F300
G1 X95.406 Y97.617 E154.6165 F300
G1 X95.326 Y97.234 E154.6556 F300
G1 X95.248 Y96.857 E154.6941 F300
G1 X95.172 Y96.487 E154.7319 F300
G1 X95.099 Y96.125 E154.7688 F300
G1 X95.028 Y95.771 E154.8049 F300
G1 X94.960 Y95.427 E154.8400 F300
G1 X94.895 Y95.091 E154.8741 F300
G1 X94.834 Y94.766 E154.9072 F300
G1 X94.777 Y94.452 E154.9392 F300
G1 X94.724 Y94.148 E154.9700 F300
G1 X94.675 Y93.856 E154.9996 F300
G1 X94.632 Y93.576 E155.0279 F300
G1 X94.593 Y93.309 E155.0549 F300
G1 X94.559 Y93.055 E155.0806 F300
G1 X94.532 Y92.813 E155.1049 F300
G1 X94.510 Y92.585 E155.1278 F300
G1 X94.494 Y92.372 E155.1492 F300
G1 X94.484 Y92.172 E155.1692 F300
G1 X94.482 Y91.987 E155.1877 F300
G1 X94.486 Y91.816 E155.2048 F300
G1 X94.498 Y91.660 E155.2204 F300
G1 X94.517 Y91.519 E155.2347 F300
G1 X94.544 Y91.394 E155.2475 F300
G1 X94.578 Y91.283 E155.2591 F300
G1 X94.621 Y91.188 E155.2695 F300
G1 X94.672 Y91.108 E155.2790 F300
G1 X94.732 Y91.043 E155.2878 F300
G1 X94.800 Y90.993 E155.2963 F300
G1 X94.877 Y90.959 E155.3047 F300
G1 X94.963 Y90.940 E155.3135 F300
G1 X95.058 Y90.936 E155.3230 F300
G1 X95.162 Y90.946 E155.3334 F300
G1 X95.275 Y90.971 E155.3450 F300
G1 X95.397 Y91.011 E155.3579 F300
G1 X95.529 Y91.065 E155.3721 F300
G1 X95.669 Y91.133 E155.3877 F300
G1 X95.819 Y91.214 E155.4048 F300
G1 X95.978 Y91.309 E155.4233 F300
G1 X96.147 Y91.417 E155.4433 F300
G1 X96.324 Y91.538 E155.4648 F300
G1 X96.510 Y91.671 E155.4876 F300
G1 X96.705 Y91.816 E155.5119 F300
G1 X96.909 Y91.972 E155.5376 F300
G1 X97.121 Y92.139 E155.5646 F300
G1 X97.342 Y92.317 E155.5929 F300
G1 X97.570 Y92.505 E155.6225 F300
G1 X97.806 Y92.703 E155.6533 F300
G1 X98.050 Y92.909 E155.6853 F300
G1 X98.301 Y93.125 E155.7184 F300
G1 X98.559 Y93.348 E155.7525 F300
G1 X98.824 Y93.580 E155.7877 F300
G1 X99.095 Y93.818 E155.8237 F300
G1 X99.372 Y94.062 E155.8607 F300
G1 X99.654 Y94.313 E155.8984 F300
G1 X99.941 Y94.569 E155.9369 F300
G1 X100.233 Y94.830 E155.9761 F300
G1 X100.529 Y95.096 E156.0158 F300
G1 X100.829 Y95.365 E156.0561 F300
G1 X101.132 Y95.637 E156.0968 F300
G1 X101.437 Y95.912 E156.1379 F300
G1 X101.745 Y96.189 E156.1794 F300
G1 X102.055 Y96.468 E156.2210 F300
G1 X102.365 Y96.747 E156.2628 F300
G1 X102.677 Y97.027 E156.3047 F300
G1 X102.988 Y97.308 E156.3466 F300
G1 X103.298 Y97.587 E156.3884 F300
G1 X103.608 Y97.866 E156.4300 F300
G1 X103.916 Y98.143 E156.4714 F300
G1 X104.221 Y98.418 E156.5125 F300
G1 X104.523 Y98.691 E156.5533 F300
G1 X104.822 Y98.961 E156.5935 F300
G1 X105.117 Y99.228 E156.6333 F300
G1 X105.407 Y99.491 E156.6725 F300
G1 X105.692 Y99.750 E156.7109 F300
G1 X105.971 Y100.004 E156.7487 F300
G1 X106.243 Y100.254 E156.7856 F300
G1 X106.508 Y100.498 E156.8217 F300
G1 X106.766 Y100.737 E156.8568 F300
G1 X107.015 Y100.971 E156.8910 F300
G1 X107.256 Y101.198 E156.9241 F300
G1 X107.487 Y101.419 E156.9560 F300
G1 X107.708 Y101.633 E156.9868 F300
G1 X107.919 Y101.841 E157.0164 F300
G1 X108.119 Y102.041 E157.0447 F300
G1 X108.307 Y102.235 E157.0718 F300
G1 X108.484 Y102.421 E157.0974 F300
G1 X108.648 Y102.600 E157.1217 F300
G1 X108.800 Y102.771 E157.1446 F300
G1 X108.938 Y102.935 E157.1661 F300
G1 X109.063 Y103.091 E157.1860 F300
G1 X109.174 Y103.239 E157.2046 F300
G1 X109.271 Y103.380 E157.2216 F300
G1 X109.353 Y103.513 E157.2373 F300
G1 X109.421 Y103.638 E157.2515 F300
G1 X109.473 Y103.756 E157.2643 F300
G1 X109.510 Y103.866 E157.2759 F300
G1 X109.531 Y103.968 E157.2864 F300
G1 X109.537 Y104.063 E157.2959 F300
G1 X109.527 Y104.150 E157.3047 F300
G1 X109.501 Y104.230 E157.3131 F300
G1 E155.8131 F1200   ; Retract

; === FINISH ===
G1 Z27.0 F600      ; Raise nozzle clear
G1 X0 Y0 F1200   ; Move to home
M84              ; Disable motors

; === END ===
